age_of_child,child_gender,reporter_role,sentiment_score,text_length,risk_word_count,hours_per_day_on_social_media,device_type,complaint_text,                                    risk_ratio,labeled_risk
18,Female,Father,0,41,4,6,laptop,"As a parent, I have observed that he got into arguments and panic attacks when we tried to limit phone time; online use close to 6 hours per day. the child hides their screen time. which is impacting behavior and routine.",0.095238095,High
11,Male,Mother,-0.021212121,38,4,8,laptop,"I am worried that the child has become secretive, has new friends only online, and avoids family time using devices about 7-8 hours per day. this behavior started a few months ago. which is impacting behavior and routine.",0.102564103,High
17,Female,Mother,-0.008333333,24,1,5,tablet,"Recently, as a parent, i have observed my 17-year-old daughter online until 3 or 4 am; their grades dropped significantly. and it seems unhealthy.",0.04,Medium
15,Female,Guardian,-0.203333333,37,3,9,tablet,"Over the past few months, she lies about her screen time and sneaks out to use social apps every evening; i'd estimate 9 hours per day. this behavior started a few months ago. and it seems unhealthy.",0.078947368,High
13,Male,Mother,0.0625,32,3,9,smartphone,It has become clear that my counselor reports that their 13-year-old son spends about 9 hours per day on social media and has stopped doing homework. which is becoming a serious concern.,0.090909091,High
12,Male,Mother,0.011111111,29,1,2,laptop,"Lately I have noticed that uses social apps to chat with classmates, but rarely misses sleep. i'd say around 2 hours per day. and I feel intervention is needed.",0.033333333,Low
18,Female,Mother,-0.183333333,31,1,4,smartphone,I have observed that uses social media to coordinate group study sessions and is polite online; estimated 4 hours per day. i am worried the long-term effects. and it seems unhealthy.,0.03125,Medium
16,Male,Mother,-0.022222222,38,3,7,smartphone,I am worried that my 16-year-old skips school or is frequently absent because of meeting people from social media. usage around 7 hours per day. this behavior started a few months ago. and I feel intervention is needed.,0.076923077,High
13,Female,Guardian,0.033333333,27,1,3,laptop,I am worried that  13-year-old son spends about 3 hours per day on social media and has stopped doing homework. and this worries me as a parent.,0.035714286,Medium
13,Female,Mother,0.044444444,39,0,5,smartphone,"As a parent, I have observed that rarely eats or sleeps because of continuous social apps and gaming; i think it's about 5 hours per day. this behavior started a few months ago. which is impacting behavior and routine.",0,Low
18,Female,Father,0,41,3,9,tablet,I am worried that he got into arguments and panic attacks when we tried to limit phone time; online use close to 9 hours per day. we have tried setting limits but it doesn't help. and it is affecting daily life.,0.071428571,High
15,Female,Mother,-0.166666667,30,1,2,tablet,"Past few months, chats with relatives and uses social media responsibly; average daily use around 2 hours per day. this behavior started a few months ago. and it seems unhealthy.",0.032258065,Low
18,Female,Guardian,-0.123333333,45,1,4,smartphone,"Over the past few months, we as a family noticed that my parent reports that their 18-year-old daughter spends about 4 hours per day on social media and has stopped doing homework. this behavior started a few months ago. and it is affecting daily life.",0.02173913,Medium
18,Female,Mother,-0.045833333,39,2,5,smartphone,I am concerned because stays up late night and messaging strangers ; daily screen time around 5 hours per day. they pretend not to be online but we found them streaming at night. which is becoming a serious concern.,0.05,Medium
15,Male,Mother,-0.088888889,23,0,7,smartphone,"The child under my care spends nearly 7 hours per day on social media. Sleep is disrupted, and attention to schoolwork has decreased.",0,High
15,Male,Mother,0.016666667,22,2,6,laptop,My son's daily social media usage is around 6 hours per day. He shows anxiety and mood swings when devices are removed,0.086956522,High
17,Female,Guardian,0.166666667,25,0,2,smartphone,I am worried that uses apps mainly for tutorials and study material; about 2 hours per dayeach day. i am worried about the short-term effects.,0,Low
13,Male,Mother,-0.2,43,4,9,tablet,"As a parent, I have observed that started spending money on in-app purchases and ignoring household limits approximately 9 hours per dayof daily use. they pretend not to be online but we found them streaming at night. which is impacting behavior and routine.",0.090909091,High
12,Female,Mother,0.066666667,33,1,4,tablet,"As a mother, I have observed that my 12-year-old daughter refuses to leave her room and has lost weight, spending nearly 4 hours per dayon social platforms. which is impacting behavior and routine.",0.029411765,Medium
17,Female,Guardian,-0.016666667,37,0,5,smartphone,I am concerned because they cancel family activities to be online and avoid offline friends; daily social media time roughly 5 hours per day. i am worried about the long-term effects. and it is affecting daily life.,0,Medium
15,Male,Mother,0.016666667,22,1,5,tablet,My 15-year-old uses social media about 5 hours per day(s) after school and seems to manage studies fine. and it seems unhealthy.,0.043478261,Medium
13,Female,Mother,-0.064285714,40,1,6,smartphone,"Over the past few months, chats with relatives and uses social media responsibly; average daily use around 6 hours per day. they pretend not to be online but we found them streaming at night. which is becoming a serious concern.",0.024390244,High
18,Female,Mother,0.033333333,27,1,4,smartphone,"I am worried that follows hobby pages and maintains a balanced routine, using social media about 4 hours per dayeach day. and I feel intervention is needed.",0.035714286,Medium
14,Male,Guardian,-0.078409091,39,5,8,laptop,"Over the past few months, the child has become secretive, has new friends only online, and avoids family time using devices about 8 hours per day. i am worried about the long-term effects. and I feel intervention is needed.",0.125,High
16,Female,Guardian,-0.375,37,2,5,tablet,"As a parent, I have observed that he becomes very angry and cries for hours when we take the phone away; he's spending roughly 5 hours per day on apps. and this worries me as a parent.",0.052631579,Medium
13,Female,Father,0.158333333,26,0,2,smartphone,"My daughter, daily social media usage is around 2 hours per day, mostly in the early evening. Her sleep schedule and study habits are well maintained",0,Low
18,Female,Mother,-0.3,31,4,3,smartphone,"Lately I have noticed that my child hides their phone, deletes messages, and withdraws; screen time seems to be around 6-3 hours per dayevery day. and I feel intervention is needed.",0.125,Medium
16,Male,Father,-0.0125,27,2,8,smartphone,"I have noticed that as a counselor, i have observed my 16-year-old son online until 3 or 4 am; their grades dropped significantly. and it seems unhealthy.",0.071428571,High
15,Female,Mother,-1,48,9,12,laptop,"It has become clear that as a parent, i have observed my 15-year-old son online until 3 or 4 am; their grades dropped significantly. recently their teacher informed me about this. which is becoming a serious concern. Situation is escalating with isolation from family and responsibilities. ",0.1875,High
11,Female,Mother,-0.041666667,30,3,8,smartphone,It has become clear that my 11-year-old skips school or is frequently absent because of meeting people from social media. usage around 8 hours per day. and it seems unhealthy.,0.096774194,High
15,Male,Mother,0.154166667,28,1,8,laptop,I am worried that has a daily two-hour limit and respects it most of the time; uses around 8 hours per day. which is becoming a serious concern.,0.034482759,High
14,Female,Guardian,0.066666667,28,1,4,laptop,"It has become clear that follows hobby pages and maintains a balanced routine, using social media about 4 hours per dayeach day. and I feel intervention is needed.",0.034482759,Medium
10,Female,Guardian,-0.183333333,37,1,9,smartphone,"As a parent, I have observed that my 10-year-old uses social media about 9 hours per day(s) after school . they pretend not to be online but we found them streaming at night. and it seems unhealthy.",0.026315789,High
17,Female,Father,0.116666667,39,1,3,smartphone,It has become clear that we as a family noticed that my child hides their phone; screen time seems to be around 3 hours per dayevery day. this behavior started a few months ago. which is becoming a  concern.,0.025,Medium
15,Male,Guardian,1,43,2,2,tablet,It has become clear that chats with relatives and uses social media responsibly; average daily use around 2 hours per day. the child hides their screen time. which is becoming a serious concern. Child is now responding well to screen-time limits. ,0.046511628,Low
18,Female,Mother,-0.24,34,2,6,smartphone,"Over the past few months, he becomes very angry and cries for hours when we take the phone away; he's spending roughly 5-6 hours per day on apps. and it is affecting daily life.",0.057142857,High
12,Male,Mother,-0.066666667,27,0,1,smartphone,"My son uses social media for approximately 1 hours per day, mainly to stay in touch with relatives. He shows no frustration when devices are taken away.",0,Low
14,Female,Father,0.033333333,25,1,1,laptop,"As a parent, I have observed that mood swings happen but they are not tied to social media; screen time about 1 hours per day. ",0.038461538,Low
12,Male,Guardian,0.190476191,23,0,1,tablet,"My son???????s social media use is limited to 1 hours per day, mostly for school group discussions. His behavior remains calm and focused.",0,Low
16,Male,Father,0.05,40,1,4,smartphone,Lately I have noticed that we as a family noticed that my 16-year-old uses social media about 4 hours per day(s) after school and seems to manage studies fine. it has become a concern. and I feel intervention is needed.,0.024390244,Medium
15,Female,Mother,0.1,22,0,1,laptop,"The child spends about 1 hours per day on social platforms, mainly for leisure after completing schoolwork. Usage is balanced and controlled.",0,Low
13,Male,Guardian,-0.3,35,2,4,smartphone,"Over the past few months, he becomes very angry and cries for hours when we take the phone away; he's spending roughly 3-4 hours per day on apps. i am worried about the long-term effects. ",0.055555556,Medium
14,Male,Father,-0.175,29,1,2,smartphone,"Over the past few months, plays online with friends but stops for chores and family time; usually 2 hours per day. Manage studies and balanced daily routine as well",0.033333333,Low
12,Female,Guardian,0.129166667,21,0,2,laptop,It has become clear that watches short videos before bed but wakes up fine; daily use about 2 hours per day. ,0,Low
13,Male,Mother,0.033333333,31,1,2,smartphone,"As a parent, I have observed that mood swings happen but they are not tied to social media; screen time 2 hours per day. and this worries me as a parent.",0.03125,Low
18,Male,Mother,0.033333333,26,1,5,tablet,It has become clear that watches short videos on you tube before bed; daily use about 5 hours per day. and I feel intervention is needed.,0.037037037,Medium
14,Male,Guardian,-0.35,35,1,8,tablet,Lately I have noticed that takes the phone to school and uses it in classes; i estimate 8 hours per day including school hours. i am worried about the long-term effects. and it seems unhealthy.,0.027777778,High
16,Male,Guardian,-0.040909091,36,6,7,smartphone,"It has become clear that the child has become secretive, has new friends only online, and avoids family time using devices about 7 hours per day. the child hides their screen time. and it seems unhealthy.",0.162162162,High
18,Female,Mother,-0.15,40,4,7,smartphone,Lately I have noticed that he got into arguments and panic attacks when we tried to limit phone time; online use close to 7 hours per day. recently their teacher informed me about this. and I feel intervention is needed.,0.097560976,High
17,Male,Father,-1,51,8,11,smartphone,I am concerned because my parent reports that their 17-year-old son spends about 11 hours per day on social media and has stopped doing homework. this behavior started a few months ago. and this worries me as a parent. Situation is escalating with compulsive checking and loss of control. ,0.156862745,High
13,Male,Guardian,-0.091666667,38,2,5,laptop,"Lately I have noticed that my 13-year-old daughter refuses to leave her room and has lost weight, spending nearly 5 hours per dayon social platforms. this behavior started a few months ago. and I feel intervention is needed.",0.051282051,Medium
11,Female,Father,0.302777778,27,1,8,smartphone,My son spends more than 8 hours per day on social media and becomes aggressive when the phone is taken away. His school performance has dropped significantly,0.035714286,High
14,Male,Mother,0.411111111,25,0,2,tablet,My son uses social media close to 2 hours per day for play games or watching videos while maintaining good study habits and healthy sleep,0,Low
16,Female,Mother,0.077777778,18,1,8,tablet,she spends nearly 8 hours per day on social platforms and avoids family interaction. Homework is frequently incomplete.,0.052631579,High
16,Male,Guardian,-1,50,9,12,smartphone,"As a parent, I have observed that my counselor reports that their 16-year-old daughter spends about 12 hours per day on social media and has stopped doing homework. it has become a concern. which is impacting behavior and routine. Situation is escalating with isolation from family and responsibilities. ",0.18,High
15,Male,Father,-0.091666667,37,1,7,tablet,Lately I have noticed that they cancel family activities to be online and avoid offline friends; daily social media time roughly 7 hours per day. the child hides their screen time. which is impacting behavior and routine.,0.026315789,High
15,Female,Mother,-0.283333333,33,2,8,smartphone,I am worried that posts and takes part in dangerous online challenges and then got reprimanded at school; they use social media about 8 hours per day. and I feel intervention is needed.,0.058823529,High
14,Male,Father,0.080555556,30,0,4,smartphone,I am worried that chats with relatives and uses social media responsibly; average daily use around 4 hours per day. more frequently than before and it is affecting daily life.,0,Medium
17,Male,Guardian,-0.055555556,32,2,5,laptop,Lately I have noticed that my 17-year-old skips school or is frequently absent because of meeting people from social media. usage around 5 hours per day. which is impacting behavior and routine.,0.060606061,Medium
18,Female,Father,0.058333333,30,4,3,tablet,"I am concerned because my child hides their phone, deletes messages, and withdraws; screen time seems to be around 2-3 hours per dayevery day. which is becoming a serious concern.",0.129032258,Medium
15,Male,Guardian,1,41,0,3,smartphone,I am concerned because rarely eats or sleeps because of continuous social apps and gaming; daily use about 3 hours per day.more frequently than before and it is affecting daily life. Child is now showing better balance with guidance. ,0,Low
10,Female,Father,-0.143333333,29,0,4,smartphone,"Over the past few months, watches short videos before bed  wakes up lately. i think social media usage about 4 hours per day. which is impacting behavior and routine.",0,Medium
14,Male,Guardian,-0.116666667,30,1,6,smartphone,Lately I have noticed that checks social media during study period;keep bad attendance to school. overall social media usage is 6 hours per day. which is becoming a serious concern.,0.032258065,High
11,Female,Guardian,-0.133333333,26,0,4,laptop,"Lately I have noticed that play online games with friends, using social media about 4 hours per dayeach day. and this worries me as a parent.",0,Medium
10,Male,Guardian,0.0625,31,2,6,smartphone,It has become clear that using social apps to meet strangers and lying their age behavior started after being online for 6 hours per day/day. which is becoming a serious concern.,0.0625,High
17,Male,Guardian,0.177777778,17,0,1,laptop,I am worried that streams occasionally yet keeps good attendance; typically around 1 hours per dayof use.,0,Low
12,Male,Father,0.0625,27,2,4,laptop,"I am concerned because my 12-year-old daughter refuses to leave her room , spending nearly 4 hours per dayon social platforms. which is becoming a serious concern.",0.071428571,Medium
15,Female,Father,0.133333333,23,0,1,smartphone,I am worried that streams occasionally yet keeps good attendance; typically around 1 hours per dayof use. recently their teacher informed me this. ,0,Low
13,Male,Father,-0.375,33,2,8,smartphone,I am concerned because he becomes very angry and cries for hours when we take the phone away; he's spending roughly 8 hours per day on apps. which is impacting behavior and routine.,0.058823529,High
18,Male,Guardian,-0.142708333,34,2,5,tablet,"As a parent, I have observed that get little bit angry when taken his phone away; screen time about 5 hours per day. it has become a concern. which is becoming a serious concern.",0.057142857,Medium
10,Male,Guardian,0.016666667,27,0,3,smartphone,I am concerned because my 10-year-old uses social media 3 hours per day(s) after school .i am worried the long-term effects. and it is affecting daily life.,0,Medium
12,Male,Guardian,0.016666667,22,2,7,smartphone,My son???????s daily social media usage is around 7 hours per day. He shows anxiety and mood swings when devices are removed,0.086956522,High
13,Female,Guardian,0.011111111,30,1,7,laptop,Lately I have noticed that rarely eats or sleeps because of continuous social apps and gaming; i think it's about 7 hours per day. and I feel intervention is needed.,0.032258065,High
13,Male,Father,-0.225,37,4,9,tablet,"Over the past few months, we as a family noticed that my child hides their phone, deletes messages, and withdraws; screen time seems to be around 9 hours per dayevery day. and I feel intervention is needed.",0.105263158,High
13,Male,Guardian,-0.041666667,26,0,2,smartphone,I am worried that checks social media during short breaks but focuses on studies; overall 2 hours per day. this behavior started a few months ago. ,0,Low
18,Male,Father,-0.025,31,0,2,smartphone,It has become clear that she watches a few videos for entertainment but stops when we ask; daily use about 2 hours per day. recently their teacher informed me about this.,0,Low
10,Female,Father,0.144444444,30,1,6,smartphone,It has become clear that rarely eats or sleeps because of continuous social apps and gaming; i think it's about 6 hours per day. and I feel intervention is needed.,0.032258065,High
11,Male,Guardian,-0.036666667,27,0,2,laptop,It has become clear that sometimes stays up late but recovers the next day; average use about 2 hours per day. Not a serious cocern for now,0,Low
18,Male,Mother,-0.075,25,1,1,smartphone,"Lately I have noticed that active in sports and uses social media minimally, typically about 1 hours per day. which is becoming a serious concern.",0.038461538,Low
15,Female,Guardian,0.011111111,31,1,5,laptop,I am concerned because stays up all night messaging strangers using social media app; daily screen time around 5 hours per day. i am worried about it is affecting daily life.,0.03125,Medium
11,Male,Father,0.266666667,33,0,2,laptop,"My son uses social media for around 2 hours per day, mostly in the evening. he listens when reminded to stop and follows our rules. His  routine and sleep are still well managed.",0,Low
10,Male,Father,0.011111111,29,1,1,smartphone,"Lately I have noticed that uses social apps to chat with classmates, but rarely misses sleep. i'd say around 1 hours per day. and I feel intervention is needed.",0.033333333,Low
16,Female,Guardian,0.25,40,0,8,smartphone,"As a parent, I have observed that has a daily two-hour limit and respects it most of the time; uses around 8 hours per day. we have tried setting limits but it doesn't help. which is impacting behavior and routine.",0,High
15,Male,Guardian,0.033333333,22,1,2,tablet,I am concerned because mood swings happen but they are not tied to social media; screen time about 2 hours per day. ,0.043478261,Low
14,Male,Mother,-0.1375,21,0,1,smartphone,I am worried that open about screen time and follows rules set by parents; daily average approximately 1 hours per day. ,0,Low
16,Female,Father,-0.083333333,26,1,5,smartphone,"Over the past few months, borrowed money for subscriptions and cannot stop usage continues for 5 hours per dayevery day. which is becoming a serious concern.",0.037037037,Medium
16,Male,Guardian,-0.2,28,4,4,laptop,I am concerned because started spending money on in-app purchases and ignoring household limits  approximately 4 hours per dayof daily use. this behavior started a few months ago.,0.137931034,Medium
16,Male,Guardian,0,33,0,2,tablet,My son spends about 2 hours per day on social media after finishing his homework. He mainly watches short videos and chats with friends. We have not noticed any negative effects so far.,0,Low
15,Female,Father,-0.208333333,33,3,2,laptop,Lately I have noticed that he becomes very angry and cries for hours when we take the phone away; he's spending 2 hours per day on apps. which is becoming a serious concern.,0.088235294,Low
11,Male,Father,0.011111111,19,0,2,laptop,I am worried that checks social media during short breaks but focuses on studies; overall 2 hours per day. ,0,Low
16,Female,Mother,0.016666667,26,1,4,tablet,I am concerned because complains of boredom and uses social media to pass time; only around 4 hours per day. and I feel intervention is needed.,0.037037037,Medium
12,Female,Guardian,0.6,20,0,1,tablet,"My daughter spends about 1 hours per day, mostly interacting with friends. She maintains good study habits and sleep routine",0,Low
12,Female,Guardian,-0.045833333,32,1,2,smartphone,I am worried that mood swings happen but she is not tied to social media; screen time about 2 hours per day. Manage studies well.i didn't notice any concern other than that.,0.03030303,Low
17,Male,Guardian,-0.177777778,41,3,6,laptop,I am worried that he becomes very angry and cries for hours when we take the phone away; he's spending 6 hours per day on apps. we have tried setting limits but it doesn't help. which is becoming a serious concern.,0.071428571,High
18,Male,Father,-0.15,29,0,4,smartphone,I am concerned because sometimes stays up late but recovers the next day; average use about 4 hours per day. we have tried setting limits but it doesn't help.,0,Medium
17,Female,Father,0,29,2,6,smartphone,I am concerned because shows withdrawal and aggression when challenged screen time; spends 6 hours per dayonline. the child hides their screen time. which is impacting behavior and routine.,0.066666667,High
15,Male,Mother,0.159090909,24,0,1,laptop,My son spends around 1 hours per day browsing educational content. He prefers playing outside once screen time is over. His behavior remains positive.,0,Low
17,Male,Father,0.053333333,23,0,4,smartphone,"My son uses social media for roughly 4 hours per day, mostly in the evenings. Occasional late-night usage affects his morning routine slightly",0,Medium
14,Female,Mother,-0.122222222,34,1,5,tablet,"As a parent, I have observed that using social apps to meet strangers, behavior started after being online for 5 hours per day/day. recently their teacher informed me about this. and it seems unhealthy.",0.028571429,Medium
12,Female,Guardian,0,36,3,9,tablet,"I am concerned because we as a family noticed that my child hides their phone, deletes messages, and withdraws; screen time seems to be around 9 hours per dayevery day. and it is affecting daily life.",0.081081081,High
16,Male,Guardian,-0.016666667,38,0,4,smartphone,It has become clear that uses social media to coordinate group study sessions and is polite online; estimated 4 hours per day. Sometimes missed school homeworks.this behavior started a few months ago. and it is affecting daily life.,0,Medium
11,Male,Father,-0.056666667,24,0,4,smartphone,"My son's daily social media usage is about 4 hours per day, sometimes extending past study time. Sleep is slightly delayed on busy days.",0,Medium
10,Male,Mother,0.068181818,32,4,4,smartphone,"I am concerned because the child has become secretive, has new friends only online, and avoids family time  using devices about 4 hours per day. i am worried about the long-term effects.",0.121212121,Medium
13,Female,Mother,-0.25,36,1,3,laptop,I am worried that plays online with friends but stops for chores and family time; usually  3 hours per day. we have tried setting limits but it doesn't help. and this worries me as a parent.,0.027027027,Medium
15,Female,Guardian,-0.216666667,34,2,7,smartphone,It has become clear that he becomes very angry and cries for hours when we take the phone away; he's spending roughly  7 hours per day on apps. which is impacting behavior and routine.,0.057142857,High
17,Male,Guardian,0.017857143,42,0,5,tablet,"Over the past few months, my child has been playing online with friends for about 5 hours per day.  this extensive usage is significantly affecting his daily routine, sleep, and overall well-being. I am very concerned as a guardian of the child",0,Medium
15,Male,Guardian,-0.142727273,30,5,5,tablet,"Over the past few months, the child has become secretive, has new friends only online, and avoids family time  using devices about 5 hours per day. and it seems unhealthy.",0.161290323,Medium
13,Male,Mother,-0.079166667,37,2,5,laptop,"Over the past few months, we as a family noticed that my 13-year-old daughter refuses to leave her room and has lost weight, spending nearly 5 hours per dayon social platforms. and I feel intervention is needed.",0.052631579,Medium
10,Male,Mother,0.033333333,34,1,7,laptop,"As a parent, I have observed that my parent reports that their 10-year-old son spends about 7 hours per day on social media and has stopped doing homework. which is impacting behavior and routine.",0.028571429,High
14,Female,Mother,-0.158333333,32,1,3,tablet,I am concerned because open about screen time and follows rules set by parents; daily average approximately 3 hours per day. recently their teacher informed me about this. and it seems unhealthy.,0.03030303,Medium
13,Male,Mother,-0.1375,27,0,1,tablet,"As a parent, I have observed that open about screen time and follows rules set by parents;doing study home works. daily average approximately 1 hours per day. ",0,Low
16,Male,Guardian,-0.083333333,30,0,6,smartphone,"Over the past few months, they cancel family activities to be online and avoid offline friends; daily social media time 6 hours per day. and it is affecting daily life.",0,High
12,Female,Father,0.05,37,2,4,laptop,"I am concerned because my 12-year-old daughter refuses to leave her room , spending nearly 4 hours per dayon social platforms. ",0.052631579,Medium
12,Female,Guardian,-0.225,32,3,8,smartphone,"Over the past few months, my child hides their phone, deletes messages, and withdraws; screen time seems to be around 8 hours per dayevery day. and this worries me as a parent.",0.090909091,High
17,Female,Father,-0.063333333,33,0,5,smartphone,I am worried that chats with relatives and uses social media responsibly; average daily use around 5 hours per day. this behavior started a few months ago. and it is affecting daily life.,0,Medium
15,Female,Guardian,0.066666667,22,0,2,laptop,"The child uses social media for about 2 hours per day, mainly for relaxation. No behavioral or emotional issues have been observed",0,Low
18,Male,Mother,-0.063333333,32,2,8,smartphone,"Over the past few months, my 18-year-old skips school or is frequently absent because of meeting people from social media. usage around 8 hours per day. and it is affecting daily life.",0.060606061,High
15,Male,Mother,-0.0375,33,2,6,tablet,"Lately I have noticed that using social apps to meet strangers and lying about their age , behavior started after being online for 6 hours per day/day. which is becoming a serious concern.",0.058823529,High
17,Male,Guardian,0.066666667,32,2,3,tablet,I am worried that my 17-year-old skips school or is frequently absent because of meeting people from social media. usage around 3 hours per day. and this worries me as a parent.,0.060606061,Medium
10,Female,Father,0.225,21,0,2,smartphone,I am worried that my 10-year-old uses social media 2 hours per day(s) after school and seems to manage studies fine. ,0,Low
18,Male,Father,0.133333333,26,0,2,smartphone,It has become clear that uses apps mainly for tutorials and study material; about 2 hours per dayeach day. and this worries me as a parent.,0,Low
10,Female,Father,0.033333333,34,2,4,smartphone,"As a parent, I have observed that she lies her screen time and sneaks out to use social apps every evening; i'd estimate 4 hours per day. and this worries me as a parent.",0.057142857,Medium
17,Male,Guardian,-1,39,6,9,laptop,Lately I have noticed that started spending money on in-app purchases and ignoring household limits approximately 9 hours per dayof daily use. which is impacting behavior and routine. Situation is escalating with daily conflicts and emotional distress. ,0.153846154,High
13,Female,Mother,0,27,1,8,smartphone,"As a parent, I have observed that shows withdrawal and aggression when challenged screen time; spends 8 hours per dayonline. and this worries me as a parent.",0.035714286,High
11,Male,Guardian,-0.116666667,37,2,7,tablet,"Over the past few months, has lost interest in hobbies and isolates themselves, glued to the phone for nearly 7 hours per dayeach day. the child hides their screen time. and this worries me as a parent.",0.052631579,High
18,Female,Father,-0.066666667,21,0,2,tablet,"My daughter uses social media for approximately 2 hours per day, mainly for school-related discussions. She shows no signs of dependency",0,Low
12,Female,Father,0.058333333,32,2,5,laptop,It has become clear that my 12-year-old skips school or is frequently absent because of meeting people from social media. usage around 5 hours per day. and it is affecting daily life.,0.060606061,Medium
14,Male,Guardian,0.1,37,0,7,laptop,It has become clear that borrowed money for subscriptions and cannot stop  usage continues for about 7 hours per dayevery day. we have tried setting limits but it doesn't help. and this worries me as a parent.,0,High
15,Male,Mother,-0.155555556,37,1,4,tablet,Lately I have noticed that my 15-year-old sometimes skips school because of meeting people from social media. usage around 4 hours per day. this behavior started a few months ago. and this worries me as a parent.,0.026315789,Medium
15,Male,Father,0.033333333,27,0,2,tablet,My son uses social media for 2 hours per day after school. He manages his time well and completes his tasks. There are no concerns from teachers.,0,Low
14,Female,Mother,0.375,32,0,7,smartphone,"As a parent, I have observed that as a parent, i have observed my 14-year-old son online until 3 or 4 am; their grades dropped significantly. which is impacting behavior and routine.",0,High
16,Female,Guardian,-0.041666667,29,2,4,laptop,"It has become clear that my 16-year-old daughter refuses to leave her room and has lost weight, spending nearly 4 hours per dayon social platforms. and it seems unhealthy.",0.066666667,Medium
10,Male,Mother,-0.1,46,2,6,smartphone,"Over the past few months, he becomes very angry and cries for hours when we take the phone away; he's spending roughly 6 hours per day on apps. i am worried about the long-term effects. more frequently than before and this worries me as a parent.",0.042553191,High
11,Male,Father,0.166666667,19,0,2,smartphone,"My daughter's daily usage is around 2 hours per day, focused on educational content. She willingly stops when asked",0,Low
16,Male,Guardian,0.033333333,32,1,4,laptop,I am concerned because using social apps to meet strangers and lying about their age  behavior started after being online for 4 hours per day/day. which is impacting behavior and routine.,0.03030303,Medium
10,Female,Father,0.077777778,32,3,4,smartphone,It has become clear that my 10-year-old skips school or is frequently absent because of meeting people from social media. usage around 4 hours per day. and I feel intervention is needed.,0.090909091,Medium
17,Female,Mother,-0.15,29,2,9,tablet,"Over the past few months, stays up all night messaging strangers and is depressed; daily screen time around 9 hours per day. and this worries me as a parent.",0.066666667,High
10,Female,Mother,0.225,26,1,2,tablet,"My son spends about 2 hours per day on social media. He balances it well with outdoor play and family time,also seems to manage studies fine",0.037037037,Low
18,Female,Guardian,0.211111111,23,0,8,smartphone,"The child under my care uses social media for nearly 8 hours per day, mostly gaming and scrolling. Sleep patterns are severely disturbed",0,High
15,Female,Father,-1,37,7,10,smartphone,I am worried that borrowed money for subscriptions and cannot stop usage continues for about 10 hours per dayevery day. and I feel intervention is needed. Situation is escalating with sleep disruption and academic decline.,0.189189189,High
11,Female,Father,-0.1125,26,0,4,smartphone,I am worried that sometimes stays up late but recovers the next day; average use about 4 hours per day. and it is affecting daily life.,0,Medium
12,Male,Father,0.155555556,38,1,7,laptop,My son is using social media for close to 7 hours per day and has shown signs of anxiety and irritability. he reacts strongly when the phone is removed. We fear this dependence is affecting his overall well-being.,0.025641026,High
15,Female,Guardian,0.078787879,28,2,3,smartphone,"It has become clear that the child has become secretive, has new friends only online, using devices about 3 hours per day. which is impacting behavior and routine.",0.068965517,Medium
15,Female,Father,-0.141666667,25,0,3,tablet,"Lately I have noticed that active in sports and uses social media minimally, typically about 3 hours per day. which is impacting behavior and routine.",0,Medium
17,Female,Mother,0.145833333,26,0,3,tablet,"My daughter uses social media for around 3 hours per day. She sometimes ignores chores while online. Although she completes them later, this is becoming frequent.",0,Medium
14,Male,Guardian,-0.108333333,23,1,8,laptop,My son spends around 8 hours per day on social media and refuses to follow time limits. He becomes anxious without his phone.,0.041666667,High
18,Male,Mother,-0.029166667,39,0,4,laptop,I am concerned because chats with relatives and uses social media responsibly; average daily use around 4 hours per day. they pretend not to be online but we found them streaming at night. and it is affecting daily life.,0,Medium
11,Female,Mother,0,36,3,5,tablet,I am worried that we as a family noticed that my child's  screen time seems to be around 5 hours per dayevery day. which is impacting behavior and routine.,0.081081081,Medium
16,Female,Mother,-0.086666667,32,3,5,tablet,"Over the past few months, shows withdrawal and aggression when challenged about screen time; spends roughly 5  hours per dayonline. ",0.090909091,Medium
12,Female,Father,0.411111111,19,0,2,smartphone,My daughter uses social media close to 2 hours per day while maintaining good study habits and healthy sleep,0,Low
15,Female,Father,-0.116666667,37,1,4,laptop,"Over the past few months, has lost interest in hobbies and isolates themselves, glued to the phone for nearly 4 hours per dayeach day. i am worried the long-term effects. and this worries me as a parent.",0.026315789,Medium
12,Male,Mother,-0.216666667,47,1,6,smartphone,Lately I have noticed that posts and takes part in dangerous online challenges and then got reprimanded at school; they use social media about 6 hours per day. they pretend not to be online but we found them streaming at night. and it is affecting daily life.,0.020833333,High
13,Male,Guardian,-0.066666667,26,1,4,smartphone,Lately I have noticed that checks social media during short breaks but focuses on studies; overall 4 hours per day. and I feel intervention is needed.,0.037037037,Medium
13,Female,Father,-0.133333333,22,0,2,laptop,Lately I have noticed that uses social media to coordinate group study sessions and is polite online; estimated 2 hours per day. ,0,Low
12,Male,Father,-1,45,9,10,smartphone,It has become clear that posts and takes part in dangerous online challenges and then got reprimanded at school; they use social media 10 hours per day. and this worries me as a parent. Situation is escalating with isolation from family and responsibilities. ,0.2,High
10,Female,Father,0.275,21,0,2,tablet,My daughter spends nearly 2 hours per day browsing creative and educational content. She willingly switches off her phone when reminded,0,Low
17,Male,Mother,0.190476191,23,0,2,tablet,"My son's social media use is limited to 2 hours per day, mostly for school group discussions. His behavior remains calm and focused",0,Low
11,Female,Guardian,0.025,30,1,4,smartphone,I am concerned because posts occasionally and keeps healthy offline relationships; daily use close to 4 hours per day. i am worried about the long-term effects. and it seems unhealthy.,0.032258065,Medium
10,Female,Father,0.205555556,36,1,1,smartphone,My daughter spends about 1 hours per day browsing educational and creative pages. She is still active in school and enjoys spending time with us. We do not see this as a problem at the moment.,0.027027027,Low
11,Female,Mother,0.066666667,32,1,5,smartphone,It has become clear that using social apps to meet strangers and lying about their age  behavior started after being online for 5 hours per day/day. which is impacting behavior and routine.,0.03030303,Medium
13,Female,Mother,0.05,27,1,5,laptop,"I am concerned because follows hobby pages and maintains a balanced routine, using social media about 5  hours per dayeach day. which is becoming a serious concern.",0.035714286,Medium
14,Female,Mother,0.0875,36,1,4,smartphone,"I am concerned because as a counselor, i have observed my 14-year-old daughter online until 3 or 4 am; their grades dropped significantly. this behavior started a few months ago. which is impacting behavior and routine.",0.027027027,Medium
10,Male,Mother,0.216666667,29,0,2,tablet,My son spends about 2 hours per day on social media during his free time. He completes his responsibilities before using his phone. His routine and behavior remain balanced.,0,Low
13,Female,Guardian,0.2,34,1,2,tablet,My daughter spends about 2 hours per day on social media after finishing her homework. She mainly chats with her friends and watches light content. Her schoolwork and family time have not been affected.,0.028571429,Low
13,Female,Mother,0.077777778,34,0,2,smartphone,"My daughter uses social media for around 2 hours per day, mostly in the evening. She follows the screen time limits we have set. We have not noticed any negative changes in her behavior.",0,Low
14,Male,Guardian,-0.383333333,34,3,6,smartphone,"As a parent, I have observed that he becomes very angry and cries for hours when we take the phone away; he's spending roughly 6 hours per day on apps. and it seems unhealthy.",0.085714286,High
14,Female,Mother,-0.022222222,30,0,3,laptop,I am worried that they cancel family activities to be online and avoid offline friends; daily social media time roughly 3 hours per day. which is impacting behavior and routine.,0,Medium
13,Male,Mother,0.016666667,36,0,1,smartphone,"As a parent, I have observed that my child spends about 1 hours per day on social media. While this does not yet seem harmful, I feel it should still be monitored to prevent future issues.",0,Low
10,Male,Mother,0.033333333,29,0,2,smartphone,"As a mother, I have observed that my child spends about 2 hours per day on social media. He still manage his studies.While this does not yet seem harmful,",0,Low
14,Male,Father,-0.072222222,29,0,2,smartphone,"My child usually spends around 2 hours per day on social media. This level seems manageable now, but I am keeping an eye on it to avoid future issues.",0,Low
16,Male,Mother,0.194444444,31,0,1,laptop,My son spends about 1 hours per day on social media during his free time. He completes his schoolwork and chores before using his phone. His sleep and behavior remain normal.,0,Low
12,Male,Guardian,-0.203333333,37,2,8,tablet,"Over the past few months, using social apps to meet strangers and lying about their age  behavior started after being online for 8 hours per day/day. this behavior started a few months ago. and it seems unhealthy.",0.052631579,High
10,Male,Mother,-0.033333333,28,0,10,laptop,I am worried that streams frequently without managing his studies. typically around 10 hours per dayof use. it has become a concern. which is impacting behavior and routine.,0,Medium
15,Female,Father,0.166666667,22,0,2,smartphone,"I am concerned because uses social apps to chat with classmates, but rarely misses sleep. i'd say around 2 hours per day. ",0,Low
10,Female,Mother,0.166666667,24,0,1,smartphone,I am concerned because posts occasionally and keeps healthy offline relationships; daily use close to 1 hours per day. Still manage her studies well.,0,Low
17,Female,Guardian,0.033333333,22,1,1,smartphone,I am worried that mood swings happen but they are not tied to social media; screen time about 1 hours per day.,0.043478261,Low
15,Male,Mother,0.216666667,27,0,2,smartphone,My son spends about 2 hours per day on social media during his free time. He completes his responsibilities before using his phone. His routine remain balanced.,0,Low
11,Male,Guardian,-0.083333333,32,0,2,smartphone,"Over the past few months, From what I observe, my child uses social media for roughly 2 hours per day, which seems acceptable so far, but I think it still requires supervision.",0,Low
13,Male,Father,0,36,2,8,laptop,"I am worried that as a counselor, i have observed my 13-year-old daughter online until 3 or 4 am; their grades dropped significantly. recently their teacher informed me about this. and I feel intervention is needed.",0.054054054,High
15,Female,Guardian,-0.2,38,3,5,smartphone,I am concerned because stays up all night messaging strangers and is depressed; daily screen time around 5 hours per day. they pretend not to be online but we found them streaming at night. and it seems unhealthy.,0.076923077,Medium
16,Female,Father,-0.022222222,38,2,6,tablet,I am worried that my 16-year-old skips school or is frequently absent because of meeting people from social media. usage around 6 hours per day. this behavior started a few months ago. which is impacting behavior and routine.,0.051282051,High
11,Male,Father,-0.088888889,21,0,2,tablet,"As a parent, I have observed that active in sports and uses social media minimally, typically about 2 hours per day. ",0,Low
10,Female,Guardian,-0.088888889,26,0,2,smartphone,"As a parent, I have observed that active in sports and uses social media minimally, typically about 2 hours per day.also manage his studies of school",0,Low
12,Male,Mother,-0.055555556,37,2,6,smartphone,Lately I have noticed that my 12-year-old skips school or is frequently absent because of meeting people from social media. usage around 6 hours per day. it has become a concern. which is impacting behavior and routine.,0.052631579,High
17,Male,Mother,-0.116666667,39,3,8,smartphone,"As a parent, I have observed that my 17-year-old skips school or is frequently absent because of meeting people from social media. usage around 8 hours per day. this behavior started a few months ago. and it seems unhealthy.",0.075,High
14,Male,Guardian,0.05,35,2,4,laptop,"I am worried that has lost interest in hobbies and isolates themselves, glued to the phone for nearly 3-4 hours per dayeach day. recently their teacher informed me this. and I feel intervention is needed.",0.055555556,Medium
13,Male,Mother,-0.150694444,28,0,4,smartphone,"Over the past few months, active in sports and uses social media minimally, typically about 4 hours per day. we have tried setting limits it little bit help. ",0,Medium
12,Female,Father,0.072222222,46,4,8,tablet,It has become clear that he got into arguments and panic attacks when we tried to limit phone time; online use close to 8 hours per day. they pretend not to be online but we found them streaming at night. which is becoming a serious concern.,0.085106383,High
10,Female,Father,-0.104166667,29,0,1,tablet,Lately I have noticed that chats with relatives and uses social media responsibly; average daily use around 1 hours per day. Still manage studoes well in school and classes.,0,Low
17,Female,Mother,-0.122222222,22,1,8,smartphone,I am worried that checks social media during weekdays without focusing on studies; overall 8 hours per day. and it seems unhealthy.,0.043478261,High
14,Male,Guardian,-0.133333333,26,0,4,smartphone,Lately I have noticed that some days he abscent at school because of continuous social gaming; i think it's 4 hours per day. i am worried.,0,Medium
15,Male,Guardian,-0.1,38,0,2,smartphone,"As a guardian, I have noticed that my child spends about 2 hours per day on social media, and at the moment it does not appear to cause serious problems, though I feel some limits are still necessary.",0,Low
18,Female,Mother,0.145833333,26,0,3,laptop,"My daughter uses social media for around 3 hours per day. She sometimes ignores chores while online. Although she completes them later, this is becoming frequent.",0,Medium
14,Male,Guardian,0.161111111,33,0,5,smartphone,"My son spends close to 5 hours per day on social media. He has reduced outdoor play and prefers his phone. His routine is not badly affected yet, but we see early signs.",0,Medium
11,Female,Guardian,-0.21,37,1,9,smartphone,"Over the past few months, she watches a few videos for entertainment but stops when we ask; daily use about 9 hours per day. we have tried setting limits but it doesn't help. and it seems unhealthy.",0.026315789,High
15,Female,Mother,-0.1,26,0,2,smartphone,"As a parent, I have observed that she watches a few videos for entertainment but stops when we ask; daily use about 2 hours per day. ",0,Low
12,Male,Guardian,0.083333333,27,0,2,laptop,"As a parent, I have observed that streams occasionally yet keeps good attendance; typically around 2 hours per dayof use. this behavior started a few months ago.",0,Low
18,Male,Guardian,0.016666667,37,1,6,tablet,"As a parent, I have observed that my 18-year-old uses social media 6 hours per day(s) after school and seems to manage studies fine. we have tried setting limits but it doesn't help. and it seems unhealthy.",0.026315789,High
14,Male,Father,0.027777778,31,1,9,laptop,"Over the past few months, has a daily two-hour limit and respects it most of the time;missed studies,rarely eats. uses around 9 hours per day. which is becoming a serious concern.",0.03125,High
16,Male,Guardian,-0.066666667,40,0,7,smartphone,"As a parent, I have observed that they cancel family activities to be online and avoid offline friends; daily social media time roughly 7 hours per day. this behavior started a few months ago. which is impacting behavior and routine.",0,High
14,Female,Father,0,23,0,3,smartphone,I am concerned because takes the phone to school and uses it in classes; i estimate 3 hours per day including school hours. ,0,Medium
15,Female,Guardian,0.05,29,1,5,smartphone,Lately I have noticed that my 15-year-old uses social media about 5 hours per day(s) after school and seems to manage studies fine. and I feel intervention is needed.,0.033333333,Medium
13,Female,Mother,-1,42,7,10,smartphone,"Over the past few months, we as a family noticed that my child hides their phone, screen time seems to be around 10  hours per dayevery day and it seems unhealthy. Situation is escalating with sleep disruption and academic decline.",0.166666667,High
16,Male,Father,0.161111111,28,0,3,laptop,"As a parent, I have observed that complains of boredom and uses social media to pass time; only around 3 hours per day. which is becoming a  concern.",0,Medium
18,Female,Guardian,-0.3,33,3,10,smartphone,Lately I have noticed that he got into arguments and panic attacks when we tried to limit phone time; online use close to 10 hours per day. which is impacting behavior and routine.,0.088235294,Medium
13,Female,Mother,-0.1,29,0,4,smartphone,I am worried that she watches a few videos for entertainment but stops when we ask; daily use about 4 hours per day. which is impacting behavior and routine.,0,Medium
16,Female,Guardian,-0.375,39,4,4,laptop,I am concerned because he becomes very angry and cries for hours when we take the phone away; he's spending roughly 4 hours per day on apps. the child hides their screen time. and I feel intervention is needed.,0.1,Medium
15,Female,Guardian,0.129166667,25,0,1,smartphone,I am concerned because watches short videos before bed but wakes up fine; daily use about 1 hours per day. which seems acceptable so far.,0,Low
17,Female,Mother,0.033333333,26,0,2,tablet,My daughter uses social media for about 2 hours per day. She completes homework and chores before using her phone. There are no concerns from school.,0,Low
18,Female,Guardian,0.13030303,27,0,2,tablet,My daughter uses social media for around 2 hours per day to stay connected with classmates. She balances phone time with family interaction. Her behavior remains positive.,0,Low
11,Male,Mother,0,34,1,8,smartphone,I am worried that watches short videos before bed  wakes up lately; daily use about 8 hours per day. we have tried setting limits but it doesn't help. and I feel intervention is needed.,0.028571429,High
15,Female,Father,0.05,29,1,1,smartphone,Lately I have noticed that my 15-year-old uses social media about 1 hours per day(s) after school and seems to manage studies fine. and I feel intervention is needed.,0.033333333,Low
12,Male,Guardian,-1,37,9,12,smartphone,I am concerned because posts occasionally and keeps healthy offline relationships; daily use close to 4 hours per day. and this worries me as a parent. Situation is escalating with isolation from family and responsibilities. CaseRef H055.,0.243243243,High
16,Female,Mother,0.123333333,28,1,3,laptop,"As a parent, I have observed that posts occasionally and keeps healthy offline relationships; daily use close to 3 hours per day. which is becoming a serious concern.",0.034482759,Medium
11,Female,Guardian,0.216666667,24,0,1,smartphone,My daughter spends roughly 1 hours per day browsing educational and creative content. She still enjoys reading and outdoor activities. Her routine remains stable.,0,Low
15,Male,Guardian,-0.116666667,39,3,9,tablet,"As a parent, I have observed that my 15-year-old skips school or is frequently absent because of meeting people from social media. usage around 9 hours per day. this behavior started a few months ago. and it seems unhealthy.",0.075,High
16,Female,Father,-0.216666667,29,1,8,tablet,"As a parent, I have observed that he plays on the weekend and finishes homework during weekdays; screen time roughly 8 hours per dayon average. and it seems unhealthy.",0.033333333,High
18,Male,Guardian,-0.021212121,39,4,6,smartphone,"I am worried that the child has become secretive, has new friends only online, and avoids family time  using devices about 6 hours per day. this behavior started a few months ago. and this worries me as a parent.",0.1,High
12,Male,Father,-0.088888889,29,3,4,smartphone,I am worried that my 12-year-old skips school or is frequently absent because of meeting people from social media. usage around 4 hours per day. and it seems unhealthy.,0.1,Medium
15,Male,Father,0.033333333,24,0,2,laptop,"As a parent, I have observed that uses social media to coordinate group study sessions and is polite online; estimated 2 hours per day. ",0,Low
18,Female,Mother,-0.123333333,36,1,4,smartphone,"Over the past few months, mood swings happen but they are not tied to social media; screen time about 4 hours per day. this behavior started a few months ago. and it is affecting daily life.",0.027027027,Medium
12,Male,Father,0.216666667,30,0,2,smartphone,My son uses social media for around 2 hours per day during his free time. He follows screen time rules at home. There have been no issues with his studies.,0,Low
13,Female,Mother,0.006666667,38,1,8,smartphone,"It has become clear that my 13-year-old daughter refuses to leave her room and has lost weight, spending nearly 8 hours per dayon social platforms. this behavior started a few months ago. and it is affecting daily life.",0.025641026,High
17,Male,Mother,-1,39,6,9,laptop,My son spends around 9 hours per day on social media. He checks his phone repeatedly during study time. We are unsure if this habit may grow worse. Situation is escalating with daily conflicts and emotional distress. ,0.153846154,High
12,Male,Mother,-0.055555556,31,2,4,tablet,"Lately I have noticed that my 12-year-old daughter refuses to leave her room and has lost weight, spending nearly 4 hours per dayon social platforms. and I feel intervention is needed.",0.0625,Medium
18,Male,Father,-0.3,47,2,6,laptop,"Over the past few months, he becomes very angry and cries for hours when we take the phone away; he's spending roughly 6 hours per day on apps. they pretend not to be online but we found them streaming at night. which is impacting behavior and routine.",0.041666667,High
10,Female,Father,0.066666667,30,0,2,smartphone,My daughter uses social media for nearly 2 hours per day after completing chores. She balances her phone time with reading and hobbies. We feel her usage is under control.,0,Low
11,Male,Guardian,0,27,0,4,smartphone,The child spends about 4 hours per day interacting with friends online. He still attends school regularly but seems distracted. Teachers have mentioned reduced focus in class.,0,Medium
11,Male,Father,-0.038888889,35,1,4,smartphone,I am concerned because chats with relatives and uses social media responsibly; average daily use around 4 hours per day. we have tried setting limits but it doesn't help. and I feel intervention is needed.,0.027777778,Medium
11,Male,Guardian,0.033333333,31,1,5,smartphone,"As a parent, I have observed that mood swings happen but they are not tied to social media; screen time about 5 hours per day. which is impacting behavior and routine.",0.03125,Medium
17,Female,Guardian,-0.022222222,33,1,4,smartphone,"As a parent, I have observed that uses tablet for learning and occasional social media browsing; roughly 4 hours per day. the child hides their screen time. which is impacting behavior and routine.",0.029411765,Medium
16,Male,Mother,-0.01,32,3,8,laptop,Lately I have noticed that my 16-year-old skips school or is frequently absent because of meeting people from social media. usage around 8 hours per day. which is becoming a serious concern.,0.090909091,High
10,Male,Guardian,-0.066666667,34,1,5,smartphone,Lately I have noticed that uses apps mainly for tutorials and study material; about 5 hours per dayeach day. we have tried setting limits but it doesn't help. and I feel intervention is needed.,0.028571429,Medium
18,Female,Mother,0.138888889,26,1,9,smartphone,I am worried that watches short videos before bed but wakes up fine; daily use about 9 hours per day. and I feel intervention is needed.,0.037037037,High
10,Male,Mother,0.033333333,25,0,2,laptop,My son spends around 2 hours per day on social media. He balances phone use with outdoor play. There have been no complaints from school.,0,Low
14,Male,Mother,-0.083333333,32,1,2,smartphone,"As a parent, I have observed that mood swings happen but they are not tied to social media; screen time about 2 hours per day. this behavior started a few months ago.",0.03030303,Low
17,Female,Father,-0.143333333,30,3,10,tablet,"Over the past few months, my 17-year-old skips school or is frequently absent because of meeting people from social media. usage around 10 hours per day. and it seems unhealthy.",0.096774194,Medium
15,Female,Guardian,0.033333333,28,0,2,tablet,"My daughter uses social media for roughly 2 hours per day, mainly in the evening. She still participates in family activities. No changes in behavior have been noticed.",0,Low
10,Male,Father,-0.15,40,3,10,smartphone,"Over the past few months, my child hides their phone, deletes messages, and withdraws; screen time seems to be around 10 hours per dayevery day. we have tried setting limits but it doesn't help. and it is affecting daily life.",0.073170732,Medium
13,Female,Father,-0.055555556,25,1,4,smartphone,"Lately I have noticed that my 13-year-old daughter refuses to leave her room and has lost weight, spending nearly 4 hours per dayon social platforms.",0.038461538,Medium
15,Female,Father,-0.088888889,30,1,2,smartphone,Lately I have noticed that mood swings happen but they are not tied to social media; screen time 2 hours per day. For now its not affecting to daily routine.,0.032258065,Low
16,Male,Guardian,-0.138888889,28,1,4,laptop,"Over the past few months, mood swings happen but they are not tied to social media; screen time about 4 hours per day. it has become a concern. ",0.034482759,Medium
11,Female,Guardian,0.008333333,32,0,8,smartphone,I am concerned because complains of boredom and uses social media to pass time; only around 8 hours per day. recently their teacher informed me this. and it is affecting daily life.,0,High
12,Female,Guardian,-0.15,30,2,5,tablet,I am worried that stays up at late night messaging strangers; daily screen time around 5 hours per day. it has become a concern. and I feel intervention is needed.,0.064516129,Medium
16,Female,Mother,-0.087878788,25,4,4,tablet,"I am concerned because the child  has new friends only online, and avoids family time  using devices 4 hours per day. and it seems unhealthy.",0.153846154,Medium
18,Male,Mother,-0.090909091,39,5,10,smartphone,"Lately I have noticed that the child has become secretive, has new friends only online, and avoids family time using devices about 10 hours per day. this behavior started a few months ago. and I feel intervention is needed.",0.125,Medium
11,Female,Father,-0.127777778,35,0,5,smartphone,"Over the past few months, chats with relatives and uses social media responsibly; average daily use around 5 hours per day. this behavior started a few months ago. and this worries me as a parent.",0,Medium
17,Female,Guardian,0.008333333,29,0,6,laptop,"It has become clear that she cries non-stop if wi-fi is cut; used to be social, now online roughly 6 hours per day. and it is affecting daily life.",0,High
14,Female,Mother,0.0375,32,1,6,smartphone,"As a parent, I have observed that they cancel family activities to be online and avoid offline friends; daily social media time 6 hours per day. which is becoming a serious concern.",0.03030303,High
18,Female,Father,0.15,32,0,2,smartphone,My daughter spends about 2 hours per day on social media after finishing her homework. She mainly chats with school friends and watches light videos. Her studies and daily routine remain normal.,0,Low
10,Male,Guardian,-0.15,29,1,1,smartphone,"I am concerned because sometimes stays up late for school works,but recovers the next day; average use about 1 hours per day. and this worries me as a parent.",0.033333333,Low
13,Male,Mother,0.177777778,27,0,2,laptop,"As a parent, I have observed that streams occasionally yet keeps good attendance; typically around 2 hours per dayof use. and this worries me as a parent.",0,Low
11,Female,Mother,0.177777778,24,0,2,tablet,My daughter spends around 2 hours per day on social media in the evening. She completes homework on time. Her overall routine is healthy.,0,Low
17,Male,Father,0.066666667,37,1,4,laptop,"It has become clear that has lost interest in hobbies and isolates themselves, glued to the phone for nearly 4 hours per dayeach day. recently their teacher informed me this. and this worries me as a parent.",0.026315789,Medium
18,Female,Mother,-0.2,43,5,7,smartphone,"As a parent, I have observed that started spending money on in-app purchases and ignoring household limits  approximately 7 hours per dayof daily use. they pretend not to be online but we found them streaming at night. and I feel intervention is needed.",0.113636364,High
16,Female,Father,0.138888889,34,2,3,smartphone,"As a parent, I have observed that watches short videos before bed but wakes up fine; daily use 3 hours per day. the child hides their screen time. and I feel intervention is needed.",0.057142857,Medium
13,Female,Guardian,-1,42,5,8,smartphone,I am worried that my parent reports that their 13-year-old son spends about 8 hours per day on social media and has stopped doing homework sometimes. which is becoming a concern. Situation is escalating with severe anxiety and withdrawal symptoms.,0.119047619,High
17,Female,Guardian,0.158333333,31,0,2,smartphone,"My daughter uses social media for roughly 2 hours per day. She maintains a good balance between screen time and personal activities. As parents, we are not concerned at this stage.",0,Low
13,Male,Mother,0.052083333,36,0,2,tablet,"After completing his daily tasks, my son uses social media for around 2 hours per day. he stops when asked and balances it with other activities. I don't see any issues yet, but it's worth noting.",0,Low
14,Female,Guardian,0.216666667,24,0,1,laptop,My daughter spends roughly 1 hours per day browsing educational and creative content. She still enjoys reading and outdoor activities. Her routine remains stable.,0,Low
16,Female,Guardian,0.077777778,31,0,2,laptop,"During the evening, my daughter spends roughly 2 hours per dayon social media. She balances screen time with hobbies and study. I thought it would be useful to record her habits.",0,Low
11,Male,Father,0.1,24,0,1,smartphone,My son spends about 1 hours per day on social media after finishing homework. He mainly chats with friends. His routine has not changed.,0,Low
12,Male,Father,0.033333333,29,0,2,tablet,My son uses social media for about 2 hours per day. He manages his time well and completes chores. We do not see this as a concern for now.,0,Low
18,Female,Father,-0.070833333,27,5,4,tablet,I am worried that started spending money on in-app purchases and ignoring household limits  approximately 4 hours per dayof daily use. which is becoming a serious concern.,0.178571429,Medium
14,Male,Father,0,29,1,9,smartphone,"Over the past few months, my 14-year-old uses social media about 9 hours per day(s) after school and seems to manage studies fine. and I feel intervention is needed.",0.033333333,High
10,Male,Mother,-0.088888889,32,2,9,smartphone,Lately I have noticed that my counselor reports that their 10-year-old daughter spends about 9 hours per day on social media and has stopped doing homework. and it is affecting daily life.,0.060606061,High
11,Male,Guardian,0.216666667,36,0,2,smartphone,My son uses social media for around 2 hours per day during his free time. He follows screen time rules at home. There have been no issues with his studies.for now this is not a concern,0,Low
18,Male,Father,-0.038888889,35,0,1,tablet,"Over the past few months, watches short videos before bed but wakes up fine; daily use about 1 hours per day. this behavior started a few months ago. and this worries me as a parent.",0,Low
14,Male,Mother,0.133333333,59,0,2,laptop,"My 14-year-old son uses social media for about 2 hours per day, mostly in the evening to watch short clips and message friends. He completes his schoolwork on time and still plays outside, but I have noticed he prefers his phone during free time. While it is not seriously affecting his routine, I am slightly concerned as a parent.",0,Low
18,Male,Father,0.025,23,1,5,laptop,I am concerned because posts occasionally and keeps healthy offline relationships; daily use close to 5 hours per day. and it seems unhealthy.,0.041666667,Medium
12,Male,Father,0.18,57,0,2,smartphone,"My 12-year-old son spends about 2 hours per day on social media, mainly watching videos and chatting with classmates after school. He maintains good sleep habits and finishes his homework regularly, but he sometimes asks for extra screen time. Although it does not seem harmful now, I am keeping an eye on this behavior as a parent.",0,Low
11,Female,Father,-0.104166667,45,2,9,tablet,"Over the past few months, she lies about her screen time and sneaks out to use social apps every evening; i'd estimate 9 hours per day. they pretend not to be online but we found them streaming at night. and it is affecting daily life.",0.043478261,High
11,Female,Guardian,0.123333333,54,0,4,tablet,"My 11-year-old daughter spends around 4 hours per day on social media, mostly watching videos and browsing posts after school. She still completes her homework, but she often delays bedtime and seems less interested in outdoor play. I am concerned that this level of screen time may start affecting her sleep and overall well-being.",0,Medium
18,Female,Guardian,0.008333333,38,1,10,smartphone,It has become clear that they cancel family activities to be online and avoid offline friends; daily social media time roughly 10 hours per day. i am worried about the long-term effects. and I feel intervention is needed.,0.025641026,Medium
16,Female,Father,-0.0075,45,0,1,smartphone,"My 16-year-old daughter uses social media for about 1 hours per day, mainly to keep in touch with friends. She manages her studies well and stays active in school activities. While I do not see major issues, I remain slightly cautious about her screen habits.",0,Low
14,Female,Mother,0.033333333,50,4,10,laptop,"My 14-year-old daughter spends nearly 10 hours per day on social media, often staying online late into the night. She avoids family interactions and has lost interest in hobbies she once enjoyed. I am deeply worried about the long-term impact on her mental health and feel immediate intervention is necessary.",0.078431373,Medium
17,Male,Guardian,0.141666667,38,0,1,smartphone,"My 17-year-old son uses social media for around 1 hours per day, mostly for quick updates and messages. He balances his time well between studies, friends, and family, and there are no noticeable negative effects at this point.",0,Low
18,Male,Mother,-1,46,6,9,smartphone,I am worried that has a daily two-hour limit and respects it most of the time; uses around 9 hours per day. recently their teacher informed me about this. and I feel intervention is needed. Situation is escalating with daily conflicts and emotional distress. ,0.130434783,High
15,Female,Father,0.07,31,2,7,smartphone,"It has become clear that my 15-year-old daughter refuses to leave her room and has lost weight, spending nearly 7 hours per dayon social platforms. which is becoming a serious concern.",0.0625,High
18,Male,Father,-0.153333333,23,1,4,laptop,Lately I have noticed that uses tablet for learning and occasional social media browsing; roughly 4 hours per day. and it seems unhealthy.,0.041666667,Medium
14,Male,Mother,0.022222222,52,0,2,tablet,"My 14-year-old son spends about 2 hours per dayon social media each day, mostly chatting with friends and watching short videos. He still participates in sports and family activities, and homework is completed on time.",0,Low
15,Female,Mother,-0.022222222,52,1,6,laptop,"My 15-year-old daughter spends around 6 hours per day on social media, often skipping family meals and delaying homework to stay online. She has started avoiding her friends offline and seems irritable if her phone is taken away. I am worried about the long-term effects on her mental health and daily routine.",0.018867925,High
10,Female,Father,0.1,37,3,9,smartphone,Lately I have noticed that he got into arguments and panic attacks when we tried to limit phone time; online use close to 9 hours per day. more frequently than before which is impacting behavior and routine.,0.078947368,High
14,Female,Mother,0.258333333,48,0,1,smartphone,"My 14-year-old daughter spends about 1 hours per day on social media, mostly checking messages and watching short videos after school. She still enjoys outdoor activities and completes her schoolwork on time. While it doesn't seem harmful, I keep an eye on her habits just to be safe.",0,Low
15,Female,Father,0.008333333,49,0,2,smartphone,"My 15-year-old daughter uses social media for about 2 hours per day, mainly to chat with friends and follow updates. She manages her homework and extracurricular activities well, but sometimes prefers scrolling over short breaks. While it isn't causing problems now, I'm slightly concerned about her growing screen habits.",0,Low
14,Female,Father,-0.105555556,49,0,1,smartphone,"My 14-year-old daughter spends roughly 1 hours per day on social media, usually in the evenings to watch videos or chat with friends. She still takes part in family activities and schoolwork without issues. Although it seems harmless for now, I am keeping an eye on her screen time.",0,Low
10,Male,Mother,0.003125,49,0,2,smartphone,"My 10-year-old son spends about 2 hours per day on social media, mainly watching videos and playing online games. He still enjoys outdoor play and finishes his homework on time, but sometimes asks for extra screen time. I'm a little concerned about him forming a habit at this age.",0,Low
14,Male,Guardian,0.08,52,0,2,laptop,"My 14-year-old son spends around 2 hours per day on social media, mostly chatting with friends and watching short videos. He still participates in sports and school activities and completes his homework on time. While his social media use doesn't seem harmful now, I am slightly worried it could become a habit.",0,Low
13,Male,Mother,-0.1375,27,1,5,smartphone,I am concerned because open about screen time and follows rules set by parents; daily average approximately 5 hours per day. and I feel intervention is needed.,0.035714286,Medium
15,Male,Father,-0.15,47,2,7,smartphone,"Over the past few months, posts and takes part in dangerous online challenges and then got reprimanded at school; they use social media about 7 hours per day. they pretend not to be online but we found them streaming at night. which is becoming a serious concern.",0.041666667,High
15,Male,Guardian,0.016666667,48,0,1,laptop,"My 15-year-old son spends about 1 hours per day on social media, mainly checking messages and watching short clips. He stays active in school, completes his homework on time, and still enjoys outdoor activities. While it doesn't seem harmful, I am keeping an eye on his screen habits.",0,Low
18,Female,Father,0.091666667,53,0,1,smartphone,"My 18-year-old daughter spends about 1 hours per day on social media, mostly to stay in touch with friends and follow updates. She manages her studies, work, and family responsibilities well, and her daily routine is not affected. I am slightly cautious about the habit but it doesn't seem harmful at this point.",0,Low
14,Male,Father,0.1,36,2,7,tablet,"It has become clear that has lost interest in hobbies and isolates themselves, glued to the phone for nearly 7 hours per dayeach day. the child hides their screen time. which is impacting behavior and routine.",0.054054054,High
15,Male,Guardian,0.05,34,1,2,tablet,Lately I have noticed that my 15-year-old uses social media 2 hours per day(s) after school and seems to manage studies fine. the child hides their screen time. which is impacting behavior and routine.,0.028571429,Low
14,Female,Father,-0.138888889,29,0,5,smartphone,"Over the past few months, uses social media to coordinate group study sessions and is polite online; estimated 5 hours per day. and this worries me as a parent.",0,Medium
11,Female,Mother,-0.275,28,1,1,smartphone,Lately I have noticed that plays online with friends but stops for chores and family time; usually 1 hours per day. and this worries me as a parent.,0.034482759,Low
14,Male,Father,-0.103333333,31,1,1,smartphone,I am concerned because chats with relatives and uses social media responsibly; average daily use around 1 hours per day. recently their teacher informed me about this. and it seems unhealthy.,0.03125,Low
12,Female,Mother,-0.15,27,0,6,laptop,I am worried that he plays on the weekend and finishes homework during weekdays; screen time 6 hours per dayon average. which is impacting behavior and routine.,0,High
15,Female,Mother,0,39,3,6,smartphone,"As a parent, I have observed that my child hides their phone, deletes messages, and withdraws; screen time seems to be around 6 hours per dayevery day. i am worried the long-term effects. and it is affecting daily life.",0.075,High
17,Female,Father,-0.104166667,28,0,1,tablet,"Over the past few months, uses social media to coordinate group study sessions and is polite online; estimated 1 hours per day. and it is affecting daily life.",0,Low
13,Male,Mother,-1,48,7,10,tablet,Lately I have noticed that my teacher reports that their 13-year-old son spends about 10 hours per day on social media and has stopped doing homework. recently their teacher informed me about this. and it seems unhealthy. Situation is escalating with sleep disruption and academic decline.,0.145833333,High
15,Female,Father,0.183333333,30,0,5,smartphone,It has become clear that my 15-year-old uses social media about 5 hours per day(s) after school and seems to manage studies fine. and this worries me as a parent.,0,Medium
16,Male,Guardian,0.05,27,1,7,smartphone,It has become clear that complains of boredom and uses social media to pass time; only around 7 hours per day. which is becoming a serious concern.,0.035714286,High
17,Male,Mother,0.416666667,30,1,2,laptop,"I am concerned because as a parent, i have observed my 17-year-old son online until 12 am;  it has become a concern. and it seems unhealthy.but doing his studies fine.",0.032258065,Low
12,Female,Father,0.029166667,26,1,2,smartphone,Lately I have noticed that watches short videos before bed but wakes up fine; daily use 2 hours per day. and I feel intervention is needed.,0.037037037,Low
10,Female,Father,0.133333333,23,0,9,smartphone,I am concerned because streams occasionally not keeps good attendance; typically around 9 hours per dayof use. and it is affecting daily life.,0,High
15,Male,Guardian,0.033333333,31,2,7,smartphone,I am worried that using social apps to meet strangers and lying about their age  behavior started after being online for 7 hours per day/day. and I feel intervention is needed.,0.0625,High
10,Female,Mother,0.077777778,31,1,4,laptop,"It has become clear that my 10-year-old daughter refuses to leave her room and has lost weight, spending nearly 4 hours per dayon social platforms. which is impacting behavior and routine.",0.03125,Medium
15,Female,Father,0.072222222,29,2,8,tablet,"I am concerned because has lost interest in hobbies and isolates themselves, glued to the phone for nearly  8 hours per dayeach day. which is becoming a serious concern.",0.066666667,High
17,Female,Mother,-0.088888889,34,3,2,laptop,It has become clear that she lies her screen time and sneaks out to use social apps every evening; i'd estimate 2 hours per day. it has become a concern. and it seems unhealthy.,0.085714286,Low
16,Male,Mother,-0.15,36,0,9,smartphone,"Over the past few months, as a teacher, i have observed my 16-year-old son online until 3 or 4 am; their grades dropped significantly. recently their teacher informed me this. which is impacting behavior and routine.",0,High
14,Female,Mother,-0.225,30,3,7,smartphone,"Over the past few months, shows withdrawal and aggression when challenged screen time; spends 7 hours per dayonline. the child hides their screen time. and I feel intervention is needed.",0.096774194,High
15,Female,Mother,-0.011111111,31,0,1,smartphone,"Over the past few months, as a parent, i have observed my 15-year-old daughter online until 11 p.m ;  and this worries me as a parent.but doing her school studies fine",0,Low
17,Male,Father,-0.2125,42,4,4,laptop,"Over the past few months, started spending money on in-app purchases and ignoring household limits approximately 4 hours per dayof daily use. they pretend not to be online but we found them streaming at night. and this worries me as a parent.",0.093023256,Medium
16,Female,Mother,-0.122222222,29,1,10,smartphone,"Lately I have noticed that she cries non-stop if wi-fi is cut; used to be social, now online roughly 10 hours per day. and I feel intervention is needed.",0.033333333,Medium
18,Male,Guardian,0.038888889,39,3,2,smartphone,"As a parent, I have observed that stays up all night messaging strangers and is depressed; daily screen time around 2 hours per day. we have tried setting limits but it doesn't help. which is becoming a serious concern.",0.075,Low
17,Female,Guardian,0.2375,30,2,8,smartphone,"It has become clear that as a counselor, i have observed my 17-year-old daughter online until 3 or 4 am; their grades dropped significantly. and I feel intervention is needed.",0.064516129,High
14,Female,Father,-0.216666667,37,0,0,laptop,"Over the past few months, takes the phone to school and uses it in classes; i estimate 0 hours per day including school hours. this behavior started a few months ago. which is impacting behavior and routine.",0,Medium
14,Female,Father,-1,45,5,8,tablet,"I am worried that we as a family noticed that my 14-year-old daughter refuses to leave her room and has lost weight, spending nearly 8  hours per dayon social platforms. and it seems unhealthy. Situation is escalating with severe anxiety and withdrawal symptoms.",0.111111111,High
11,Male,Father,0.173333333,36,0,3,laptop,It has become clear that uses apps mainly for tutorials and study material; about 3 hours per dayeach day. recently their teacher informed me about this. more frequently than before which is impacting behavior and routine.,0,Medium
16,Male,Father,0.05,30,1,8,smartphone,"As a parent, I have observed that uses social media to coordinate group study sessions and is polite online; estimated 8 hours per day. which is becoming a serious concern.",0.032258065,High
11,Female,Guardian,-0.086111111,32,1,4,smartphone,"Over the past few months, uses tablet for learning and occasional social media browsing; roughly 4 hours per day. recently their teacher informed me about this. and I feel intervention is needed.",0.03030303,Medium
10,Female,Father,0.028571429,33,1,5,smartphone,"Over the past few months, streams occasionally yet keeps good attendance; typically around 5 hours per dayof use. we have tried setting limits but it doesn't help. which is becoming a serious concern.",0.029411765,Medium
10,Male,Father,-0.275,27,2,2,smartphone,Lately I have noticed that plays online with friends but stops for chores and family time; usually 2 hours per day. and I feel intervention is needed.,0.071428571,Low
17,Female,Father,0.0625,51,2,7,smartphone,"As a parent, I have observed that my 17-year-old daughter refuses to leave her room and has lost weight, spending nearly  7 hours per dayon social platforms. which is impacting behavior and routine.also pretend not to be online but we found them streaming at night. which is becoming a serious concern.",0.038461538,High
16,Female,Guardian,-0.15,22,2,2,laptop,"Over the past few months, stays up all night messaging strangers and is depressed; daily screen time around 2 hours per day. ",0.086956522,Low
16,Male,Father,-0.041666667,36,0,1,smartphone,"As a parent, I have observed that checks social media during short breaks but focuses on studies; overall 1 hours per day. this behavior started a few months ago. and this worries me as a parent.",0,Low
18,Female,Guardian,0.068181818,24,4,2,smartphone,"I am concerned because the child has become secretive, has new friends only online, and avoids family time using devices 2 hours per day..",0.16,Low
13,Female,Mother,-0.283333333,29,4,8,laptop,"Over the past few months, my child hides their phone, deletes messages, and withdraws; screen time seems to be around 8 hours per dayevery day. and it seems unhealthy.",0.133333333,High
14,Male,Mother,0.019444444,35,1,7,smartphone,"Over the past few months, we as a family noticed that my 14-year-old uses social media about 7 hours per day(s) after school and seems to manage studies fine. which is becoming a serious concern.",0.027777778,High
15,Female,Guardian,0.066666667,38,2,1,tablet,I am worried that we as a family noticed that my 15-year-old skips school or is frequently absent because of meeting people from social media. usage around 1 hours per day. and this worries me as a parent.,0.051282051,Low
18,Female,Guardian,0.075,32,1,9,tablet,I am worried that posts occasionally and keeps healthy offline relationships; daily use close to 9 hours per day. this behavior started a few months ago. and I feel intervention is needed.,0.03030303,High
18,Male,Guardian,0.13,28,1,4,smartphone,I am concerned because streams occasionally yet keeps good attendance; typically around 4 hours per dayof use. it has become a concern. which is becoming a serious concern.,0.034482759,Medium
17,Female,Mother,-0.138888889,34,0,8,smartphone,"Over the past few months, follows hobby pages and maintains a balanced routine, using social media about 8 hours per dayeach day. it has become a concern. and this worries me as a parent.",0,High
17,Male,Mother,-0.01,26,3,10,smartphone,Lately I have noticed that  my son skips school or is frequently absent because of meeting people from social media. which is becoming a serious concern.,0.111111111,Medium
15,Female,Mother,-0.225,20,0,2,laptop,"Over the past few months, my 15-year-old usage tiktok around 2 hours per day. which is impacting behavior and routine.",0,Low
17,Female,Father,-0.104166667,40,2,7,smartphone,"Over the past few months, using social apps like facebook to meet strangers and lying about their age  behavior started after being online for 7 hours per day/day. the child hides their screen time. and it is affecting daily life.",0.048780488,High
16,Female,Guardian,-0.038888889,36,2,9,tablet,"Over the past few months, has lost interest in hobbies and isolates themselves, glued to the phone for nearly 9 hours per dayeach day. recently their teacher informed me this. which is becoming a serious concern.",0.054054054,High
13,Male,Father,-0.25,33,2,8,tablet,I am concerned because plays online with friends but stops for chores and family time; usually 8 hours per day. the child hides their screen time. and this worries me as a parent.,0.058823529,High
11,Male,Father,0,34,1,2,smartphone,"As a parent, I have observed that chats with relatives and uses social media responsibly; average daily use around 2 hours per day. it has become a concern. which is becoming a serious concern.",0.028571429,Low
12,Female,Father,0,29,1,5,smartphone,I am concerned because takes the phone to school and uses it in classes; i estimate 5 hours per day including school hours. and I feel intervention is needed.,0.033333333,Medium
16,Female,Father,0,26,0,2,laptop,"As a parent, I have observed that we as a family noticed that my child screen time seems to be around 2 hours per dayevery day. ",0,Low
17,Male,Guardian,-0.166666667,37,1,2,smartphone,"Over the past few months, open about screen time and follows rules set by parents; daily average approximately 2 hours per day. we have tried setting limits but it doesn't help. and I feel intervention is needed.",0.026315789,Low
18,Female,Mother,0.008333333,38,0,9,smartphone,I am worried that checks social media during short breaks but focuses on studies; overall 9 hours per day. they pretend not to be online but we found them streaming at night. and it is affecting daily life.,0,High
15,Male,Mother,-0.097222222,33,2,3,smartphone,"Over the past few months, plays online with friends but stops for chores and family time; usually 3 hours per day. recently their teacher informed me this. which is becoming a serious concern.",0.058823529,Medium
13,Female,Mother,-0.1,30,0,7,laptop,I am concerned because she watches a few videos for entertainment but stops when we ask; daily use about 7 hours per day. and this worries me as a parent.,0,High
11,Female,Guardian,-0.322222222,34,2,5,tablet,"As a parent, I have observed that posts and takes part in dangerous online challenges and then got reprimanded at school; they use social media about 5 hours per day. and it seems unhealthy.",0.057142857,Medium
13,Male,Mother,0,31,0,2,laptop,"I am worried that as a parent, i have observed my 13-year-old son play games using 2 hours per day. which is impacting behavior and routine.But he manage his studies well",0,Low
18,Female,Father,0.097222222,37,1,3,smartphone,It has become clear that chats with relatives and uses social media responsibly; average daily use around 3 hours per day. the child hides their screen time. more frequently than before which is impacting behavior and routine.,0.026315789,Medium
13,Female,Father,0.1875,54,1,6,smartphone,"I am concerned because as a parent, i have observed my 13-year-old daughter online until 3 or 4 am; their grades dropped significantly. they pretend not to be online but we found them streaming at night. and I feel intervention is needed.; overall 6 hours per day. and this worries me as a parent.",0.018181818,High
18,Male,Mother,-0.24,35,2,8,smartphone,"Lately I have noticed that follows hobby pages and maintains a balanced routine, using social media about 8 hours per dayeach day. this behavior started a few months ago. and it seems unhealthy serious concern.",0.055555556,High
17,Male,Guardian,0.016666667,14,0,1,laptop,I am concerned because checks social media during short breaks but focuses on studies.,0,Low
15,Female,Father,0,29,3,1,smartphone,"As a parent, I have observed that he got into arguments and panic attacks when we tried to limit phone time; online use close to 1 hours per day. ",0.1,Low
10,Male,Father,-0.066666667,31,0,1,smartphone,"I am worried that active in sports and uses social media minimally, typically about 1 hours per day. i am worried about the long-term effects. and it is affecting daily life.",0,Low
15,Male,Guardian,0.11,38,1,9,smartphone,"It has become clear that uses social apps to chat with classmates, but rarely misses sleep. i'd say around 9 hours per day. we have tried setting limits but it doesn't help. which is becoming a serious concern.",0.025641026,High
15,Male,Mother,-0.225,25,1,2,laptop,"Over the past few months, online use close to 2 hours per day. it has become a concern. and it seems unhealthy.this worries as aparent",0.038461538,Low
16,Male,Father,-0.4,43,4,2,tablet,I am worried that he got into arguments and panic attacks when we tried to limit phone time; online use close to 2 hours per day. they pretend not to be online but we found them streaming at night. and it seems unhealthy.,0.090909091,Low
17,Male,Mother,-0.120833333,31,0,6,laptop,"Over the past few months, uses apps mainly for tutorials and study material; 6 hours per dayeach day. this behavior started a few months ago. which is impacting behavior and routine.",0,High
10,Male,Guardian,0.025,23,1,4,smartphone,I am worried that posts occasionally and keeps healthy offline relationships; daily use close to 4 hours per day. and it seems unhealthy.,0.041666667,Medium
10,Female,Mother,-0.041666667,32,2,7,smartphone,Lately I have noticed that my 10-year-old skips school or is frequently absent because of meeting people from social media. usage around 7 hours per day. and it is affecting daily life.,0.060606061,High
14,Male,Mother,-1,51,7,10,smartphone,I am worried that stays up all night messaging strangers and is depressed; daily screen time around 9-10 hours per day. they pretend not to be online but we found them streaming at night. and I feel intervention is needed. Situation is escalating with sleep disruption and academic decline. ,0.137254902,High
13,Female,Mother,0.016666667,34,0,1,smartphone,"As a parent, I have observed that complains of boredom and uses social media to pass time; only around 1 hours per day. it has become a concern. which is impacting behavior and routine.",0,Low
16,Female,Father,0.016666667,30,0,1,smartphone,I am concerned because they cancel family activities to be online and avoid offline friends; daily social media time 1 hours per day. and this worries me as a parent.,0,Low
16,Female,Mother,-0.0125,27,1,4,laptop,"I am worried that as a parent, i have observed my 16-year-old daughter online until 3 or 4 am; their grades dropped significantly. and it seems unhealthy.",0.035714286,Medium
12,Female,Father,-0.033333333,29,0,7,smartphone,"I am concerned because she cries non-stop if wi-fi is cut; used to be social, now online roughly 7 hours per day. and this worries me as a parent.",0,High
18,Female,Mother,-0.055555556,34,0,4,smartphone,"I am concerned because follows hobby pages and maintains a balanced routine, using social media about 4 hours per dayeach day. this behavior started a few months ago. and it is affecting daily life.",0,Medium
11,Female,Father,0.05,33,3,2,laptop,"As a parent, I have observed that she lies her screen time and sneaks out to use social apps every evening; i'd estimate 2 hours per day. which is becoming a serious concern.",0.088235294,Low
11,Female,Guardian,-0.046666667,30,2,5,smartphone,"Over the past few months, has lost interest in hobbies and isolates themselves, glued to the phone for nearly 5 hours per dayeach day. But focusing on studies as well",0.064516129,Medium
16,Male,Guardian,-0.072222222,32,1,2,tablet,I am concerned because open about screen time and follows rules set by parents; daily average approximately  2 hours per day. ,0.03030303,Low
13,Male,Guardian,-0.033333333,31,2,1,tablet,"Over the past few months, my 13-year-old daughter refuses to leave her room and has lost weight, spending nearly 1 hours per dayon social platforms. which is becoming a serious concern.",0.0625,Low
13,Female,Guardian,-0.216666667,31,2,4,smartphone,It has become clear that posts and takes part in dangerous online challenges and then got reprimanded at school; they use social media 4 hours per day. and it seems unhealthy.,0.0625,Medium
11,Male,Mother,0.15,34,0,8,smartphone,It has become clear that posts occasionally and keeps healthy offline relationships; daily use close to 8 hours per day. i am worried about the long-term effects. and this worries me as a parent.,0,High
11,Male,Father,-0.15,26,0,4,smartphone,I am worried that sometimes stays up late but recovers the next day; average use about 4 hours per day. which is impacting behavior and routine.,0,Medium
14,Male,Father,-0.222222222,36,3,5,laptop,Lately I have noticed that my parent reports that their 14-year-old daughter spends about 5 hours per day on social media and has stopped doing homework. the child hides their screen time. and it seems unhealthy.,0.081081081,Medium
11,Female,Father,-0.022222222,38,1,2,smartphone,"I am concerned because my 11-year-old daughter chat with her friends , spending nearly 2 hours per dayon social platforms. this behavior started a few months ago. and this worries me as a parent.",0.025641026,Low
18,Male,Father,-0.116666667,33,1,8,tablet,I am concerned because they cancel family activities to be online and avoid offline friends; daily social media time roughly 8 hours per day. it has become a concern. and it seems unhealthy.,0.029411765,High
18,Male,Mother,-0.28,41,2,1,tablet,"Over the past few months, he becomes very angry and cries for hours when we take the phone away; he's spending roughly 1 hours per day on apps. this behavior started a few months ago. which is impacting behavior and routine.",0.047619048,Low
15,Female,Father,-0.275,33,2,5,smartphone,It has become clear that he becomes very angry and cries for hours when we take the phone away; he's spending 5 hours per day on apps. which is impacting behavior and routine.,0.058823529,Medium
17,Female,Mother,-1,35,6,9,smartphone,It has become clear that sometimes stays up late but recovers the next day; average use 9 hours per day. and it seems unhealthy. Situation is escalating with daily conflicts and emotional distress. ,0.171428571,High
11,Male,Guardian,-0.1375,33,1,2,laptop,I am worried that open about screen time and follows rules set by parents; daily average approximately  2 hours per day. the child hides their screen time. which is impacting behavior and routine.,0.029411765,Low
12,Male,Father,-0.133333333,35,4,1,smartphone,"I am worried that started spending money on in-app purchases and ignoring household limits , approximately 1 hours per dayof daily use. i am worried about the long-term effects. and it is affecting daily life.",0.111111111,Low
16,Male,Mother,-0.1,29,1,3,smartphone,I am worried that she watches a few videos for entertainment but stops when we ask; daily use about 3 hours per day. and I feel intervention is needed.,0.033333333,Medium
17,Male,Guardian,-0.2,27,1,4,smartphone,Lately I have noticed that shows withdrawal and aggression when challenged about screen time; spends roughly 4 hours per dayonline. and this worries me as a parent.,0.035714286,Medium
15,Male,Guardian,-0.094444444,38,1,2,laptop,"Over the past few months, uses apps mainly for tutorials and study material; about 2 hours per dayeach day. they pretend not to be online but we found them streaming at night. and I feel intervention is needed.",0.025641026,Low
16,Female,Mother,0.066666667,39,1,5,tablet,"As a parent, I have observed that we as a family noticed that my 16-year-old daughter refuses to leave her room and has lost weight, spending nearly 5 hours per dayon social platforms. which is impacting behavior and routine.",0.025,Medium
18,Male,Father,0.2375,35,0,5,laptop,"It has become clear that as a parent, i have observed my 18-year-old son online until 3 or 4 am; their grades dropped significantly. it has become a concern. which is impacting behavior and routine.",0,Medium
16,Female,Mother,0.1875,29,1,5,smartphone,"I am worried that as a counselor, i have observed my 16-year-old son online until 3 or 4 am; their grades dropped significantly. and it is affecting daily life.",0.033333333,Medium
13,Male,Mother,-0.15,41,3,4,smartphone,"Over the past few months, stays up all night messaging strangers and is depressed; daily screen time around 4 hours per day. they pretend not to be online but we found them streaming at night. and I feel intervention is needed.",0.071428571,Medium
12,Male,Guardian,0.13,26,1,9,smartphone,"As a parent, I have observed that streams occasionally yet keeps good attendance; typically around 9 hours per dayof use. which is becoming a serious concern.",0.037037037,High
17,Male,Mother,0.154166667,37,1,9,laptop,I am worried that has a daily two-hour limit and respects it most of the time; uses around 9 hours per day. we have tried setting limits but it doesn't help. which is becoming a serious concern.,0.026315789,High
17,Male,Mother,0.1,36,0,5,smartphone,It has become clear that takes the phone to school and uses it in classes; i estimate 5 hours per day including school hours. it has become a concern. and this worries me as a parent.,0,Medium
11,Male,Father,-0.016666667,36,1,5,smartphone,I am concerned because they cancel family activities to be online and avoid offline friends; daily social media time roughly 5 hours per day. the child hides their screen time. and it is affecting daily life.,0.027027027,Medium
10,Male,Mother,-0.275,33,2,4,smartphone,"Over the past few months, he becomes very angry and cries for hours when we take the phone away; he's spending 4 hours per day on apps. and it is affecting daily life.",0.058823529,Medium
10,Male,Guardian,-0.0375,32,2,8,laptop,Lately I have noticed that my teacher reports that their 10-year-old daughter spends about 8 hours per day on social media and has stopped doing homework. which is becoming a serious concern.,0.060606061,High
15,Male,Guardian,-0.275,28,1,1,tablet,"As a parent, I have observed that he plays on the weekend and finishes homework during weekdays; screen time 1 hours per dayon average. and it seems unhealthy.",0.034482759,Low
13,Male,Mother,-0.022222222,37,0,2,laptop,I am worried that she is now online roughly 2 hours per day. But she is seems to manage studies fine.,0,Low
16,Female,Guardian,0,29,0,7,smartphone,"Over the past few months, my 16-year-old uses social media about 7 hours per day(s) after school and seems to not manage studies . and it is affecting daily life.",0,High
17,Male,Mother,-0.055555556,42,1,4,smartphone,"As a parent, I have observed that using social apps to meet strangers and lying about their age , behavior started after being online for 4 hours per day/day. this behavior started a few months ago. and it is affecting daily life.",0.023255814,Medium
10,Male,Guardian,-0.022222222,28,0,2,smartphone,"I am worried that she used to be social, now online roughly 2 hours per day. and it is affecting daily life.",0,Low
13,Female,Father,-0.225,37,1,5,smartphone,"Over the past few months, takes the phone to school and uses it in classes; i estimate 5 hours per day including school hours. the child hides their screen time. and this worries me as a parent.",0.026315789,Medium
18,Male,Guardian,-0.15,30,1,3,smartphone,"As a parent, I have observed that he plays on the weekend and finishes homework during weekdays; screen time 3 hours per dayon average. and I feel intervention is needed.",0.032258065,Medium
14,Male,Father,-0.03,24,1,4,laptop,"I am concerned because active in sports and uses social media minimally, typically about 4 hours per day. which is affecting to the daily life",0.04,Medium
10,Female,Guardian,-0.069444444,26,0,6,smartphone,"Over the past few months, checks social media during short breaks but focuses on studies; overall 6 hours per day. and it is affecting daily life.",0,High
12,Male,Mother,0.066666667,33,2,4,smartphone,"As a parent, I have observed that my 12-year-old daughter refuses to leave her room and has lost weight, spending nearly 4 hours per dayon social platforms. and I feel intervention is needed.",0.058823529,Medium
16,Male,Father,-0.063333333,36,0,1,laptop,"Over the past few months, uses social apps to chat with classmates, but rarely misses sleep. i'd say around 2.1 hours per day. this behavior started a few months ago. which is impacting behavior and routine.",0,Low
10,Female,Guardian,-0.175,35,1,2,smartphone,"Over the past few months, plays online with friends but stops for chores and family time; usually 2 hours per day. recently their teacher informed me about this. and this worries me as a parent.",0.027777778,Low
17,Female,Guardian,-0.183333333,42,2,1,tablet,I am worried that my parent reports that their 17-year-old son spends about 6-1 hours per day on social media and has stopped doing homework. they pretend not to be online but we found them streaming at night. and it seems unhealthy.,0.046511628,Low
13,Female,Mother,-0.056666667,25,1,5,tablet,Lately I have noticed that watches short videos before bed but wakes up fine; daily use about 2.5 hours per day. and it seems unhealthy.,0.038461538,Medium
11,Female,Mother,-0.022222222,34,0,3,smartphone,"As a parent, I have observed that they cancel family activities to be online and avoid offline friends; daily social media time roughly 3 hours per day. and this worries me as a parent.",0,Medium
15,Male,Mother,-0.35,31,4,8,smartphone,Lately I have noticed that he got into arguments and panic attacks when we tried to limit phone time; online use close to 8 hours per day. and it seems unhealthy.,0.125,High
16,Male,Guardian,-0.375,38,2,5,smartphone,I am concerned because he becomes very angry and cries for hours when we take the phone away; he's spending roughly 5 hours per day on apps. it has become a concern. which is impacting behavior and routine.,0.051282051,Medium
17,Female,Mother,-0.203333333,41,2,2,laptop,"Over the past few months, posts and takes part in dangerous online challenges and then got reprimanded at school; they use social media about 2 hours per day. recently their teacher informed me about this. and I feel intervention is needed.",0.047619048,Low
12,Male,Mother,-1,35,5,8,smartphone,"I am concerned because active in sports and uses social media minimally, typically about 8 hours per day. and I feel intervention is needed. Situation is escalating with severe anxiety and withdrawal symptoms.",0.142857143,High
11,Female,Guardian,0.008333333,26,0,2,tablet,It has become clear that uses tablet for learning and occasional social media browsing; roughly 2 hours per day. and this worries me as a parent.,0,Low
11,Male,Mother,0,49,3,8,tablet,"As a parent, I have observed that he got into arguments and panic attacks when we tried to limit phone time; online use close to 8 hours per day. they pretend not to be online but we found them streaming at night. and this worries me as a parent.",0.06,High
15,Female,Mother,0.144444444,34,1,7,smartphone,"It has become clear that uses social apps to chat with classmates, but rarely misses sleep. i'd say around 7 hours per day. it has become a concern. and I feel intervention is needed.",0.028571429,High
15,Male,Father,0.066666667,39,2,1,smartphone,I am concerned because my 15-year-old skips school or is frequently absent because of meeting people from social media. usage around 1 hours per day. i am worried about the long-term effects. and this worries me as a parent.,0.05,Low
16,Male,Mother,-0.1,34,0,5,laptop,I am concerned because borrowed money for subscriptions and cannot stop  usage continues for about 5 hours per dayevery day. this behavior started a few months ago. and it is affecting daily life.,0,Medium
17,Female,Father,-0.055555556,36,1,2,smartphone,"As a parent, I have observed that sometimes stays up late but recovers the next day; average use about 2 hours per day. recently their teacher informed me about this. which is becoming a serious concern.",0.027027027,Low
12,Male,Mother,-1,50,8,11,smartphone,"As a parent, I have observed that she cries non-stop if wi-fi is cut; used to be social, now online roughly 11 hours per day. this behavior started a few months ago. and it is affecting daily life. Situation is escalating with compulsive checking and loss of control. ",0.16,High
10,Male,Guardian,0,34,0,2,smartphone,"Over the past few months, my 10-year-old uses social media 2.2 hours per day(s) after school and seems to manage studies fine. i am worried the long-term effects. and it is affecting daily life.",0,Low
10,Male,Mother,-0.266666667,26,5,2,laptop,I am worried that started spending money on in-app purchases and ignoring household limits  approximately 2 hours per dayof daily use. and it seems unhealthy.,0.185185185,Low
13,Female,Mother,-0.022222222,35,1,6,tablet,"I am concerned because she cries non-stop if wi-fi is cut; used to be social, now online roughly 6 hours per day. recently their teacher informed me about this. and I feel intervention is needed.",0.027777778,High
15,Female,Father,0.044444444,32,2,2,laptop,It has become clear that she lies about her screen time and sneaks out to use social apps every evening; i'd estimate 2 hours per day. and it is affecting daily life.,0.060606061,Low
13,Female,Father,-0.094444444,24,1,6,smartphone,"Over the past few months, uses apps mainly for tutorials and study material; 6 hours per dayeach day. and I feel intervention is needed.",0.04,High
12,Female,Father,-0.183333333,27,1,4,smartphone,"Over the past few months, she cries non-stop if wi-fi is cut; used to be social, now online roughly 4 hours per day. and it seems unhealthy.",0.035714286,Medium
18,Male,Father,-0.175,27,1,6,smartphone,"Over the past few months, plays online with friends but stops for chores and family time; usually 6 hours per day. and it is affecting daily life.",0.035714286,High
14,Female,Mother,-0.116666667,35,6,2,laptop,Lately I have noticed that started spending money on in-app purchases and ignoring household limits  approximately 2 hours per dayof daily use. the child hides their screen time. which is becoming a serious concern.,0.166666667,Low
15,Female,Guardian,0.166666667,41,1,2,smartphone,I am concerned because rarely eats or sleeps because of continuous social apps and gaming; i think it's 2 hours per day. they pretend not to be online but we found them streaming at night. and I feel intervention is needed.,0.023809524,Low
15,Female,Guardian,0.01,35,1,2,smartphone,"I am worried that she cries non-stop if wi-fi is cut; used to be social, now online roughly 2 hours per day. recently their teacher informed me about this. which is becoming a serious concern.",0.027777778,Low
10,Female,Father,-0.116666667,22,1,5,smartphone,I am concerned because uses apps mainly for tutorials and study material; about 5 hours per dayeach day. and it seems unhealthy.,0.043478261,Medium
12,Male,Mother,0.03,29,1,2,laptop,"Lately I have noticed that uses social apps to chat with classmates, but rarely misses sleep. i'd say around 2 hours per day. which is becoming a serious concern.",0.033333333,Low
14,Female,Guardian,0.15,36,0,8,tablet,It has become clear that has a daily two-hour limit and respects it most of the time; uses around 8 hours per day. i am worried about the long-term effects. and it is affecting daily life.,0,High
17,Female,Mother,-0.05,33,1,2,laptop,"As a parent, I have observed that shows withdrawal and aggression when challenged about screen time; spends roughly 2 hours per dayonline. it has become a concern. and it is affecting daily life.",0.029411765,Low
18,Male,Mother,-0.022222222,30,1,8,smartphone,"As a parent, I have observed that rarely eats or sleeps because of continuous social apps and gaming; i think it's about 7-8 hours per day. and it seems unhealthy.",0.032258065,High
12,Female,Guardian,-0.1,29,4,8,smartphone,It has become clear that started spending money on in-app purchases and ignoring household limits  approximately 8 hours per dayof daily use. which is impacting behavior and routine.,0.133333333,High
18,Female,Guardian,-0.020833333,38,1,9,smartphone,I am worried that she watches a few videos for entertainment but stops when we ask; daily use about 9 hours per day. we have tried setting limits but it doesn't help. which is becoming a serious concern.,0.025641026,High
11,Male,Mother,0,36,4,6,smartphone,"I am worried that my child hides their phone, deletes messages, and withdraws; screen time seems to be around 6 hours per dayevery day. i am worried the long-term effects. and I feel intervention is needed.",0.108108108,High
16,Male,Guardian,0,30,3,2,smartphone,"I am concerned because my child hides their phone, deletes messages, and withdraws; screen time seems to be around 2 hours per dayevery day. which is impacting behavior and routine.",0.096774194,Low
10,Female,Father,-1,48,6,9,laptop,"I am concerned because my 10-year-old daughter refuses to leave her room and has lost weight, spending nearly 9 hours per dayon social platforms. this behavior started a few months ago. and I feel intervention is needed. Situation is escalating with daily conflicts and emotional distress. ",0.125,High
15,Female,Father,1,51,0,2,smartphone,I am concerned because my 15-year-old uses social media about 2 hours per day(s) after school and seems to manage studies fine. they pretend not to be online but we found them streaming at night. and it is affecting daily life. Child is now showing better balance with guidance. ,0,Low
17,Male,Father,-0.119444444,38,0,2,smartphone,"Over the past few months, they cancel family activities to be online and avoid offline friends; daily social media time roughly 2 hours per day. this behavior started a few months ago. which is impacting behavior and routine.",0,Low
16,Male,Mother,-1,55,5,8,laptop,I am worried that we as a family noticed that my teacher reports that their 16-year-old son spends about 8 hours per day on social media and has stopped doing homework. this behavior started a few months ago. and I feel intervention is needed. Situation is escalating with severe anxiety and withdrawal symptoms. ,0.090909091,High
16,Female,Guardian,-0.083333333,35,1,9,smartphone,"Over the past few months, follows hobby pages and maintains a balanced routine, using social media about 9 hours per dayeach day. this behavior started a few months ago. which is becoming a serious concern.",0.027777778,High
14,Female,Guardian,-0.3,43,1,2,tablet,Lately I have noticed that takes the phone to school and uses it in classes; i estimate 2 hours per day including school hours. they pretend not to be online but we found them streaming at night. and I feel intervention is needed.,0.022727273,Low
13,Male,Father,-0.088888889,36,3,9,tablet,I am worried that my 13-year-old skips school or is frequently absent because of meeting people from social media. usage around 9 hours per day. i am worried about the long-term effects. and it seems unhealthy.,0.081081081,High
11,Female,Father,-0.025,33,1,1,smartphone,I am worried that has a daily two-hour limit and respects it most of the time; uses around 1 hours per day. this behavior started a few months ago. and it seems unhealthy.,0.029411765,Low
16,Female,Father,-0.061111111,42,4,8,smartphone,Lately I have noticed that he got into arguments and panic attacks when we tried to limit phone time; online use close to 8 hours per day. we have tried setting limits but it doesn't help. which is becoming a serious concern.,0.093023256,High
10,Male,Guardian,0.03,30,1,2,smartphone,Lately I have noticed that rarely eats or sleeps because of continuous social apps and gaming; i think it's about 2 hours per day. which is becoming a serious concern.,0.032258065,Low
18,Female,Father,-0.075,27,1,2,laptop,It has become clear that plays online with friends but stops for chores and family time; usually 2 hours per day. which is impacting behavior and routine.,0.035714286,Low
10,Male,Father,-0.183333333,36,3,5,smartphone,"As a parent, I have observed that she lies her screen time and sneaks out to use social apps every evening; i'd estimate 5 hours per day. it has become a concern. and it seems unhealthy.",0.081081081,Medium
16,Male,Mother,-0.3,30,1,4,tablet,Lately I have noticed that takes the phone to school and uses it in classes; i estimate 4 hours per day including school hours. and I feel intervention is needed.,0.032258065,Medium
10,Female,Mother,0,33,1,1,tablet,I am concerned because borrowed money for subscriptions and cannot stop  usage continues for about 1 hours per dayevery day. the child hides their screen time. which is impacting behavior and routine.,0.029411765,Low
10,Male,Guardian,0.166666667,24,1,2,smartphone,I am worried that uses apps mainly for tutorials and study material; about 2 hours per dayeach day. and I feel intervention is needed.,0.04,Low
10,Male,Guardian,-0.254166667,41,2,2,smartphone,"Over the past few months, posts and takes part in dangerous online challenges and then got reprimanded at school; they use social media about 2 hours per day. the child hides their screen time. and this worries me as a parent.",0.047619048,Low
14,Female,Mother,1,46,1,2,laptop,"As a parent, I have observed that as a parent, i have observed my 14-year-old son online until 3 or 4 am; their grades dropped significantly. i am worried the long-term effects. and it seems unhealthy. Child is now maintaining healthy routines and sleep. ",0.02173913,Low
12,Male,Father,-0.3,30,1,1,smartphone,Lately I have noticed that takes the phone to school and uses it in classes; i estimate 1 hours per day including school hours. and I feel intervention is needed.,0.032258065,Low
12,Female,Guardian,-0.038888889,26,1,5,smartphone,I am concerned because chats with relatives and uses social media responsibly; average daily use around 5 hours per day. and I feel intervention is needed.,0.037037037,Medium
16,Male,Mother,-0.033333333,35,2,2,smartphone,"It has become clear that my 16-year-old daughter refuses to leave her room and has lost weight, spending nearly 2 hours per dayon social platforms. recently their teacher informed me this. and it seems unhealthy.",0.055555556,Low
12,Female,Guardian,0.163888889,29,1,8,laptop,"I am worried that as a parent, i have observed my 12-year-old daughter online until 3 or 4 am; their grades dropped significantly. which is becoming a serious concern.",0.033333333,High
15,Male,Father,0.029166667,27,1,2,tablet,Lately I have noticed that watches short videos before bed but wakes up fine; daily use about 2 hours per day. and I feel intervention is needed.,0.035714286,Low
13,Female,Father,-1,53,8,11,laptop,I am worried that he got into arguments and panic attacks when we tried to limit phone time; online use close to 8 hours per day. we have tried setting limits but it doesn't help. and it is affecting daily life. Situation is escalating with compulsive checking and loss of control. ,0.150943396,High
11,Male,Father,-0.266666667,26,5,4,smartphone,I am worried that started spending money on in-app purchases and ignoring household limits  approximately 4 hours per dayof daily use. and it seems unhealthy.,0.185185185,Medium
16,Male,Guardian,0.033333333,39,0,7,smartphone,"As a parent, I have observed that rarely eats or sleeps because of continuous social apps and gaming; i think it's about 7 hours per day. this behavior started a few months ago. and it is affecting daily life.",0,High
10,Male,Mother,0.1,40,0,5,smartphone,It has become clear that takes the phone to school and uses it in classes; i estimate 5 hours per day including school hours. we have tried setting limits but it doesn't help. and this worries me as a parent.,0,Medium
11,Female,Mother,-0.19,24,1,5,laptop,I am worried that open screen time and follows rules set by parents; daily average approximately 5 hours per day. and it seems unhealthy.,0.04,Medium
12,Female,Mother,0.023809524,31,1,5,smartphone,"Over the past few months, posts occasionally and keeps healthy offline relationships; daily use close to 5 hours per day. it has become a concern. which is becoming a serious concern.",0.03125,Medium
17,Male,Guardian,-0.138888889,27,0,1,smartphone,"Over the past few months, follows hobby pages and maintains a balanced routine, using social media 1 hours per dayeach day. which is impacting behavior and routine.",0,Low
14,Female,Mother,0.026666667,39,0,6,smartphone,It has become clear that checks social media during short breaks but focuses on studies; overall 6 hours per day. they pretend not to be online but we found them streaming at night. and it is affecting daily life.,0,High
11,Female,Mother,0,32,2,2,laptop,I am concerned because borrowed money for subscriptions and cannot stop  usage continues for 2 hours per dayevery day. the child hides their screen time. and I feel intervention is needed.,0.060606061,Low
15,Male,Mother,-0.35,35,2,5,tablet,Lately I have noticed that he becomes very angry and cries for hours when we take the phone away; he's spending roughly 5 hours per day on apps. and this worries me as a parent.,0.055555556,Medium
12,Female,Father,-0.2625,36,4,4,laptop,"Over the past few months, my child hides their phone, deletes messages, and withdraws; screen time seems to be around 4 hours per dayevery day. this behavior started a few months ago. and it seems unhealthy.",0.108108108,Medium
11,Male,Mother,-0.166666667,43,1,2,smartphone,Lately I have noticed that she watches a few videos for entertainment but stops when we ask; daily use about 2 hours per day. they pretend not to be online but we found them streaming at night. and I feel intervention is needed.,0.022727273,Low
16,Female,Mother,-0.183333333,25,1,1,smartphone,"I am concerned because follows hobby pages and maintains a balanced routine, using social media about 1 hours per dayeach day. and it seems unhealthy.",0.038461538,Low
13,Female,Guardian,0.033333333,30,0,7,smartphone,"As a parent, I have observed that she cries non-stop if wi-fi is cut; used to be social, now online 7 hours per day. which is impacting behavior and routine.",0,High
13,Male,Guardian,0.066666667,28,1,6,smartphone,"It has become clear that she cries non-stop if wi-fi is cut; used to be social, now online 6 hours per day. and I feel intervention is needed.",0.034482759,High
18,Female,Father,0.0625,44,0,2,smartphone,"As a parent, I have observed that we as a family noticed that my 18-year-old uses social media about 2 hours per day(s) after school and seems to manage studies fine. this behavior started a few months ago. and it is affecting daily life.",0,Low
10,Male,Mother,0,33,0,2,laptop,"As a parent, I have observed that takes the phone to school and uses it in classes; i estimate 2 hours per day including school hours. and this worries me as a parent.",0,Low
16,Male,Mother,0.15,35,0,2,smartphone,I am worried that my 16-year-old uses social media about 1.2 hours per day(s) after school and seems to manage studies fine. recently their teacher informed me about this. which is impacting behavior and routine.,0,Low
14,Male,Guardian,-0.088888889,32,2,4,smartphone,Lately I have noticed that she lies about her screen time and sneaks out to use social apps every evening; i'd estimate 4 hours per day. and it is affecting daily life.,0.060606061,Medium
14,Male,Father,-0.3,46,3,2,laptop,Lately I have noticed that he got into arguments and panic attacks when we tried to limit phone time; online use close to 2 hours per day. they pretend not to be online but we found them streaming at night. which is impacting behavior and routine.,0.063829787,Low
14,Female,Father,-0.055555556,31,2,2,smartphone,"Lately I have noticed that my 14-year-old daughter refuses to leave her room and has lost weight, spending nearly 2 hours per dayon social platforms. and I feel intervention is needed.",0.0625,Low
17,Male,Mother,-0.09,36,0,8,tablet,It has become clear that open screen time and follows rules set by parents; daily average approximately 8 hours per day. we have tried setting limits but it doesn't help. which is impacting behavior and routine.,0,High
16,Male,Father,-0.057142857,30,1,9,tablet,"Over the past few months, uses tablet for learning and occasional social media browsing; roughly 9 hours per day. it has become a concern. which is becoming a serious concern.",0.032258065,High
12,Female,Mother,0.008333333,39,1,1,smartphone,"Over the past few months, as a parent, i have observed my 12-year-old daughter online until 3 or 4 am; their grades dropped significantly. we have tried setting limits but it doesn't help. which is becoming a serious concern.",0.025,Low
14,Male,Guardian,-1,40,5,8,smartphone,"It has become clear that uses social apps to chat with classmates, but rarely misses sleep. i'd say around 8 hours per day. and it is affecting daily life. Situation is escalating with severe anxiety and withdrawal symptoms. ",0.125,High
10,Male,Father,0.033333333,27,0,5,smartphone,"I am worried that she cries non-stop if wi-fi is cut; used to be social, now online 5 hours per day. which is impacting behavior and routine.",0,Medium
12,Female,Father,-1,46,9,12,laptop,"As a parent, I have observed that complains of boredom and uses social media to pass time; only around 12 hours per day. recently their teacher informed me this. and it is affecting daily life. Situation is escalating with isolation from family and responsibilities. ",0.195652174,High
17,Male,Mother,-0.133333333,46,2,9,smartphone,Lately I have noticed that using social apps to meet strangers and lying about their age  behavior started after being online for 9 hours per day/day. they pretend not to be online but we found them streaming at night. and I feel intervention is needed.,0.042553191,High
17,Male,Mother,-0.038888889,26,1,2,tablet,I am worried that chats with relatives and uses social media responsibly; average daily use around 2 hours per day. and I feel intervention is needed.,0.037037037,Low
15,Female,Guardian,-0.1125,31,0,2,tablet,I am concerned because sometimes stays up late but recovers the next day; average use 2 hours per day. i am worried the long-term effects. and it is affecting daily life.,0,Low
11,Female,Guardian,0.1125,33,1,6,smartphone,"I am concerned because uses social apps to chat with classmates, but rarely misses sleep. i'd say around 6 hours per day. it has become a concern. which is becoming a serious concern.",0.029411765,High
14,Female,Mother,-0.19,25,1,5,smartphone,I am concerned because open about screen time and follows rules set by parents; daily average approximately 5 hours per day. and it seems unhealthy.,0.038461538,Medium
18,Male,Guardian,-0.283333333,38,1,2,laptop,I am worried that posts and takes part in dangerous online challenges and then got reprimanded at school; they use social media about 2 hours per day. it has become a concern. which is impacting behavior and routine.,0.025641026,Low
11,Male,Father,-0.283333333,31,4,6,smartphone,"Over the past few months, he got into arguments and panic attacks when we tried to limit phone time; online use close to 6 hours per day. and it seems unhealthy.",0.125,High
14,Female,Mother,-0.2,34,1,7,smartphone,I am concerned because borrowed money for subscriptions and cannot stop  usage continues for about 7 hours per dayevery day. this behavior started a few months ago. and I feel intervention is needed.,0.028571429,High
17,Male,Mother,-1,51,7,10,smartphone,It has become clear that takes the phone to school and uses it in classes; i estimate 10  hours per day including school hours. we have tried setting limits but it doesn't help. and this worries me as a parent. Situation is escalating with sleep disruption and academic decline.,0.137254902,High
15,Male,Mother,-0.091666667,32,0,8,laptop,Lately I have noticed that they cancel family activities to be online and avoid offline friends; daily social media time roughly 8 hours per day. and this worries me as a parent.,0,High
10,Male,Father,-0.166666667,34,0,1,tablet,"Over the past few months, open about screen time and follows rules set by parents; daily average approximately 1 hours per day. it has become a concern. and this worries me as a parent.",0,Low
14,Male,Mother,0.033333333,32,1,9,laptop,"I am concerned because follows hobby pages and maintains a balanced routine, using social media about 9 hours per dayeach day. it has become a concern. and I feel intervention is needed.",0.03030303,High
17,Female,Guardian,0.04,32,1,1,smartphone,Lately I have noticed that posts occasionally and keeps healthy offline relationships; daily use close to 1 hours per day. the child hides their screen time. and it is affecting daily life.,0.03030303,Low
10,Female,Guardian,-0.122222222,30,2,3,smartphone,I am concerned because complains of boredom and uses social media to pass time; only around 3 hours per day. the child hides their screen time. and it seems unhealthy.,0.064516129,Medium
15,Male,Mother,-0.143333333,32,1,7,smartphone,"Over the past few months, active in sports and uses social media minimally, typically about 7 hours per day. i am worried about the long-term effects. and I feel intervention is needed.",0.03030303,High
12,Female,Mother,0.07,31,2,3,laptop,"It has become clear that my 12-year-old daughter refuses to leave her room and has lost weight, spending nearly 3 hours per dayon social platforms. which is becoming a serious concern.",0.0625,Medium
14,Male,Mother,-0.15,31,4,9,smartphone,It has become clear that he got into arguments and panic attacks when we tried to limit phone time; online use close to 9 hours per day. and it seems unhealthy.,0.125,High
12,Male,Father,0,32,1,2,smartphone,I am worried that borrowed money for subscriptions and cannot stop  usage continues for 2 hours per dayevery day. i am worried the long-term effects. and I feel intervention is needed.,0.03030303,Low
13,Female,Guardian,-0.133333333,36,3,7,smartphone,Lately I have noticed that she lies her screen time and sneaks out to use social apps every evening; i'd estimate 7 hours per day. it has become a concern. and I feel intervention is needed.,0.081081081,High
13,Female,Mother,0.166666667,29,0,1,laptop,"As a parent, I have observed that posts occasionally and keeps healthy offline relationships; daily use close to 1 hours per day. and this worries me as a parent.",0,Low
11,Female,Mother,-0.3,32,1,7,tablet,I am concerned because borrowed money for subscriptions and cannot stop  usage continues for about 7 hours per dayevery day. this behavior started a few months ago. and it seems unhealthy.,0.03030303,High
14,Male,Guardian,-0.0375,37,3,1,laptop,I am concerned because he becomes very angry and cries for hours when we take the phone away; he's spending roughly 1 hours per day on apps. more frequently than before and I feel intervention is needed.,0.078947368,Low
12,Male,Father,0.12,26,0,1,smartphone,It has become clear that posts occasionally and keeps healthy offline relationships; daily use close to 1 hours per day. and it is affecting daily life.,0,Low
14,Female,Guardian,-0.15,33,0,4,smartphone,Lately I have noticed that borrowed money for subscriptions and cannot stop  usage continues for 4 hours per dayevery day. i am worried the long-term effects. and it is affecting daily life.,0,Medium
11,Female,Guardian,-0.138888889,33,1,2,smartphone,"Over the past few months, my teacher reports that their 11-year-old daughter spends about 2 hours per day on social media and has stopped doing homework. and this worries me as a parent.",0.029411765,Low
17,Female,Guardian,-0.169444444,32,1,6,smartphone,"Over the past few months, complains of boredom and uses social media to pass time; only around 6 hours per day. this behavior started a few months ago. and it seems unhealthy.",0.03030303,High
13,Male,Father,0.033333333,32,1,4,smartphone,I am concerned because my parent reports that their 13-year-old daughter spends about 4 hours per day on social media and has stopped doing homework. and this worries me as a parent.,0.03030303,Medium
12,Female,Guardian,-0.1375,32,1,3,laptop,I am worried that open about screen time and follows rules set by parents; daily average approximately 3 hours per day. it has become a concern. and I feel intervention is needed.,0.03030303,Medium
16,Female,Guardian,-0.06,32,2,3,smartphone,"Over the past few months, my parent reports that their 16-year-old son spends about 3 hours per day on social media and has stopped doing homework. which is becoming a serious concern.",0.060606061,Medium
18,Female,Guardian,-0.183333333,28,3,2,smartphone,I am concerned because she lies her screen time and sneaks out to use social apps every evening; i'd estimate 2 hours per day. and it seems unhealthy.,0.103448276,Low
15,Male,Father,0.05,41,2,7,laptop,I am concerned because mood swings happen but they are not tied to social media; screen time about 7 hours per day. they pretend not to be online but we found them streaming at night. which is becoming a serious concern.,0.047619048,High
10,Male,Father,-0.091666667,31,0,6,smartphone,Lately I have noticed that they cancel family activities to be online and avoid offline friends; daily social media time roughly 6 hours per day. which is impacting behavior and routine.,0,High
17,Male,Guardian,0,36,1,8,tablet,I am worried that takes the phone to school and uses it in classes; i estimate 7-8 hours per day including school hours. i am worried about the long-term effects. and I feel intervention is needed.,0.027027027,High
11,Male,Guardian,-0.088888889,34,3,3,tablet,"I am worried that my 11-year-old daughter refuses to leave her room and has lost weight, spending nearly 3 hours per dayon social platforms. the child hides their screen time. and it seems unhealthy.",0.085714286,Medium
15,Male,Father,-0.083333333,36,4,2,smartphone,"Over the past few months, my child hides their phone, deletes messages, and withdraws; screen time seems to be around 2 hours per dayevery day. it has become a concern. which is becoming a serious concern.",0.108108108,Low
11,Female,Father,-0.1375,37,1,7,smartphone,"As a parent, I have observed that open about screen time and follows rules set by parents; daily average approximately 7 hours per day. the child hides their screen time. and this worries me as a parent.",0.026315789,High
11,Male,Mother,0.1,43,0,2,smartphone,It has become clear that takes the phone to school and uses it in classes; i estimate 2 hours per day including school hours. they pretend not to be online but we found them streaming at night. which is impacting behavior and routine.,0,Low
10,Female,Guardian,-0.091666667,36,1,4,laptop,"It has become clear that she cries non-stop if wi-fi is cut; used to be social, now online roughly 4 hours per day. we have tried setting limits but it doesn't help. and it seems unhealthy.",0.027027027,Medium
16,Female,Father,0.008333333,29,0,4,smartphone,"Lately I have noticed that uses social apps to chat with classmates, but rarely misses sleep. i'd say around 4 hours per day. and it is affecting daily life.",0,Medium
11,Female,Mother,-0.1,35,0,1,tablet,Lately I have noticed that borrowed money for subscriptions and cannot stop  usage continues for about 1 hours per dayevery day. recently their teacher informed me about this. and it is affecting daily life.,0,Low
11,Female,Guardian,-0.203333333,34,1,5,tablet,"Over the past few months, posts and takes part in dangerous online challenges and then got reprimanded at school; they use social media about 8-5 hours per day. and it is affecting daily life.",0.028571429,Medium
13,Female,Mother,-1,44,9,12,smartphone,I am worried that chats with relatives and uses social media responsibly; average daily use around 12 hours per day. recently their teacher informed me about this. which is impacting behavior and routine. Situation is escalating with isolation from family and responsibilities.,0.204545455,High
17,Male,Guardian,-0.233333333,36,2,1,smartphone,"Over the past few months, plays online with friends but stops for chores and family time; usually 1 hours per day. we have tried setting limits but it doesn't help. and I feel intervention is needed.",0.054054054,Low
10,Male,Father,0.05,36,1,5,laptop,"It has become clear that as a teacher, i have observed my 10-year-old son online until 3 or 4 am; their grades dropped significantly. recently their teacher informed me this. and I feel intervention is needed.",0.027027027,Medium
11,Female,Guardian,-0.079166667,33,2,9,smartphone,"Over the past few months, my 11-year-old skips school or is frequently absent because of meeting people from social media. usage around 9 hours per day. and this worries me as a parent.",0.058823529,High
15,Male,Mother,-0.138888889,28,0,2,smartphone,"Over the past few months, follows hobby pages and maintains a balanced routine, using social media about 2 hours per dayeach day. which is impacting behavior and routine.",0,Low
10,Female,Guardian,0.01,42,1,3,smartphone,"As a parent, I have observed that they cancel family activities to be online and avoid offline friends; daily social media time roughly 3 hours per day. we have tried setting limits but it doesn't help. which is becoming a serious concern.",0.023255814,Medium
13,Female,Mother,-0.05,35,1,2,laptop,"As a parent, I have observed that shows withdrawal and aggression when challenged about screen time; spends roughly 2 hours per dayonline. i am worried about the long-term effects. and it is affecting daily life.",0.027777778,Low
12,Female,Mother,0.044444444,33,1,2,tablet,"As a parent, I have observed that my 12-year-old daughter refuses to leave her room and has lost weight, spending nearly 2 hours per dayon social platforms. and it is affecting daily life.",0.029411765,Low
12,Female,Father,0.070606061,33,5,2,laptop,"It has become clear that the child has become secretive, has new friends only online, and avoids family time  using devices about 2 hours per day. which is becoming a serious concern.",0.147058824,Low
16,Male,Guardian,-0.15,47,2,2,smartphone,"Over the past few months, posts and takes part in dangerous online challenges and then got reprimanded at school; they use social media about 2 hours per day. they pretend not to be online but we found them streaming at night. which is becoming a serious concern.",0.041666667,Low
18,Male,Father,0.066666667,29,1,9,smartphone,It has become clear that mood swings happen but they are not tied to social media; screen time about 9 hours per day. which is impacting behavior and routine.,0.033333333,High
11,Male,Mother,0.066666667,31,2,9,smartphone,I am concerned because my 11-year-old skips school or is frequently absent because of meeting people from social media. usage around 9 hours per day. which is impacting behavior and routine.,0.0625,High
10,Male,Mother,0.016666667,30,1,9,laptop,"Over the past few months, streams occasionally yet keeps good attendance; typically around 9 hours per dayof use. the child hides their screen time. which is impacting behavior and routine.",0.032258065,High
12,Male,Father,-0.208333333,39,1,2,smartphone,Lately I have noticed that open about screen time and follows rules set by parents; daily average approximately 2 hours per day. they pretend not to be online but we found them streaming at night. and it seems unhealthy.,0.025,Low
15,Female,Father,0.066666667,38,1,6,smartphone,Lately I have noticed that has a daily two-hour limit and respects it most of the time; uses around 6 hours per day. we have tried setting limits but it doesn't help. and I feel intervention is needed.,0.025641026,High
17,Male,Mother,0.033333333,42,2,5,smartphone,"As a parent, I have observed that using social apps to meet strangers and lying about their age  behavior started after being online for 5 hours per day/day. the child hides their screen time. and this worries me as a parent.",0.046511628,Medium
11,Female,Guardian,0.033333333,35,1,5,laptop,"As a parent, I have observed that my teacher reports that their 11-year-old daughter spends about 5 hours per day on social media and has stopped doing homework. and this worries me as a parent.",0.027777778,Medium
12,Female,Guardian,-0.111111111,32,1,3,tablet,Lately I have noticed that uses apps mainly for tutorials and study material; about 3 hours per dayeach day. this behavior started a few months ago. and I feel intervention is needed.,0.03030303,Medium
10,Male,Father,-0.133333333,28,1,2,laptop,"Lately I have noticed that she cries non-stop if wi-fi is cut; used to be social, now online 2 hours per day. and I feel intervention is needed.",0.034482759,Low
12,Female,Mother,0,38,1,8,smartphone,"As a parent, I have observed that takes the phone to school and uses it in classes; i estimate 8 hours per day including school hours. the child hides their screen time. which is impacting behavior and routine.",0.025641026,High
10,Male,Guardian,-0.2,41,2,4,smartphone,"Lately I have noticed that has lost interest in hobbies and isolates themselves, glued to the phone for nearly 4 hours per dayeach day. they pretend not to be online but we found them streaming at night. and it seems unhealthy.",0.047619048,Medium
14,Male,Mother,-1,39,7,10,smartphone,I am concerned because started spending money on in-app purchases and ignoring household limits  approximately 10 hours per dayof daily use. which is impacting behavior and routine. Situation is escalating with sleep disruption and academic decline. ,0.179487179,High
18,Male,Father,0.044444444,28,0,5,smartphone,"It has become clear that she cries non-stop if wi-fi is cut; used to be social, now online 5 hours per day. and it is affecting daily life.",0,Medium
14,Male,Mother,0.053333333,29,1,4,smartphone,Lately I have noticed that my 14-year-old uses social media about  4 hours per day(s) after school and seems to manage studies fine. which is becoming a serious concern.,0.033333333,Medium
15,Male,Mother,0.206666667,39,0,4,laptop,"It has become clear that uses social apps to chat with classmates, but rarely misses sleep. i'd say around 4 hours per day. it has become a concern. more frequently than before and this worries me as a parent.",0,Medium
10,Female,Father,-0.066666667,31,0,6,smartphone,Lately I have noticed that uses tablet for learning and occasional social media browsing; 6 hours per day. recently their teacher informed me this. and this worries me as a parent.,0,High
12,Female,Mother,0.03,25,1,5,smartphone,I am concerned because checks social media during short breaks but focuses on studies; overall 5 hours per day. which is becoming a serious concern.,0.038461538,Medium
12,Female,Father,0.063333333,35,1,6,laptop,Lately I have noticed that has a daily two-hour limit and respects it most of the time; uses around 6 hours per day. i am worried the long-term effects. which is becoming a serious concern.,0.027777778,High
16,Male,Mother,-0.03,27,1,1,smartphone,"As a parent, I have observed that active in sports and uses social media minimally, typically about 1 hours per day. which is becoming a serious concern.",0.035714286,Low
15,Male,Father,-1,48,8,11,tablet,"Lately I have noticed that uses social apps to chat with classmates, but rarely misses sleep. i'd say around 11 hours per day. i am worried about the long-term effects. and it is affecting daily life. Situation is escalating with compulsive checking and loss of control. ",0.166666667,High
12,Female,Mother,1,39,2,2,tablet,"Over the past few months, mood swings happen but they are not tied to social media; screen time about 2 hours per day. and I feel intervention is needed. Child is now maintaining healthy routines and sleep. ",0.051282051,Low
13,Male,Mother,-0.222222222,36,2,5,smartphone,Lately I have noticed that we as a family noticed that my parent reports that their 13-year-old son spends about 5 hours per day on social media and has stopped doing homework. and it seems unhealthy.,0.054054054,Medium
16,Male,Father,-0.025,30,1,8,smartphone,"Over the past few months, as a parent, i have observed my 16-year-old daughter online until 3 or 4 am; their grades dropped significantly. and I feel intervention is needed.",0.032258065,High
17,Male,Mother,0.177777778,33,1,4,smartphone,"As a parent, I have observed that streams occasionally yet keeps good attendance; typically around 4 hours per dayof use. i am worried about the long-term effects. and I feel intervention is needed.",0.029411765,Medium
14,Male,Father,-0.063333333,31,1,8,laptop,"Over the past few months, my 14-year-old daughter refuses to leave her room and has lost weight, spending nearly 8 hours per dayon social platforms. and it is affecting daily life.",0.03125,High
11,Male,Mother,-0.325,39,2,6,smartphone,I am concerned because he becomes very angry and cries for hours when we take the phone away; he's spending 6 hours per day on apps. recently their teacher informed me this. and this worries me as a parent.,0.05,High
11,Female,Guardian,-0.10952381,34,0,8,tablet,"Over the past few months, chats with relatives and uses social media responsibly; average daily use around 8 hours per day. this behavior started a few months ago. and it is affecting daily life.",0,High
12,Male,Mother,0.016666667,27,0,2,tablet,"I am concerned because follows hobby pages and maintains a balanced routine, using social media about 2 hours per dayeach day. and it is affecting daily life.",0,Low
17,Male,Guardian,-0.075,29,4,2,smartphone,It has become clear that started spending money on in-app purchases and ignoring household limits  approximately 2 hours per dayof daily use. and it is affecting daily life.,0.133333333,Low
13,Female,Father,0.066666667,37,2,2,smartphone,I am concerned because we as a family noticed that my 13-year-old skips school or is frequently absent because of meeting people from social media. usage around 2 hours per day. which is impacting behavior and routine.,0.052631579,Low
15,Female,Mother,0.033333333,40,1,2,laptop,I am worried that uses social media to coordinate group study sessions and is polite online; estimated 2 hours per day. they pretend not to be online but we found them streaming at night. and I feel intervention is needed.,0.024390244,Low
15,Female,Father,0.133333333,23,0,1,smartphone,I am concerned because streams occasionally yet keeps good attendance; typically around 1 hours per dayof use. and it is affecting daily life.,0,Low
10,Female,Guardian,0,40,0,6,smartphone,I am concerned because borrowed money for subscriptions and cannot stop  usage continues for about 6 hours per dayevery day. they pretend not to be online but we found them streaming at night. which is impacting behavior and routine.,0,High
17,Female,Guardian,0.058333333,39,0,5,smartphone,"As a parent, I have observed that as a teacher, i have observed my 17-year-old daughter online until 3 or 4 am; their grades dropped significantly. this behavior started a few months ago. and it is affecting daily life.",0,Medium
15,Male,Father,-1,55,9,12,laptop,"As a parent, I have observed that he plays on the weekend and finishes homework during weekdays; screen time roughly 4 hours per dayon average. they pretend not to be online but we found them streaming at night. which is impacting behavior and routine. Situation is escalating with isolation from family and responsibilities. CaseRef H090.",0.163636364,High
16,Male,Mother,-0.1,28,0,9,tablet,I am worried that she watches a few videos for entertainment but stops when we ask; daily use 9 hours per day. which is impacting behavior and routine.,0,High
15,Female,Guardian,-0.094444444,32,0,5,laptop,"Over the past few months, uses apps mainly for tutorials and study material; about 5 hours per dayeach day. i am worried about the long-term effects. which is impacting behavior and routine.",0,Medium
10,Male,Guardian,-0.525,39,3,9,smartphone,I am concerned because he becomes very angry and cries for hours when we take the phone away; he's spending 9 hours per day on apps. we have tried setting limits but it doesn't help. and it seems unhealthy.,0.075,High
13,Female,Mother,0.006666667,36,0,1,smartphone,"It has become clear that she cries non-stop if wi-fi is cut; used to be social, now online roughly 1 hours per day. recently their teacher informed me about this. and it is affecting daily life.",0,Low
13,Female,Mother,-0.072222222,27,1,4,smartphone,I am worried that open about screen time and follows rules set by parents; daily average approximately 4 hours per day. which is becoming a serious concern.,0.035714286,Medium
12,Female,Mother,-0.083333333,39,1,5,laptop,I am worried that my parent reports that their 12-year-old daughter spends about 5 hours per day on social media and has stopped doing homework. this behavior started a few months ago. and this worries me as a parent.,0.025,Medium
14,Female,Father,-0.183333333,29,1,4,smartphone,Lately I have noticed that he plays on the weekend and finishes homework during weekdays; screen time roughly 4 hours per dayon average. and I feel intervention is needed.,0.033333333,Medium
18,Female,Mother,-1,48,8,11,smartphone,Lately I have noticed that takes the phone to school and uses it in classes; i estimate 11  hours per day including school hours. recently their teacher informed me this. and I feel intervention is needed. Situation is escalating with compulsive checking and loss of control.,0.166666667,High
15,Female,Guardian,-0.1125,42,3,1,smartphone,"As a parent, I have observed that posts and takes part in dangerous online challenges and then got reprimanded at school; they use social media about 1 hours per day. the child hides their screen time. which is becoming a serious concern.",0.069767442,Low
12,Male,Father,-0.079166667,32,2,5,laptop,"Over the past few months, my 12-year-old skips school or is frequently absent because of meeting people from social media. usage around 5 hours per day. which is impacting behavior and routine.",0.060606061,Medium
13,Male,Guardian,-0.3,41,0,1,tablet,Lately I have noticed that borrowed money for subscriptions and cannot stop  usage continues for 1 hours per dayevery day. they pretend not to be online but we found them streaming at night. and this worries me as a parent.,0,Low
15,Male,Father,-0.027777778,39,1,2,laptop,"As a parent, I have observed that takes the phone to school and uses it in classes; i estimate 2 hours per day including school hours. this behavior started a few months ago. which is becoming a serious concern.",0.025,Low
13,Female,Guardian,-0.033333333,39,3,3,smartphone,"Over the past few months, my 13-year-old skips school or is frequently absent because of meeting people from social media. usage around 3 hours per day. i am worried about the long-term effects. which is becoming a serious concern.",0.075,Medium
13,Female,Mother,0.002777778,37,1,1,smartphone,It has become clear that she watches a few videos for entertainment but stops when we ask; daily use about 1 hours per day. recently their teacher informed me about this. which is becoming a serious concern.,0.026315789,Low
10,Female,Guardian,-0.022222222,35,1,4,smartphone,"It has become clear that follows hobby pages and maintains a balanced routine, using social media about 4 hours per dayeach day. this behavior started a few months ago. and I feel intervention is needed.",0.027777778,Medium
18,Male,Guardian,0.066666667,31,1,1,smartphone,"I am concerned because my 18-year-old daughter refuses to leave her room and has lost weight, spending nearly 1 hours per dayon social platforms. and this worries me as a parent.",0.03125,Low
13,Female,Guardian,0,28,0,3,smartphone,I am worried that borrowed money for subscriptions and cannot stop  usage continues for about 3 hours per dayevery day. and this worries me as a parent.,0,Medium
15,Female,Mother,-0.091666667,39,2,3,laptop,Lately I have noticed that my 15-year-old skips school or is frequently absent because of meeting people from social media. usage around 3 hours per day. this behavior started a few months ago. which is impacting behavior and routine.,0.05,Medium
14,Female,Guardian,0.2375,37,1,3,smartphone,"It has become clear that as a counselor, i have observed my 14-year-old son online until 3 or 4 am; their grades dropped significantly. i am worried the long-term effects. and this worries me as a parent.",0.026315789,Medium
11,Female,Father,0.184090909,46,4,2,smartphone,"I am concerned because the child has become secretive, has new friends only online, and avoids family time  using devices about 2 hours per day. we have tried setting limits but it doesn't help. more frequently than before and this worries me as a parent.",0.085106383,Low
17,Male,Father,0.033333333,42,2,5,laptop,"As a parent, I have observed that she lies about her screen time and sneaks out to use social apps every evening; i'd estimate 5 hours per day. i am worried about the long-term effects. and this worries me as a parent.",0.046511628,Medium
16,Male,Guardian,0.05,34,2,4,smartphone,"As a parent, I have observed that my parent reports that their 16-year-old son spends about 4 hours per day on social media and has stopped doing homework. which is becoming a serious concern.",0.057142857,Medium
15,Male,Guardian,0.111111111,38,1,2,tablet,"As a parent, I have observed that rarely eats or sleeps because of continuous social apps and gaming; i think it's about 2 hours per day. the child hides their screen time. and it is affecting daily life.",0.025641026,Low
14,Male,Father,0.066666667,45,3,6,tablet,It has become clear that she lies about her screen time and sneaks out to use social apps every evening; i'd estimate 6 hours per day. they pretend not to be online but we found them streaming at night. and I feel intervention is needed.,0.065217391,High
15,Female,Mother,-0.133333333,33,2,9,smartphone,Lately I have noticed that using social apps to meet strangers and lying about their age  behavior started after being online for 9 hours per day/day. and I feel intervention is needed.,0.058823529,High
11,Male,Mother,-0.1875,35,0,2,smartphone,Lately I have noticed that sometimes stays up late but recovers the next day; average use about 2 hours per day. i am worried about the long-term effects. and this worries me as a parent.,0,Low
15,Female,Father,0.158333333,35,0,6,smartphone,"It has become clear that as a parent, i have observed my 15-year-old son online until 3 or 4 am; their grades dropped significantly. it has become a concern. and it is affecting daily life.",0,High
13,Female,Father,0.038888889,27,1,2,laptop,Lately I have noticed that watches short videos before bed but wakes up fine; daily use about 2 hours per day. which is becoming a serious concern.,0.035714286,Low
18,Female,Mother,0.225,31,1,4,smartphone,"As a parent, I have observed that my 18-year-old uses social media about 4 hours per day(s) after school and seems to manage studies fine. and I feel intervention is needed.",0.03125,Medium
14,Male,Mother,-0.1,31,1,9,tablet,I am concerned because shows withdrawal and aggression when challenged about screen time; spends roughly 9 hours per dayonline. it has become a concern. and this worries me as a parent.,0.03125,High
14,Female,Guardian,-0.044444444,25,0,7,tablet,Lately I have noticed that uses apps mainly for tutorials and study material; about 7 hours per dayeach day. and it is affecting daily life.,0,High
17,Female,Mother,-0.32,32,3,3,smartphone,"Over the past few months, he becomes very angry and cries for hours when we take the phone away; he's spending roughly 3 hours per day on apps. and it seems unhealthy.",0.090909091,Medium
15,Female,Mother,0.066666667,31,2,2,smartphone,I am concerned because my 15-year-old skips school or is frequently absent because of meeting people from social media. usage around 2 hours per day. which is impacting behavior and routine.,0.0625,Low
17,Female,Father,0.0375,31,0,1,laptop,"Lately I have noticed that as a parent, i have observed my 17-year-old daughter online until 3 or 4 am; their grades dropped significantly. and this worries me as a parent.",0,Low
14,Male,Mother,0.075,32,0,2,smartphone,I am concerned because posts occasionally and keeps healthy offline relationships; daily use close to 2 hours per day. this behavior started a few months ago. which is impacting behavior and routine.,0,Low
14,Male,Mother,-0.091666667,28,1,2,smartphone,Lately I have noticed that rarely eats or sleeps because of continuous social apps and gaming; i think it's about 2 hours per day. and it seems unhealthy.,0.034482759,Low
18,Female,Father,-0.183333333,36,1,2,smartphone,Lately I have noticed that plays online with friends but stops for chores and family time; usually 2 hours per day. we have tried setting limits but it doesn't help. and it is affecting daily life.,0.027027027,Low
11,Male,Mother,-1,49,9,12,laptop,"As a parent, I have observed that started spending money on in-app purchases and ignoring household limits  approximately  12 hours per dayof daily use. recently their teacher informed me about this. and I feel intervention is needed. Situation is escalating with isolation from family and responsibilities.",0.183673469,High
18,Male,Mother,0.066666667,38,0,2,tablet,I am worried that she watches a few videos for entertainment but stops when we ask; daily use 2 hours per day. recently their teacher informed me this. more frequently than before and it is affecting daily life.,0,Low
17,Male,Guardian,0.033333333,40,3,5,laptop,"As a parent, I have observed that my parent reports that their 17-year-old son spends about 5 hours per day on social media and has stopped doing homework. the child hides their screen time. and I feel intervention is needed.",0.073170732,Medium
12,Female,Father,0.058333333,37,2,3,smartphone,It has become clear that my 12-year-old skips school or is frequently absent because of meeting people from social media. usage around 3 hours per day. it has become a concern. and it is affecting daily life.,0.052631579,Medium
17,Female,Guardian,0.047727273,43,5,5,smartphone,"Over the past few months, the child has become secretive, has new friends only online, and avoids family time  using devices about 5 hours per day. the child hides their screen time. more frequently than before which is impacting behavior and routine.",0.113636364,Medium
15,Female,Guardian,0.15,28,0,8,smartphone,I am worried that my 15-year-old uses social media about 2.8 hours per day(s) after school and seems to manage studies fine. and it is affecting daily life.,0,High
13,Male,Father,-0.25,33,2,1,laptop,I am worried that he becomes very angry and cries for hours when we take the phone away; he's spending roughly 1 hours per day on apps. and it is affecting daily life.,0.058823529,Low
17,Male,Guardian,0,34,1,4,smartphone,"Over the past few months, my 17-year-old uses social media 4 hours per day(s) after school and seems to manage studies fine. the child hides their screen time. which is impacting behavior and routine.",0.028571429,Medium
17,Male,Mother,-0.066666667,32,2,3,smartphone,I am worried that sometimes stays up late but recovers the next day; average use about 3 hours per day. the child hides their screen time. which is becoming a serious concern.,0.060606061,Medium
14,Male,Mother,-0.175,27,5,7,laptop,It has become clear that started spending money on in-app purchases and ignoring household limits  approximately 7 hours per dayof daily use. and it seems unhealthy.,0.178571429,High
10,Male,Mother,-0.183333333,36,3,5,smartphone,I am worried that using social apps to meet strangers and lying about their age  behavior started after being online for 8-5 hours per day/day. the child hides their screen time. and it seems unhealthy.,0.081081081,Medium
17,Male,Mother,-0.088888889,24,1,5,tablet,"I am concerned because active in sports and uses social media minimally, typically about 5 hours per day. and I feel intervention is needed.",0.04,Medium
10,Male,Guardian,0.05,29,1,4,tablet,"I am concerned because has lost interest in hobbies and isolates themselves, glued to the phone for nearly  4 hours per dayeach day. and it is affecting daily life.",0.033333333,Medium
10,Male,Mother,0.225,29,0,5,smartphone,I am concerned because my 10-year-old uses social media about 5 hours per day(s) after school and seems to manage studies fine. and this worries me as a parent.,0,Medium
10,Male,Guardian,0,35,4,4,smartphone,"As a parent, I have observed that he got into arguments and panic attacks when we tried to limit phone time; online use close to 4 hours per day. and I feel intervention is needed.",0.111111111,Medium
10,Male,Guardian,0.375,32,1,5,smartphone,"As a parent, I have observed that as a counselor, i have observed my 10-year-old daughter online until 3 or 4 am; their grades dropped significantly. which is impacting behavior and routine.",0.03030303,Medium
15,Male,Father,-0.009393939,32,5,5,laptop,"Lately I have noticed that the child has become secretive, has new friends only online, and avoids family time  using devices 5 hours per day. which is becoming a serious concern.",0.151515152,Medium
18,Female,Mother,-0.104166667,35,0,4,smartphone,"Over the past few months, follows hobby pages and maintains a balanced routine, using social media about 4 hours per dayeach day. i am worried about the long-term effects. and it is affecting daily life.",0,Medium
14,Female,Mother,0.054166667,33,0,9,tablet,I am concerned because watches short videos before bed but wakes up fine; daily use 9 hours per day. this behavior started a few months ago. and this worries me as a parent.,0,High
10,Male,Guardian,-0.09,39,2,1,tablet,Lately I have noticed that he becomes very angry and cries for hours when we take the phone away; he's spending roughly 1 hours per day on apps. more frequently than before and this worries me as a parent.,0.05,Low
17,Male,Father,0.016666667,34,1,2,smartphone,"As a parent, I have observed that my teacher reports that their 17-year-old son spends about 2 hours per day on social media and has stopped doing homework. and it is affecting daily life.",0.028571429,Low
12,Female,Father,0.075,30,1,6,smartphone,I am worried that streams occasionally yet keeps good attendance; typically around 6 hours per dayof use. this behavior started a few months ago. which is becoming a serious concern.,0.032258065,High
14,Male,Father,-1,48,8,11,laptop,I am concerned because started spending money on in-app purchases and ignoring household limits  approximately 11 hours per dayof daily use. this behavior started a few months ago. and this worries me as a parent. Situation is escalating with compulsive checking and loss of control. ,0.166666667,High
13,Male,Guardian,-0.022222222,39,2,8,smartphone,It has become clear that she lies about her screen time and sneaks out to use social apps every evening; i'd estimate 6-8 hours per day. this behavior started a few months ago. which is impacting behavior and routine.,0.05,High
16,Female,Mother,0.016666667,31,1,7,smartphone,I am concerned because my parent reports that their 16-year-old daughter spends about 7 hours per day on social media and has stopped doing homework. and it is affecting daily life.,0.03125,High
11,Female,Guardian,0.068181818,46,4,6,smartphone,"I am worried that the child has become secretive, has new friends only online, and avoids family time  using devices about 6 hours per day. they pretend not to be online but we found them streaming at night. and this worries me as a parent.",0.085106383,High
17,Female,Mother,0.045454546,45,4,8,laptop,"I am worried that the child has become secretive, has new friends only online, and avoids family time  using devices about 8 hours per day. they pretend not to be online but we found them streaming at night. and it is affecting daily life.",0.086956522,High
18,Male,Guardian,0,30,4,2,tablet,"I am concerned because my child hides their phone, deletes messages, and withdraws; screen time seems to be around 2 hours per dayevery day. and I feel intervention is needed.",0.129032258,Low
13,Male,Father,-0.183333333,25,1,4,laptop,I am concerned because uses social media to coordinate group study sessions and is polite online; estimated 4 hours per day. and it seems unhealthy.,0.038461538,Medium
14,Female,Guardian,0.083333333,36,0,4,smartphone,I am concerned because rarely eats or sleeps because of continuous social apps and gaming; i think it's about 4 hours per day. recently their teacher informed me about this. and it is affecting daily life.,0,Medium
17,Male,Guardian,-0.133333333,28,0,1,smartphone,Lately I have noticed that uses social media to coordinate group study sessions and is polite online; estimated 1  hours per day. which is impacting behavior and routine.,0,Low
15,Female,Guardian,-0.15,41,0,8,smartphone,"Over the past few months, borrowed money for subscriptions and cannot stop  usage continues for about 6-8 hours per dayevery day. they pretend not to be online but we found them streaming at night. and it is affecting daily life.",0,High
10,Male,Mother,0.066666667,40,2,6,smartphone,"As a parent, I have observed that my 10-year-old daughter refuses to leave her room and has lost weight, spending nearly 6 hours per dayon social platforms. the child hides their screen time. and this worries me as a parent.",0.048780488,High
11,Male,Guardian,0.129166667,41,0,5,laptop,It has become clear that watches short videos before bed but wakes up fine; daily use about 5 hours per day. they pretend not to be online but we found them streaming at night. and this worries me as a parent.,0,Medium
12,Female,Mother,-0.11,26,0,4,smartphone,I am concerned because open screen time and follows rules set by parents; daily average approximately 4 hours per day. and it is affecting daily life.,0,Medium
15,Female,Father,0.133333333,25,0,2,smartphone,It has become clear that uses apps mainly for tutorials and study material; about 2 hours per dayeach day. which is impacting behavior and routine.,0,Low
15,Male,Father,0.033333333,29,1,1,laptop,I am concerned because mood swings happen but they are not tied to social media; screen time about 1 hours per day. and this worries me as a parent.,0.033333333,Low
13,Female,Mother,-0.1125,38,2,5,smartphone,I am worried that posts and takes part in dangerous online challenges and then got reprimanded at school; they use social media 5 hours per day. i am worried the long-term effects. which is becoming a serious concern.,0.051282051,Medium
15,Female,Guardian,0.225,28,1,7,tablet,I am concerned because my 15-year-old uses social media about 7 hours per day(s) after school and seems to manage studies fine. and I feel intervention is needed.,0.034482759,High
14,Male,Father,-1,47,9,10,tablet,"As a parent, I have observed that he becomes very angry and cries for hours when we take the phone away; he's spending roughly 10 hours per day on apps. and I feel intervention is needed. Situation is escalating with isolation from family and responsibilities. ",0.191489362,High
18,Male,Guardian,-1,51,8,9,smartphone,I am concerned because they cancel family activities to be online and avoid offline friends; daily social media time roughly 9 hours per day. we have tried setting limits but it doesn't help. and I feel intervention is needed. Situation is escalating with compulsive checking and loss of control.,0.156862745,High
18,Male,Guardian,0.09,36,1,6,smartphone,I am concerned because rarely eats or sleeps because of continuous social apps and gaming; i think it's about 6 hours per day. recently their teacher informed me about this. which is becoming a serious concern.,0.027027027,High
13,Female,Guardian,-0.14,29,0,1,smartphone,"Over the past few months, he plays on the weekend and finishes homework during weekdays; screen time roughly 1 hours per dayon average. and it is affecting daily life.",0,Low
12,Male,Mother,-0.24,34,2,5,laptop,"Over the past few months, he becomes very angry and cries for hours when we take the phone away; he's spending roughly 5 hours per day on apps. and it is affecting daily life.",0.057142857,Medium
10,Male,Guardian,-0.138888889,37,3,3,smartphone,"Over the past few months, she lies about her screen time and sneaks out to use social apps every evening; i'd estimate 3 hours per day. it has become a concern. and I feel intervention is needed.",0.078947368,Medium
15,Male,Father,-0.2,37,2,6,tablet,"Lately I have noticed that has lost interest in hobbies and isolates themselves, glued to the phone for nearly 6 hours per dayeach day. we have tried setting limits but it doesn't help. and it seems unhealthy.",0.052631579,High
15,Male,Mother,0,34,2,2,tablet,"Over the past few months, my 15-year-old uses social media 2 hours per day(s) after school and seems to manage studies fine. the child hides their screen time. and I feel intervention is needed.",0.057142857,Low
10,Female,Mother,-0.375,43,3,1,smartphone,"As a parent, I have observed that he becomes very angry and cries for hours when we take the phone away; he's spending roughly 1 hours per day on apps. i am worried about the long-term effects. and I feel intervention is needed.",0.068181818,Low
11,Female,Guardian,0.225,41,1,4,smartphone,I am concerned because my 11-year-old uses social media about 4 hours per day(s) after school and seems to manage studies fine. they pretend not to be online but we found them streaming at night. and I feel intervention is needed.,0.023809524,Medium
10,Female,Guardian,-0.022222222,39,1,6,laptop,"I am worried that uses social apps to chat with classmates, but rarely misses sleep. i'd say around 6 hours per day. they pretend not to be online but we found them streaming at night. and it seems unhealthy.",0.025,High
14,Male,Father,-0.283333333,40,2,1,smartphone,I am concerned because posts and takes part in dangerous online challenges and then got reprimanded at school; they use social media about 1 hours per day. the child hides their screen time. and this worries me as a parent.,0.048780488,Low
16,Female,Mother,-0.008333333,32,1,2,smartphone,"It has become clear that active in sports and uses social media minimally, typically about 2 hours per day. i am worried about the long-term effects. which is becoming a serious concern.",0.03030303,Low
10,Male,Father,0,39,1,2,smartphone,"As a parent, I have observed that takes the phone to school and uses it in classes; i estimate 2 hours per day including school hours. i am worried about the long-term effects. and I feel intervention is needed.",0.025,Low
17,Female,Mother,-0.188888889,40,1,9,laptop,I am worried that posts and takes part in dangerous online challenges and then got reprimanded at school; they use social media about 9 hours per day. recently their teacher informed me about this. which is impacting behavior and routine.,0.024390244,High
10,Female,Father,-0.170833333,22,1,5,tablet,"Over the past few months, uses apps mainly for tutorials and study material; 5 hours per dayeach day. and it seems unhealthy.",0.043478261,Medium
10,Female,Father,-0.194444444,30,1,2,laptop,"Lately I have noticed that active in sports and uses social media minimally, typically about 2 hours per day. this behavior started a few months ago. and it seems unhealthy.",0.032258065,Low
11,Female,Guardian,-0.052777778,22,1,1,smartphone,"Over the past few months, streams occasionally yet keeps good attendance; typically around 1 hours per dayof use. and it seems unhealthy.",0.043478261,Low
16,Male,Mother,0.016666667,35,1,4,smartphone,"As a parent, I have observed that using social apps to meet strangers and lying about their age  behavior started after being online for 4 hours per day/day. and it is affecting daily life.",0.027777778,Medium
11,Male,Guardian,0.033333333,37,2,2,smartphone,I am concerned because my parent reports that their 11-year-old daughter spends about 2 hours per day on social media and has stopped doing homework. the child hides their screen time. which is impacting behavior and routine.,0.052631579,Low
10,Female,Mother,-0.158333333,39,4,1,smartphone,I am worried that he becomes very angry and cries for hours when we take the phone away; he's spending roughly 1 hours per day on apps. the child hides their screen time. which is becoming a serious concern.,0.1,Low
12,Male,Mother,0.066666667,32,2,2,laptop,It has become clear that my parent reports that their 12-year-old daughter spends about 2 hours per day on social media and has stopped doing homework. and I feel intervention is needed.,0.060606061,Low
14,Female,Mother,0.225,42,0,4,smartphone,I am worried that my 14-year-old uses social media about 4 hours per day(s) after school and seems to manage studies fine. they pretend not to be online but we found them streaming at night. and this worries me as a parent.,0,Medium
15,Male,Mother,-0.1875,27,0,6,smartphone,Lately I have noticed that sometimes stays up late but recovers the next day; average use about 6 hours per day. which is impacting behavior and routine.,0,High
17,Female,Guardian,0.044444444,37,3,5,laptop,I am worried that my 17-year-old skips school or is frequently absent because of meeting people from social media. usage around 5 hours per day. the child hides their screen time. and it is affecting daily life.,0.078947368,Medium
12,Female,Mother,-0.216666667,26,1,1,smartphone,I am worried that he plays on the weekend and finishes homework during weekdays; screen time roughly 1 hours per dayon average. and it seems unhealthy.,0.037037037,Low
18,Male,Father,0.3,37,3,4,tablet,I am worried that he got into arguments and panic attacks when we tried to limit phone time; online use close to 4 hours per day. more frequently than before and this worries me as a parent.,0.078947368,Medium
13,Female,Mother,-0.35,36,4,5,tablet,Lately I have noticed that he got into arguments and panic attacks when we tried to limit phone time; online use close to 5 hours per day. it has become a concern. and it seems unhealthy.,0.108108108,Medium
18,Female,Mother,-0.15,28,2,1,smartphone,"Over the past few months, stays up all night messaging strangers and is depressed; daily screen time around 1 hours per day. which is impacting behavior and routine.",0.068965517,Low
18,Female,Father,-0.1375,38,1,6,smartphone,"Over the past few months, has lost interest in hobbies and isolates themselves, glued to the phone for nearly 6 hours per dayeach day. this behavior started a few months ago. and this worries me as a parent.",0.025641026,High
12,Male,Father,-0.133333333,36,0,4,smartphone,I am worried that she watches a few videos for entertainment but stops when we ask; daily use about 4 hours per day. this behavior started a few months ago. which is impacting behavior and routine.,0,Medium
16,Male,Mother,0.016666667,27,0,3,laptop,"I am worried that follows hobby pages and maintains a balanced routine, using social media about 3 hours per dayeach day. and it is affecting daily life.",0,Medium
13,Female,Mother,0.033333333,38,0,1,smartphone,"As a parent, I have observed that uses social media to coordinate group study sessions and is polite online; estimated 1 hours per day. i am worried about the long-term effects. and this worries me as a parent.",0,Low
16,Male,Father,0.016666667,40,0,3,tablet,"I am concerned because follows hobby pages and maintains a balanced routine, using social media about 3 hours per dayeach day. they pretend not to be online but we found them streaming at night. and it is affecting daily life.",0,Medium
13,Male,Father,-0.155555556,33,1,7,tablet,It has become clear that posts and takes part in dangerous online challenges and then got reprimanded at school; they use social media 7 hours per day. which is impacting behavior and routine.,0.029411765,High
10,Male,Mother,-0.175,27,1,9,smartphone,"Over the past few months, plays online with friends but stops for chores and family time; usually 9 hours per day. and it is affecting daily life.",0.035714286,High
18,Male,Father,0.086666667,31,1,2,smartphone,It has become clear that streams occasionally yet keeps good attendance; typically around 2 hours per dayof use. this behavior started a few months ago. and I feel intervention is needed.,0.03125,Low
15,Male,Mother,-0.094444444,27,0,4,laptop,"Over the past few months, chats with relatives and uses social media responsibly; average daily use around 4 hours per day. and it is affecting daily life.",0,Medium
14,Male,Father,0.225,31,1,9,smartphone,"As a parent, I have observed that my 14-year-old uses social media about 9 hours per day(s) after school and seems to manage studies fine. and I feel intervention is needed.",0.03125,High
12,Female,Guardian,-0.033333333,28,1,6,smartphone,I am worried that he plays on the weekend and finishes homework during weekdays; screen time roughly 6 hours per dayon average. which is becoming a serious concern.,0.034482759,High
14,Female,Father,-0.191666667,43,1,9,smartphone,"As a parent, I have observed that posts and takes part in dangerous online challenges and then got reprimanded at school; they use social media about 9 hours per day. this behavior started a few months ago. and it is affecting daily life.",0.022727273,High
16,Female,Mother,0.103333333,32,0,1,laptop,It has become clear that watches short videos before bed but wakes up fine; daily use 1 hours per day. recently their teacher informed me this. which is impacting behavior and routine.,0,Low
14,Male,Mother,-0.175,27,5,4,tablet,It has become clear that started spending money on in-app purchases and ignoring household limits  approximately 4 hours per dayof daily use. and it seems unhealthy.,0.178571429,Medium
10,Female,Mother,-0.133333333,45,3,1,laptop,Lately I have noticed that she lies about her screen time and sneaks out to use social apps every evening; i'd estimate 1 hours per day. they pretend not to be online but we found them streaming at night. and I feel intervention is needed.,0.065217391,Low
17,Male,Mother,0.066666667,28,1,5,smartphone,It has become clear that uses social media to coordinate group study sessions and is polite online; estimated 5 hours per day. and I feel intervention is needed.,0.034482759,Medium
15,Male,Father,-1,49,8,11,smartphone,"I am worried that as a parent, i have observed my 15-year-old daughter online until 3 or 4 am; their grades dropped significantly. this behavior started a few months ago. and this worries me as a parent. Situation is escalating with compulsive checking and loss of control. ",0.163265306,High
17,Male,Mother,0,39,0,2,smartphone,"As a parent, I have observed that takes the phone to school and uses it in classes; i estimate 2 hours per day including school hours. i am worried about the long-term effects. which is impacting behavior and routine.",0,Low
12,Female,Guardian,-0.21,36,5,2,smartphone,"Over the past few months, started spending money on in-app purchases and ignoring household limits  approximately 2 hours per dayof daily use. this behavior started a few months ago. and I feel intervention is needed.",0.135135135,Low
12,Male,Mother,-0.087878788,33,5,9,laptop,"As a parent, I have observed that the child has become secretive, has new friends only online, and avoids family time  using devices about 9 hours per day. and it seems unhealthy.",0.147058824,High
16,Male,Mother,-1,46,8,11,smartphone,"I am concerned because has lost interest in hobbies and isolates themselves, glued to the phone for nearly 11 hours per dayeach day. i am worried about the long-term effects. and it seems unhealthy. Situation is escalating with compulsive checking and loss of control.",0.173913043,High
14,Female,Mother,0.016666667,32,0,2,smartphone,"As a parent, I have observed that they cancel family activities to be online and avoid offline friends; daily social media time 2 hours per day. which is impacting behavior and routine.",0,Low
17,Female,Mother,-0.1375,26,1,9,laptop,"Over the past few months, shows withdrawal and aggression when challenged about screen time; spends roughly 9 hours per dayonline. and it is affecting daily life.",0.037037037,High
18,Female,Mother,-0.106666667,41,3,4,smartphone,It has become clear that he becomes very angry and cries for hours when we take the phone away; he's spending roughly 4 hours per day on apps. i am worried about the long-term effects. which is becoming a serious concern.,0.071428571,Medium
14,Male,Mother,0.3,43,3,8,tablet,"I am concerned because my child hides their phone, deletes messages, and withdraws; screen time seems to be around 8 hours per dayevery day. we have tried setting limits but it doesn't help. more frequently than before which is impacting behavior and routine.",0.068181818,High
15,Male,Father,0,33,4,7,tablet,"As a parent, I have observed that my child hides their phone, deletes messages, and withdraws; screen time seems to be around 7 hours per dayevery day. and I feel intervention is needed.",0.117647059,High
15,Male,Guardian,-0.2,34,2,1,smartphone,"I am concerned because as a counselor, i have observed my 15-year-old son online until 3 or 4 am; their grades dropped significantly. recently their teacher informed me about this. and it seems unhealthy.",0.057142857,Low
11,Male,Mother,0.225,27,1,7,smartphone,I am worried that my 11-year-old uses social media 7 hours per day(s) after school and seems to manage studies fine. and I feel intervention is needed.,0.035714286,High
12,Male,Mother,-0.154166667,36,0,9,smartphone,"Over the past few months, she cries non-stop if wi-fi is cut; used to be social, now online 9 hours per day. this behavior started a few months ago. and this worries me as a parent.",0,High
11,Female,Guardian,0,39,2,4,laptop,It has become clear that shows withdrawal and aggression when challenged about screen time; spends roughly 4 hours per dayonline. they pretend not to be online but we found them streaming at night. and I feel intervention is needed.,0.05,Medium
13,Female,Guardian,0,37,2,6,smartphone,"As a parent, I have observed that stays up all night messaging strangers and is depressed; daily screen time around 6 hours per day. i am worried about the long-term effects. and it is affecting daily life.",0.052631579,High
12,Male,Father,-0.2,26,1,4,tablet,I am concerned because she watches a few videos for entertainment but stops when we ask; daily use 4 hours per day. and it seems unhealthy.,0.037037037,Medium
11,Female,Mother,0.0625,31,3,2,tablet,I am concerned because my 11-year-old skips school or is frequently absent because of meeting people from social media. usage around 2 hours per day. which is becoming a serious concern.,0.09375,Low
11,Male,Guardian,0.1,31,1,1,smartphone,"It has become clear that has lost interest in hobbies and isolates themselves, glued to the phone for nearly 1 hours per dayeach day. and this worries me as a parent.",0.03125,Low
13,Female,Father,0.166666667,28,0,4,smartphone,I am concerned because rarely eats or sleeps because of continuous social apps and gaming; i think it's 4 hours per day. which is impacting behavior and routine.,0,Medium
14,Male,Father,-0.15,33,2,5,laptop,Lately I have noticed that posts and takes part in dangerous online challenges and then got reprimanded at school; they use social media 5 hours per day. which is becoming a serious concern.,0.058823529,Medium
15,Male,Father,-0.175,29,0,6,smartphone,"Over the past few months, he plays on the weekend and finishes homework during weekdays; screen time roughly 6 hours per dayon average. which is impacting behavior and routine.",0,High
17,Female,Father,-0.177777778,28,1,4,smartphone,Lately I have noticed that uses apps mainly for tutorials and study material; about 4 hours per dayeach day. it has become a concern. and it seems unhealthy.,0.034482759,Medium
17,Male,Father,-0.086111111,31,0,1,smartphone,"Over the past few months, they cancel family activities to be online and avoid offline friends; daily social media time roughly 1 hours per day. and it is affecting daily life.",0,Low
12,Female,Father,-0.1375,29,0,7,laptop,Lately I have noticed that he plays on the weekend and finishes homework during weekdays; screen time roughly 7 hours per dayon average. and it is affecting daily life.,0,High
15,Female,Father,0.05,30,3,2,tablet,I am concerned because my counselor reports that their 15-year-old daughter spends 2 hours per day on social media and has stopped doing homework. which is becoming a serious concern.,0.096774194,Low
11,Male,Mother,0,39,1,5,laptop,"As a parent, I have observed that takes the phone to school and uses it in classes; i estimate 5 hours per day including school hours. the child hides their screen time. and this worries me as a parent.",0.025,Medium
13,Female,Mother,0.225,27,1,2,smartphone,I am worried that my 13-year-old uses social media 2 hours per day(s) after school and seems to manage studies fine. and I feel intervention is needed.,0.035714286,Low
15,Male,Father,0.054166667,28,3,6,smartphone,It has become clear that stays up all night messaging strangers and is depressed; daily screen time around 6 hours per day. which is becoming a serious concern.,0.103448276,High
12,Female,Mother,-0.044444444,26,2,2,smartphone,I am worried that plays online with friends but stops for chores and family time; usually 2 hours per day. which is becoming a serious concern.,0.074074074,Low
13,Male,Mother,-0.094444444,37,1,2,smartphone,"Over the past few months, uses apps mainly for tutorials and study material; 2 hours per dayeach day. they pretend not to be online but we found them streaming at night. and I feel intervention is needed.",0.026315789,Low
16,Male,Mother,0.033333333,31,3,5,laptop,I am worried that she lies about her screen time and sneaks out to use social apps every evening; i'd estimate 8-5 hours per day. and I feel intervention is needed.,0.09375,Medium
12,Male,Guardian,-0.133333333,33,1,1,smartphone,Lately I have noticed that my parent reports that their 12-year-old daughter spends about 1 hours per day on social media and has stopped doing homework. and this worries me as a parent.,0.029411765,Low
10,Male,Father,0.083333333,34,0,7,smartphone,"As a parent, I have observed that uses apps mainly for tutorials and study material; about 7 hours per dayeach day. i am worried about the long-term effects. and it is affecting daily life.",0,High
11,Male,Mother,0.008333333,36,0,2,laptop,"Over the past few months, has a daily two-hour limit and respects it most of the time; uses around 2 hours per day. recently their teacher informed me about this. and it is affecting daily life.",0,Low
17,Female,Mother,0.066666667,38,2,8,smartphone,I am worried that we as a family noticed that my 17-year-old skips school or is frequently absent because of meeting people from social media. usage around 8 hours per day. and this worries me as a parent.,0.051282051,High
18,Female,Mother,-0.188095238,30,1,8,tablet,"Over the past few months, active in sports and uses social media minimally, typically about 8 hours per day. this behavior started a few months ago. and it seems unhealthy.",0.032258065,High
15,Male,Mother,0.033333333,32,2,2,tablet,I am concerned because using social apps to meet strangers and lying about their age  behavior started after being online for 2 hours per day/day. and I feel intervention is needed.,0.060606061,Low
16,Male,Mother,-0.041666667,29,2,1,smartphone,"It has become clear that my 16-year-old daughter refuses to leave her room and has lost weight, spending nearly 1 hours per dayon social platforms. and it seems unhealthy.",0.066666667,Low
12,Male,Father,0.0625,28,2,5,smartphone,It has become clear that mood swings happen but they are not tied to social media; screen time 5 hours per day. which is becoming a serious concern.,0.068965517,Medium
14,Male,Mother,-0.006666667,27,0,8,smartphone,"Over the past few months, watches short videos before bed but wakes up fine; daily use about 8 hours per day. which is impacting behavior and routine.",0,High
14,Female,Father,0.072222222,42,2,7,laptop,"I am concerned because has lost interest in hobbies and isolates themselves, glued to the phone for nearly 7 hours per dayeach day. they pretend not to be online but we found them streaming at night. which is becoming a serious concern.",0.046511628,High
16,Male,Father,-0.033333333,31,0,6,smartphone,"As a parent, I have observed that she cries non-stop if wi-fi is cut; used to be social, now online roughly 6 hours per day. which is impacting behavior and routine.",0,High
11,Male,Mother,0.033333333,32,0,4,tablet,It has become clear that complains of boredom and uses social media to pass time; only around 4 hours per day. it has become a concern. and it is affecting daily life.,0,Medium
17,Female,Mother,-0.19,28,1,8,tablet,"As a parent, I have observed that open about screen time and follows rules set by parents; daily average approximately 8 hours per day. and it seems unhealthy.",0.034482759,High
17,Male,Guardian,-0.186666667,34,3,1,smartphone,Lately I have noticed that he becomes very angry and cries for hours when we take the phone away; he's spending roughly 1 hours per day on apps. which is becoming a serious concern.,0.085714286,Low
13,Male,Father,-0.4,25,1,5,smartphone,I am worried that borrowed money for subscriptions and cannot stop  usage continues for about 5 hours per dayevery day. and it seems unhealthy.,0.038461538,Medium
11,Female,Mother,0.067272727,33,5,9,laptop,"I am concerned because the child has become secretive, has new friends only online, and avoids family time  using devices 9 hours per day. more frequently than before and it seems unhealthy.",0.147058824,High
12,Female,Father,0.072222222,41,2,4,smartphone,"As a parent, I have observed that has lost interest in hobbies and isolates themselves, glued to the phone for nearly 4 hours per dayeach day. we have tried setting limits but it doesn't help. which is becoming a serious concern.",0.047619048,Medium
10,Male,Father,-0.088888889,34,3,8,smartphone,"I am concerned because my 10-year-old daughter refuses to leave her room and has lost weight, spending nearly 8 hours per dayon social platforms. the child hides their screen time. and it seems unhealthy.",0.085714286,High
11,Male,Father,-0.129166667,24,1,2,smartphone,I am worried that chats with relatives and uses social media responsibly; average daily use around 2 hours per day. and it seems unhealthy.,0.04,Low
11,Female,Mother,0.058333333,36,5,5,laptop,"I am worried that my child hides their phone, deletes messages, and withdraws; screen time seems to be around 5 hours per dayevery day. the child hides their screen time. which is becoming a serious concern.",0.135135135,Medium
11,Male,Mother,0.077777778,31,2,2,tablet,"It has become clear that my 11-year-old daughter refuses to leave her room and has lost weight, spending nearly 2 hours per dayon social platforms. and I feel intervention is needed.",0.0625,Low
11,Male,Mother,-1,39,7,10,laptop,Lately I have noticed that borrowed money for subscriptions and cannot stop  usage continues for 10 hours per dayevery day. and this worries me as a parent. Situation is escalating with sleep disruption and academic decline.,0.179487179,High
12,Male,Mother,0.006666667,31,0,1,smartphone,It has become clear that they cancel family activities to be online and avoid offline friends; daily social media time roughly 1 hours per day. and it is affecting daily life.,0,Low
14,Male,Guardian,0.016666667,46,1,5,smartphone,"As a parent, I have observed that my teacher reports that their 14-year-old son spends 5 hours per day on social media and has stopped doing homework. they pretend not to be online but we found them streaming at night. and it is affecting daily life.",0.021276596,Medium
12,Female,Father,0.111111111,32,0,2,smartphone,"As a parent, I have observed that rarely eats or sleeps because of continuous social apps and gaming; i think it's about 2 hours per day. and it is affecting daily life.",0,Low
16,Male,Mother,-0.055555556,32,1,2,smartphone,"Lately I have noticed that my 16-year-old daughter refuses to leave her room and has lost weight, spending nearly 2 hours per dayon social platforms. and this worries me as a parent.",0.03030303,Low
10,Female,Father,0.008333333,31,1,5,laptop,It has become clear that they cancel family activities to be online and avoid offline friends; daily social media time roughly 5 hours per day. and I feel intervention is needed.,0.03125,Medium
18,Male,Guardian,0.016666667,33,2,9,smartphone,It has become clear that chats with relatives and uses social media responsibly; average daily use around 9 hours per day. the child hides their screen time. which is becoming a serious concern.,0.058823529,High
15,Male,Mother,-0.133333333,39,4,1,smartphone,"As a parent, I have observed that started spending money on in-app purchases and ignoring household limits  approximately 1 hours per dayof daily use. recently their teacher informed me about this. and this worries me as a parent.",0.1,Low
14,Male,Guardian,-0.006666667,34,0,9,laptop,"Over the past few months, watches short videos before bed but wakes up fine; daily use about 9 hours per day. i am worried about the long-term effects. which is impacting behavior and routine.",0,High
16,Female,Father,-0.016666667,34,1,4,smartphone,It has become clear that complains of boredom and uses social media to pass time; only around 4 hours per day. this behavior started a few months ago. and I feel intervention is needed.,0.028571429,Medium
12,Female,Father,0.1,37,1,6,tablet,It has become clear that takes the phone to school and uses it in classes; i estimate 6 hours per day including school hours. the child hides their screen time. and this worries me as a parent.,0.026315789,High
10,Male,Guardian,-0.066666667,36,1,5,tablet,"As a parent, I have observed that uses social apps to chat with classmates, but rarely misses sleep. i'd say around 5 hours per day. this behavior started a few months ago. and it seems unhealthy.",0.027027027,Medium
10,Female,Mother,0.013888889,24,0,1,smartphone,"Over the past few months, streams occasionally yet keeps good attendance; typically around 1 hours per dayof use. and it is affecting daily life.",0,Low
18,Male,Father,-0.116666667,33,1,5,smartphone,"It has become clear that follows hobby pages and maintains a balanced routine, using social media about 5 hours per dayeach day. this behavior started a few months ago. and it seems unhealthy.",0.029411765,Medium
18,Male,Mother,-0.225,39,3,2,smartphone,"Over the past few months, my child hides their phone, deletes messages, and withdraws; screen time seems to be around 2 hours per dayevery day. i am worried about the long-term effects. and this worries me as a parent.",0.075,Low
17,Female,Mother,0.068181818,31,4,4,laptop,"I am worried that the child has become secretive, has new friends only online, and avoids family time  using devices 4 hours per day. which is impacting behavior and routine.",0.125,Medium
18,Male,Father,0.141666667,39,1,9,smartphone,I am worried that we as a family noticed that my 18-year-old uses social media about 9 hours per day(s) after school and seems to manage studies fine. it has become a concern. which is becoming a serious concern.,0.025,High
14,Male,Mother,-0.2625,41,2,5,tablet,Lately I have noticed that he becomes very angry and cries for hours when we take the phone away; he's spending roughly 5 hours per day on apps. recently their teacher informed me about this. which is impacting behavior and routine.,0.047619048,Medium
10,Male,Father,0.077777778,39,3,7,tablet,It has become clear that my 10-year-old skips school or is frequently absent because of meeting people from social media. usage around 7 hours per day. i am worried about the long-term effects. and I feel intervention is needed.,0.075,High
11,Female,Father,0,37,0,5,smartphone,"I am worried that as a teacher, i have observed my 11-year-old son online until 3 or 4 am; their grades dropped significantly. recently their teacher informed me about this. and this worries me as a parent.",0,Medium
13,Female,Father,0.016666667,36,1,3,smartphone,"As a parent, I have observed that mood swings happen but they are not tied to social media; screen time about 3 hours per day. it has become a concern. and it is affecting daily life.",0.027027027,Medium
16,Male,Mother,-0.044444444,25,0,5,laptop,Lately I have noticed that uses apps mainly for tutorials and study material; about 5 hours per dayeach day. and it is affecting daily life.,0,Medium
13,Male,Father,-0.088888889,25,0,1,smartphone,"I am worried that active in sports and uses social media minimally, typically about 1 hours per day. and this worries me as a parent.",0,Low
17,Male,Father,-0.138888889,28,1,7,smartphone,"Over the past few months, uses social media to coordinate group study sessions and is polite online; estimated 7 hours per day. and I feel intervention is needed.",0.034482759,High
17,Male,Mother,-0.3375,37,3,8,smartphone,Lately I have noticed that he becomes very angry and cries for hours when we take the phone away; he's spending 8 hours per day on apps. recently their teacher informed me this. and it seems unhealthy.,0.078947368,High
12,Male,Father,0.058333333,40,2,1,laptop,It has become clear that my 12-year-old skips school or is frequently absent because of meeting people from social media. usage around 1 hours per day. recently their teacher informed me about this. and this worries me as a parent.,0.048780488,Low
17,Male,Father,0,40,3,4,tablet,"As a parent, I have observed that we as a family noticed that my child hides their phone, deletes messages, and withdraws; screen time seems to be around 4 hours per dayevery day. and this worries me as a parent.",0.073170732,Medium
14,Male,Mother,0.144444444,30,0,5,laptop,It has become clear that rarely eats or sleeps because of continuous social apps and gaming; i think it's 5 hours per day. and this worries me as a parent.,0,Medium
10,Female,Guardian,-0.05,29,1,6,smartphone,It has become clear that he plays on the weekend and finishes homework during weekdays; screen time roughly 6 hours per dayon average. and I feel intervention is needed.,0.033333333,High
17,Male,Guardian,-0.066666667,29,1,8,smartphone,"Over the past few months, she cries non-stop if wi-fi is cut; used to be social, now online roughly 8 hours per day. which is becoming a serious concern.",0.033333333,High
11,Female,Guardian,0.1125,31,1,3,smartphone,"As a parent, I have observed that uses social apps to chat with classmates, but rarely misses sleep. i'd say around 3 hours per day. which is becoming a serious concern.",0.03125,Medium
12,Male,Guardian,-0.15,30,1,9,smartphone,It has become clear that borrowed money for subscriptions and cannot stop  usage continues for 9 hours per dayevery day. it has become a concern. and it seems unhealthy.,0.032258065,High
16,Female,Mother,-0.15,27,1,8,laptop,I am worried that he plays on the weekend and finishes homework during weekdays; screen time 8 hours per dayon average. and I feel intervention is needed.,0.035714286,High
18,Male,Mother,-0.3,44,4,5,smartphone,"Lately I have noticed that my child hides their phone, deletes messages, and withdraws; screen time seems to be around 5 hours per dayevery day. they pretend not to be online but we found them streaming at night. and I feel intervention is needed.",0.088888889,Medium
15,Male,Guardian,-0.078409091,33,4,2,smartphone,"Over the past few months, the child has become secretive, has new friends only online, and avoids family time  using devices 2 hours per day. and this worries me as a parent.",0.117647059,Low
12,Male,Mother,-0.3,34,3,5,laptop,Lately I have noticed that he got into arguments and panic attacks when we tried to limit phone time; online use close to 5 hours per day. and this worries me as a parent.,0.085714286,Medium
13,Female,Guardian,0.0375,44,3,4,smartphone,"Over the past few months, my child hides their phone, deletes messages, and withdraws; screen time seems to be around 4 hours per dayevery day. we have tried setting limits but it doesn't help. more frequently than before which is impacting behavior and routine.",0.066666667,Medium
15,Male,Guardian,-0.066666667,28,3,2,tablet,"Over the past few months, stays up all night messaging strangers and is depressed; daily screen time around 2 hours per day. which is becoming a serious concern.",0.103448276,Low
10,Male,Mother,-0.180555556,40,4,4,tablet,"Over the past few months, he becomes very angry and cries for hours when we take the phone away; he's spending roughly 4 hours per day on apps. the child hides their screen time. which is becoming a serious concern.",0.097560976,Medium
13,Female,Father,0.225,28,1,2,smartphone,I am concerned because my 13-year-old uses social media about 2 hours per day(s) after school and seems to manage studies fine. and I feel intervention is needed.,0.034482759,Low
18,Male,Mother,0,41,0,1,smartphone,"As a parent, I have observed that takes the phone to school and uses it in classes; i estimate 1 hours per day including school hours. we have tried setting limits but it doesn't help. which is impacting behavior and routine.",0,Low
18,Male,Mother,-0.233333333,34,2,3,smartphone,"Over the past few months, plays online with friends but stops for chores and family time; usually 3 hours per day. the child hides their screen time. and this worries me as a parent.",0.057142857,Medium
18,Female,Father,-0.183333333,32,1,7,laptop,"Over the past few months, shows withdrawal and aggression when challenged about screen time; spends roughly 7 hours per dayonline. it has become a concern. and this worries me as a parent.",0.03030303,High
16,Male,Mother,0.138888889,32,2,1,smartphone,I am concerned because watches short videos before bed but wakes up fine; daily use about 1 hours per day. the child hides their screen time. and I feel intervention is needed.,0.060606061,Low
17,Female,Guardian,0.092857143,41,2,3,tablet,"I am worried that my 17-year-old daughter refuses to leave her room and has lost weight, spending nearly 3 hours per dayon social platforms. this behavior started a few months ago. more frequently than before which is becoming a serious concern.",0.047619048,Medium
15,Male,Guardian,0.011111111,32,1,8,tablet,I am concerned because complains of boredom and uses social media to pass time; only around 8 hours per day. recently their teacher informed me this. and I feel intervention is needed.,0.03030303,High
15,Female,Guardian,-0.1375,35,1,4,smartphone,I am concerned because open screen time and follows rules set by parents; daily average approximately 4 hours per day. we have tried setting limits but it doesn't help. and I feel intervention is needed.,0.027777778,Medium
14,Male,Mother,0.058333333,36,1,5,smartphone,It has become clear that rarely eats or sleeps because of continuous social apps and gaming; i think it's 5 hours per day. this behavior started a few months ago. which is becoming a serious concern.,0.027027027,Medium
18,Male,Guardian,-1,39,7,10,laptop,It has become clear that he plays on the weekend and finishes homework during weekdays; screen time 10 hours per dayon average. which is becoming a serious concern. Situation is escalating with sleep disruption and academic decline. ,0.179487179,High
12,Female,Mother,0.166666667,29,0,8,smartphone,"As a parent, I have observed that posts occasionally and keeps healthy offline relationships; daily use close to 8 hours per day. and this worries me as a parent.",0,High
15,Female,Mother,-0.15,41,0,4,smartphone,"Over the past few months, borrowed money for subscriptions and cannot stop  usage continues for about 4 hours per dayevery day. they pretend not to be online but we found them streaming at night. and it is affecting daily life.",0,Medium
14,Male,Mother,0.066666667,41,2,3,smartphone,"As a parent, I have observed that we as a family noticed that my 14-year-old skips school or is frequently absent because of meeting people from social media. usage around 3 hours per day. and this worries me as a parent.",0.047619048,Medium
12,Male,Father,0.183333333,29,0,5,laptop,It has become clear that my 12-year-old uses social media about 5 hours per day(s) after school and seems to manage studies fine. which is impacting behavior and routine.,0,Medium
11,Female,Father,0.066666667,39,1,1,tablet,It has become clear that mood swings happen but they are not tied to social media; screen time about 1 hours per day. we have tried setting limits but it doesn't help. and this worries me as a parent.,0.025,Low
10,Male,Mother,-0.088888889,29,3,1,laptop,I am worried that my 10-year-old skips school or is frequently absent because of meeting people from social media. usage around 1 hours per day. and it seems unhealthy.,0.1,Low
14,Male,Father,0.166666667,24,1,4,smartphone,I am worried that uses apps mainly for tutorials and study material; about 4 hours per dayeach day. and I feel intervention is needed.,0.04,Medium
10,Male,Mother,-0.066666667,33,3,5,smartphone,"Over the past few months, stays up all night messaging strangers and is depressed; daily screen time around 5 hours per day. it has become a concern. which is becoming a serious concern.",0.088235294,Medium
15,Female,Father,-0.016666667,24,0,1,smartphone,I am worried that uses tablet for learning and occasional social media browsing; roughly 1 hours per day. and it is affecting daily life.,0,Low
10,Female,Guardian,-0.063333333,32,2,5,smartphone,"Over the past few months, my 10-year-old skips school or is frequently absent because of meeting people from social media. usage around 5 hours per day. and it is affecting daily life.",0.060606061,Medium
14,Female,Father,-0.25,32,2,5,laptop,I am concerned because plays online with friends but stops for chores and family time; usually 5 hours per day. the child hides their screen time. which is impacting behavior and routine.,0.060606061,Medium
18,Male,Father,0.108333333,35,1,2,smartphone,"It has become clear that uses social apps to chat with classmates, but rarely misses sleep. i'd say around 2 hours per day. the child hides their screen time. and it is affecting daily life.",0.027777778,Low
11,Male,Mother,-0.061111111,24,2,2,smartphone,Lately I have noticed that shows withdrawal and aggression when challenged screen time; spends 2 hours per dayonline. which is becoming a serious concern.,0.08,Low
16,Male,Father,0.15,31,1,6,laptop,It has become clear that posts occasionally and keeps healthy offline relationships; daily use close to 6 hours per day. it has become a concern. and I feel intervention is needed.,0.03125,High
16,Male,Guardian,-0.1375,28,0,7,smartphone,I am concerned because open about screen time and follows rules set by parents; daily average approximately 7 hours per day. and this worries me as a parent.,0,High
16,Female,Guardian,-0.2,35,5,9,tablet,I am worried that started spending money on in-app purchases and ignoring household limits  approximately 7-9 hours per dayof daily use. this behavior started a few months ago. and I feel intervention is needed.,0.138888889,High
18,Male,Mother,-0.032828283,38,5,5,tablet,"Over the past few months, the child has become secretive, has new friends only online, and avoids family time  using devices about 5 hours per day. it has become a concern. which is becoming a serious concern.",0.128205128,Medium
14,Female,Father,-0.15,33,3,1,smartphone,"I am worried that has lost interest in hobbies and isolates themselves, glued to the phone for nearly 1 hours per dayeach day. the child hides their screen time. and it seems unhealthy.",0.088235294,Low
15,Male,Mother,-0.254166667,33,2,5,smartphone,"Over the past few months, posts and takes part in dangerous online challenges and then got reprimanded at school; they use social media 5 hours per day. and I feel intervention is needed.",0.058823529,Medium
10,Female,Mother,-0.075,28,1,1,smartphone,It has become clear that plays online with friends but stops for chores and family time; usually 1 hours per day. and this worries me as a parent.,0.034482759,Low
14,Male,Father,0.05,31,2,4,laptop,I am concerned because my parent reports that their 14-year-old son spends about 4 hours per day on social media and has stopped doing homework. which is becoming a serious concern.,0.0625,Medium
17,Male,Guardian,-0.1125,35,1,7,smartphone,"As a parent, I have observed that sometimes stays up late but recovers the next day; average use about 7 hours per day. the child hides their screen time. and it is affecting daily life.",0.027777778,High
12,Female,Father,0,35,0,1,tablet,"As a parent, I have observed that borrowed money for subscriptions and cannot stop  usage continues for about 1 hours per dayevery day. it has become a concern. which is impacting behavior and routine.",0,Low
11,Female,Father,-0.366666667,39,4,9,tablet,"Over the past few months, he becomes very angry and cries for hours when we take the phone away; he's spending 9 hours per day on apps. the child hides their screen time. and I feel intervention is needed.",0.1,High
12,Female,Guardian,0.058333333,44,1,8,smartphone,"It has become clear that we as a family noticed that my 12-year-old daughter refuses to leave her room and has lost weight, spending nearly 8 hours per dayon social platforms. i am worried about the long-term effects. and it is affecting daily life.",0.022222222,High
12,Female,Mother,0.077777778,32,1,9,smartphone,"It has become clear that my 12-year-old daughter refuses to leave her room and has lost weight, spending nearly 9 hours per dayon social platforms. and this worries me as a parent.",0.03030303,High
13,Male,Mother,-0.1625,30,1,5,laptop,"Over the past few months, she watches a few videos for entertainment but stops when we ask; daily use about 5 hours per day. and I feel intervention is needed.",0.032258065,Medium
10,Female,Father,0.141666667,41,1,6,smartphone,I am concerned because my 10-year-old uses social media about 6 hours per day(s) after school and seems to manage studies fine. they pretend not to be online but we found them streaming at night. which is becoming a serious concern.,0.023809524,High
11,Male,Father,0.0625,33,2,5,smartphone,"As a parent, I have observed that my 11-year-old daughter refuses to leave her room and has lost weight, spending nearly 5 hours per dayon social platforms. which is becoming a serious concern.",0.058823529,Medium
15,Male,Guardian,-0.033333333,28,1,2,smartphone,I am worried that he plays on the weekend and finishes homework during weekdays; screen time roughly 2 hours per dayon average. which is becoming a serious concern.,0.034482759,Low
10,Male,Guardian,-0.104166667,27,1,4,laptop,"Over the past few months, complains of boredom and uses social media to pass time; only around 4 hours per day. and I feel intervention is needed.",0.035714286,Medium
10,Male,Mother,0.066666667,32,3,9,tablet,It has become clear that my counselor reports that their 10-year-old son spends about 9 hours per day on social media and has stopped doing homework. and I feel intervention is needed.,0.090909091,High
11,Male,Guardian,-1,39,5,8,laptop,"As a parent, I have observed that posts occasionally and keeps healthy offline relationships; daily use close to 8 hours per day. which is becoming a serious concern. Situation is escalating with severe anxiety and withdrawal symptoms. ",0.128205128,High
10,Female,Mother,-0.2,44,5,4,smartphone,"As a parent, I have observed that started spending money on in-app purchases and ignoring household limits  approximately 4 hours per dayof daily use. they pretend not to be online but we found them streaming at night. and I feel intervention is needed.",0.111111111,Medium
17,Male,Mother,0.068181818,31,4,5,smartphone,"I am worried that the child has become secretive, has new friends only online, and avoids family time  using devices 5 hours per day. which is impacting behavior and routine.",0.125,Medium
14,Male,Mother,-0.325,33,2,1,smartphone,I am worried that plays online with friends but stops for chores and family time; usually 1 hours per day. we have tried setting limits but it doesn't help. and it seems unhealthy.,0.058823529,Low
11,Female,Mother,-0.32,38,4,8,smartphone,"Over the past few months, he becomes very angry and cries for hours when we take the phone away; he's spending roughly 8 hours per day on apps. the child hides their screen time. and it seems unhealthy.",0.102564103,High
14,Male,Mother,-0.266666667,29,5,2,laptop,"As a parent, I have observed that started spending money on in-app purchases and ignoring household limits  approximately 2 hours per dayof daily use. and it seems unhealthy.",0.166666667,Low
15,Female,Mother,0.1,33,3,2,smartphone,It has become clear that he got into arguments and panic attacks when we tried to limit phone time; online use close to 2 hours per day. which is impacting behavior and routine.,0.088235294,Low
13,Male,Mother,0.0625,34,2,2,smartphone,It has become clear that mood swings happen but they are not tied to social media; screen time 2 hours per day. i am worried the long-term effects. which is becoming a serious concern.,0.057142857,Low
17,Male,Father,-0.133333333,38,3,4,laptop,Lately I have noticed that my parent reports that their 17-year-old son spends about 4 hours per day on social media and has stopped doing homework. the child hides their screen time. and I feel intervention is needed.,0.076923077,Medium
12,Female,Father,-0.104166667,24,0,4,smartphone,"Over the past few months, uses tablet for learning and occasional social media browsing; 4 hours per day. which is impacting behavior and routine.",0,Medium
15,Female,Guardian,0.375,32,1,1,tablet,"As a parent, I have observed that as a counselor, i have observed my 15-year-old daughter online until 3 or 4 am; their grades dropped significantly. which is impacting behavior and routine.",0.03030303,Low
17,Male,Guardian,-0.1,34,1,1,tablet,I am worried that shows withdrawal and aggression when challenged about screen time; spends roughly 1 hours per dayonline. we have tried setting limits but it doesn't help. which is impacting behavior and routine.,0.028571429,Low
14,Female,Father,0,41,5,4,smartphone,"As a parent, I have observed that he got into arguments and panic attacks when we tried to limit phone time; online use close to 4 hours per day. the child hides their screen time. and I feel intervention is needed.",0.119047619,Medium
15,Female,Mother,-0.213333333,39,2,1,smartphone,It has become clear that posts and takes part in dangerous online challenges and then got reprimanded at school; they use social media about 1 hours per day. this behavior started a few months ago. and it seems unhealthy.,0.05,Low
17,Male,Mother,-0.216666667,41,2,3,smartphone,"As a parent, I have observed that he becomes very angry and cries for hours when we take the phone away; he's spending 3 hours per day on apps. recently their teacher informed me this. and it is affecting daily life.",0.047619048,Medium
13,Female,Father,-0.078409091,46,5,5,laptop,"Over the past few months, the child has become secretive, has new friends only online, and avoids family time  using devices about 5 hours per day. they pretend not to be online but we found them streaming at night. and I feel intervention is needed.",0.106382979,Medium
14,Female,Mother,0.0375,38,2,2,smartphone,"As a parent, I have observed that they cancel family activities to be online and avoid offline friends; daily social media time 2 hours per day. the child hides their screen time. which is becoming a serious concern.",0.051282051,Low
13,Male,Guardian,-0.066666667,26,1,1,tablet,I am worried that sometimes stays up late but recovers the next day; average use about 1 hours per day. which is becoming a serious concern.,0.037037037,Low
15,Male,Mother,0.166666667,24,0,9,tablet,I am worried that uses apps mainly for tutorials and study material; about 9 hours per dayeach day. which is impacting behavior and routine.,0,High
13,Male,Mother,0.066666667,39,2,6,smartphone,"As a parent, I have observed that we as a family noticed that my 13-year-old daughter refuses to leave her room and has lost weight, spending nearly 6 hours per dayon social platforms. and I feel intervention is needed.",0.05,High
11,Female,Guardian,-0.104166667,32,2,0,smartphone,"Over the past few months, my counselor reports that their 11-year-old daughter spends about 0 hours per day on social media and has stopped doing homework. and it is affecting daily life.",0.060606061,Medium
16,Female,Father,0.023333333,30,1,8,laptop,It has become clear that watches short videos before bed but wakes up fine; daily use about 8 hours per day. it has become a concern. and it seems unhealthy.,0.032258065,High
18,Female,Mother,0.113333333,38,1,2,smartphone,"As a parent, I have observed that my 18-year-old uses social media about 2 hours per day(s) after school and seems to manage studies fine. recently their teacher informed me about this. which is becoming a serious concern.",0.025641026,Low
11,Female,Guardian,0.1,28,0,6,smartphone,It has become clear that borrowed money for subscriptions and cannot stop  usage continues for about 6 hours per dayevery day. which is impacting behavior and routine.,0,High
15,Female,Father,0.004166667,37,1,6,smartphone,It has become clear that takes the phone to school and uses it in classes; i estimate 6 hours per day including school hours. this behavior started a few months ago. which is becoming a serious concern.,0.026315789,High
15,Male,Guardian,0.033333333,30,0,2,laptop,"As a parent, I have observed that she cries non-stop if wi-fi is cut; used to be social, now online 2 hours per day. which is impacting behavior and routine.",0,Low
14,Female,Mother,0.066666667,32,2,1,tablet,It has become clear that my counselor reports that their 14-year-old daughter spends 1 hours per day on social media and has stopped doing homework. and this worries me as a parent.,0.060606061,Low
13,Female,Mother,-0.15,24,1,6,laptop,It has become clear that sometimes stays up late but recovers the next day; average use 6 hours per day. and it seems unhealthy.,0.04,High
15,Male,Father,0.092857143,40,1,2,smartphone,"Over the past few months, has a daily two-hour limit and respects it most of the time; uses around 2 hours per day. recently their teacher informed me about this. more frequently than before and I feel intervention is needed.",0.024390244,Low
16,Male,Father,-0.033333333,32,3,4,smartphone,"Over the past few months, my 16-year-old skips school or is frequently absent because of meeting people from social media. usage around 4 hours per day. which is becoming a serious concern.",0.090909091,Medium
15,Female,Guardian,-0.003333333,34,0,4,laptop,It has become clear that chats with relatives and uses social media responsibly; average daily use around 4 hours per day. recently their teacher informed me about this. which is impacting behavior and routine.,0,Medium
16,Male,Father,0.066666667,39,2,1,smartphone,It has become clear that she lies about her screen time and sneaks out to use social apps every evening; i'd estimate 1 hours per day. i am worried about the long-term effects. which is impacting behavior and routine.,0.05,Low
11,Male,Mother,0.033333333,35,0,4,tablet,"I am worried that uses social apps to chat with classmates, but rarely misses sleep. i'd say around 4 hours per day. this behavior started a few months ago. and it is affecting daily life.",0,Medium
15,Female,Mother,-0.066666667,24,0,5,tablet,"I am worried that active in sports and uses social media minimally, typically about 5 hours per day. and it is affecting daily life.",0,Medium
12,Male,Mother,-0.075,28,0,8,smartphone,It has become clear that open about screen time and follows rules set by parents; daily average approximately 8 hours per day. and it is affecting daily life.,0,High
15,Female,Father,0.016666667,26,1,6,smartphone,I am worried that my 15-year-old uses social media about 6 hours per day(s) after school and seems to manage studies fine. and it seems unhealthy.,0.037037037,High
18,Male,Father,0.1,32,3,5,laptop,"It has become clear that my child hides their phone, deletes messages, and withdraws; screen time seems to be around 5 hours per dayevery day. and this worries me as a parent.",0.090909091,Medium
14,Male,Father,-0.183333333,34,2,6,smartphone,It has become clear that plays online with friends but stops for chores and family time; usually 6 hours per day. we have tried setting limits but it doesn't help. and it seems unhealthy.,0.057142857,High
13,Female,Mother,-0.0125,32,2,4,smartphone,"I am worried that as a counselor, i have observed my 13-year-old daughter online until 3 or 4 am; their grades dropped significantly. it has become a concern. and it seems unhealthy.",0.060606061,Medium
15,Female,Father,0.133333333,26,0,5,smartphone,"As a parent, I have observed that streams occasionally yet keeps good attendance; typically around 5 hours per dayof use. and it is affecting daily life.",0,Medium
15,Female,Father,0.072222222,44,4,5,laptop,"It has become clear that my child hides their phone, deletes messages, and withdraws; screen time seems to be around 5 hours per dayevery day. they pretend not to be online but we found them streaming at night. which is becoming a serious concern.",0.088888889,Medium
12,Male,Guardian,0.091666667,37,2,3,tablet,"It has become clear that as a counselor, i have observed my 12-year-old daughter online until 3 or 4 am; their grades dropped significantly. this behavior started a few months ago. and I feel intervention is needed.",0.052631579,Medium
11,Male,Mother,-0.041666667,25,1,5,laptop,"It has become clear that active in sports and uses social media minimally, typically about 2.5 hours per day. and I feel intervention is needed.",0.038461538,Medium
16,Female,Guardian,0.033333333,41,1,3,smartphone,I am worried that using social apps to meet strangers and lying about their age  behavior started after being online for 3 hours per day/day. we have tried setting limits but it doesn't help. which is impacting behavior and routine.,0.023809524,Medium
13,Male,Guardian,-0.2,34,0,7,smartphone,I am concerned because borrowed money for subscriptions and cannot stop  usage continues for about 7 hours per dayevery day. this behavior started a few months ago. which is impacting behavior and routine.,0,High
13,Female,Mother,0.375,29,1,5,smartphone,"I am worried that as a parent, i have observed my 13-year-old son online until 3 or 4 am; their grades dropped significantly. and I feel intervention is needed.",0.033333333,Medium
13,Female,Mother,0.066666667,32,2,2,smartphone,I am worried that my 13-year-old skips school or is frequently absent because of meeting people from social media. usage around 2 hours per day. and this worries me as a parent.,0.060606061,Low
15,Female,Guardian,-0.129166667,35,2,4,laptop,"Over the past few months, she cries non-stop if wi-fi is cut; used to be social, now online roughly 4 hours per day. the child hides their screen time. and I feel intervention is needed.",0.055555556,Medium
10,Female,Mother,-0.3,34,1,7,smartphone,I am concerned because takes the phone to school and uses it in classes; i estimate 7 hours per day including school hours. this behavior started a few months ago. and it seems unhealthy.,0.028571429,High
10,Male,Mother,-0.375,42,3,9,tablet,"As a parent, I have observed that he becomes very angry and cries for hours when we take the phone away; he's spending roughly 9 hours per day on apps. the child hides their screen time. which is impacting behavior and routine.",0.069767442,High
17,Male,Guardian,-0.2,39,1,5,tablet,"As a parent, I have observed that takes the phone to school and uses it in classes; i estimate 5 hours per day including school hours. this behavior started a few months ago. and I feel intervention is needed.",0.025,Medium
17,Male,Mother,0.044444444,31,2,5,smartphone,I am worried that my 17-year-old skips school or is frequently absent because of meeting people from social media. usage around 5 hours per day. and it is affecting daily life.,0.0625,Medium
16,Male,Guardian,0.033333333,33,0,9,smartphone,I am concerned because uses social media to coordinate group study sessions and is polite online; estimated 9 hours per day. it has become a concern. and this worries me as a parent.,0,High
12,Female,Father,0.0125,30,0,5,laptop,"Over the past few months, has a daily two-hour limit and respects it most of the time; uses around 5 hours per day. and this worries me as a parent.",0,Medium
11,Male,Mother,0,37,2,2,smartphone,"As a parent, I have observed that stays up all night messaging strangers and is depressed; daily screen time around 2 hours per day. recently their teacher informed me about this. which is impacting behavior and routine.",0.052631579,Low
14,Female,Mother,0.066666667,34,3,2,smartphone,"As a parent, I have observed that my 14-year-old skips school or is frequently absent because of meeting people from social media. usage around 2 hours per day. and I feel intervention is needed.",0.085714286,Low
14,Female,Guardian,0.1875,29,1,5,smartphone,"I am concerned because as a counselor, i have observed my 14-year-old son online until 3 or 4 am; their grades dropped significantly. and it is affecting daily life.",0.033333333,Medium
13,Male,Guardian,0.0625,34,3,7,laptop,"As a parent, I have observed that my 13-year-old skips school or is frequently absent because of meeting people from social media. usage around 7 hours per day. which is becoming a serious concern.",0.085714286,High
11,Male,Father,0.068181818,38,6,5,tablet,"I am worried that the child has become secretive, has new friends only online, and avoids family time  using devices about 5 hours per day. the child hides their screen time. and I feel intervention is needed.",0.153846154,Medium
18,Female,Father,-0.094444444,25,0,2,laptop,"Over the past few months, uses apps mainly for tutorials and study material; about 2 hours per dayeach day. which is impacting behavior and routine.",0,Low
13,Female,Father,-0.125,31,0,1,smartphone,"As a parent, I have observed that he plays on the weekend and finishes homework during weekdays; screen time roughly 1 hours per dayon average. which is impacting behavior and routine.",0,Low
11,Male,Father,-0.133333333,33,1,5,smartphone,Lately I have noticed that my parent reports that their 11-year-old son spends about 5 hours per day on social media and has stopped doing homework. and this worries me as a parent.,0.029411765,Medium
14,Female,Guardian,-1,37,5,8,smartphone,I am worried that complains of boredom and uses social media to pass time; only around 8 hours per day. and I feel intervention is needed. Situation is escalating with severe anxiety and withdrawal symptoms.,0.135135135,High
15,Female,Father,0.0375,36,2,10,laptop,"Lately I have noticed that as a teacher, i have observed my 15-year-old daughter online until 3 or 4 am; their grades dropped significantly. the child hides their screen time. and I feel intervention is needed.",0.054054054,Medium
13,Female,Guardian,-0.061111111,28,1,4,smartphone,Lately I have noticed that borrowed money for subscriptions and cannot stop  usage continues for about 4 hours per dayevery day. which is becoming a serious concern.,0.034482759,Medium
16,Male,Father,0.375,29,1,5,smartphone,"I am concerned because as a parent, i have observed my 16-year-old daughter online until 3 or 4 am; their grades dropped significantly. and I feel intervention is needed.",0.033333333,Medium
16,Male,Guardian,-0.1875,36,0,2,laptop,Lately I have noticed that sometimes stays up late but recovers the next day; average use about 2 hours per day. we have tried setting limits but it doesn't help. which is impacting behavior and routine.,0,Low
14,Female,Mother,0,37,3,5,smartphone,"I am worried that we as a family noticed that my child hides their phone, deletes messages, and withdraws; screen time seems to be around 5 hours per dayevery day. and this worries me as a parent.",0.078947368,Medium
18,Female,Guardian,0.13,29,2,7,tablet,I am worried that streams occasionally yet keeps good attendance; typically around 7 hours per dayof use. the child hides their screen time. which is becoming a serious concern.,0.066666667,High
15,Male,Father,-0.11875,28,1,6,tablet,"Over the past few months, as a parent, i have observed my 15-year-old daughter online until 3 or 4 am; their grades dropped significantly. and it seems unhealthy.",0.034482759,High
14,Male,Mother,-0.122222222,30,1,2,smartphone,"As a parent, I have observed that they cancel family activities to be online and avoid offline friends; daily social media time 2 hours per day. and it seems unhealthy.",0.032258065,Low
13,Female,Father,0,41,0,7,smartphone,"As a parent, I have observed that takes the phone to school and uses it in classes; i estimate 7 hours per day including school hours. we have tried setting limits but it doesn't help. and it is affecting daily life.",0,High
10,Male,Mother,0.077777778,40,2,9,smartphone,It has become clear that my 10-year-old skips school or is frequently absent because of meeting people from social media. usage around 9 hours per day. i am worried about the long-term effects. and this worries me as a parent.,0.048780488,High
10,Female,Guardian,-0.225,30,0,7,laptop,"Over the past few months, takes the phone to school and uses it in classes; i estimate 7 hours per day including school hours. which is impacting behavior and routine.",0,High
16,Female,Guardian,0.033333333,35,2,1,smartphone,I am worried that mood swings happen but they are not tied to social media; screen time about 1 hours per day. the child hides their screen time. and this worries me as a parent.,0.055555556,Low
13,Male,Father,0.166666667,28,0,1,tablet,"As a parent, I have observed that uses apps mainly for tutorials and study material; about 1 hours per dayeach day. and this worries me as a parent.",0,Low
18,Female,Mother,-0.070833333,26,2,2,tablet,Lately I have noticed that shows withdrawal and aggression when challenged about screen time; spends roughly 2 hours per dayonline. which is becoming a serious concern.,0.074074074,Low
17,Female,Guardian,-0.0875,40,1,9,smartphone,It has become clear that sometimes stays up late but recovers the next day; average use about 9 hours per day. they pretend not to be online but we found them streaming at night. and I feel intervention is needed.,0.024390244,High
11,Female,Guardian,-0.016666667,37,0,9,smartphone,I am concerned because they cancel family activities to be online and avoid offline friends; daily social media time roughly 9 hours per day. recently their teacher informed me about this. which is impacting behavior and routine.,0,High
13,Female,Father,-0.033333333,32,0,1,laptop,"It has become clear that active in sports and uses social media minimally, typically about 1 hours per day. i am worried about the long-term effects. and it is affecting daily life.",0,Low
13,Male,Guardian,-0.025,39,0,9,smartphone,It has become clear that she watches a few videos for entertainment but stops when we ask; daily use about 9 hours per day. we have tried setting limits but it doesn't help. and it is affecting daily life.,0,High
11,Male,Guardian,-0.2,42,4,3,smartphone,I am worried that started spending money on in-app purchases and ignoring household limits  approximately 3 hours per dayof daily use. they pretend not to be online but we found them streaming at night. and this worries me as a parent.,0.093023256,Medium
16,Male,Guardian,0.05,26,1,7,smartphone,Lately I have noticed that posts occasionally and keeps healthy offline relationships; daily use close to 7 hours per day. and I feel intervention is needed.,0.037037037,High
18,Female,Mother,0.11,35,2,4,laptop,"It has become clear that uses social apps to chat with classmates, but rarely misses sleep. i'd say around 4 hours per day. the child hides their screen time. which is becoming a serious concern.",0.055555556,Medium
10,Female,Father,-0.15,34,3,4,tablet,"Over the past few months, stays up all night messaging strangers and is depressed; daily screen time around 4 hours per day. the child hides their screen time. which is impacting behavior and routine.",0.085714286,Medium
15,Female,Father,-0.225,28,1,5,laptop,"Over the past few months, borrowed money for subscriptions and cannot stop  usage continues for about 5 hours per dayevery day. and I feel intervention is needed.",0.034482759,Medium
16,Male,Guardian,0.033333333,28,2,2,smartphone,I am concerned because mood swings happen but they are not tied to social media; screen time about 2 hours per day. and I feel intervention is needed.,0.068965517,Low
16,Female,Guardian,0,35,0,8,smartphone,I am concerned because takes the phone to school and uses it in classes; i estimate 8 hours per day including school hours. recently their teacher informed me this. and it is affecting daily life.,0,High
12,Male,Mother,0.1,43,3,7,smartphone,It has become clear that he got into arguments and panic attacks when we tried to limit phone time; online use close to 7 hours per day. we have tried setting limits but it doesn't help. and this worries me as a parent.,0.068181818,High
15,Male,Mother,-0.2,38,0,5,smartphone,"As a parent, I have observed that borrowed money for subscriptions and cannot stop  usage continues for about 5 hours per dayevery day. this behavior started a few months ago. and this worries me as a parent.",0,Medium
17,Female,Father,-0.138888889,32,2,6,tablet,"Over the past few months, my parent reports that their 17-year-old son spends about 6 hours per day on social media and has stopped doing homework. and I feel intervention is needed.",0.060606061,High
10,Female,Mother,-1,45,7,10,tablet,I am concerned because posts and takes part in dangerous online challenges and then got reprimanded at school; they use social media about 10 hours per day. and this worries me as a parent. Situation is escalating with sleep disruption and academic decline. ,0.155555556,High
10,Male,Guardian,-0.116666667,39,1,5,smartphone,"Over the past few months, has lost interest in hobbies and isolates themselves, glued to the phone for nearly 5 hours per dayeach day. we have tried setting limits but it doesn't help. which is impacting behavior and routine.",0.025,Medium
10,Female,Mother,-1,45,5,8,smartphone,"I am concerned because follows hobby pages and maintains a balanced routine, using social media about 8 hours per dayeach day. i am worried about the long-term effects. which is becoming a serious concern. Situation is escalating with severe anxiety and withdrawal symptoms. ",0.111111111,High
12,Female,Father,-0.3,38,4,8,laptop,"As a parent, I have observed that my child hides their phone, deletes messages, and withdraws; screen time seems to be around 8 hours per dayevery day. this behavior started a few months ago. and it seems unhealthy.",0.102564103,High
11,Female,Guardian,-0.183333333,38,3,2,smartphone,"As a parent, I have observed that using social apps to meet strangers and lying their age  behavior started after being online for 2 hours per day/day. the child hides their screen time. and it seems unhealthy.",0.076923077,Low
12,Male,Father,0.05,36,2,4,smartphone,"As a parent, I have observed that follows hobby pages and maintains a balanced routine, using social media about 4 hours per dayeach day. the child hides their screen time. which is becoming a serious concern.",0.054054054,Medium
10,Female,Father,0,33,1,4,smartphone,It has become clear that shows withdrawal and aggression when challenged about screen time; spends roughly 4 hours per dayonline. recently their teacher informed me about this. and it is affecting daily life.,0.029411765,Medium
15,Male,Guardian,-0.1,35,1,2,laptop,"Lately I have noticed that has lost interest in hobbies and isolates themselves, glued to the phone for nearly 2 hours per dayeach day. it has become a concern. which is impacting behavior and routine.",0.027777778,Low
16,Male,Mother,-0.15,41,2,2,tablet,"Over the past few months, stays up all night messaging strangers and is depressed; daily screen time around 2 hours per day. they pretend not to be online but we found them streaming at night. which is impacting behavior and routine.",0.047619048,Low
13,Female,Guardian,-0.15,33,2,1,laptop,"Over the past few months, stays up all night messaging strangers and is depressed; daily screen time around 1 hours per day. it has become a concern. which is impacting behavior and routine.",0.058823529,Low
16,Male,Mother,-0.088888889,28,2,7,smartphone,"I am worried that my 16-year-old daughter refuses to leave her room and has lost weight, spending nearly 7 hours per dayon social platforms. and it seems unhealthy.",0.068965517,High
13,Female,Father,-0.158333333,39,4,9,smartphone,I am concerned because he becomes very angry and cries for hours when we take the phone away; he's spending roughly 9 hours per day on apps. the child hides their screen time. which is becoming a serious concern.,0.1,High
12,Female,Guardian,-0.075,29,4,1,smartphone,It has become clear that started spending money on in-app purchases and ignoring household limits  approximately 1 hours per dayof daily use. and it is affecting daily life.,0.133333333,Low
13,Male,Father,-0.154166667,40,1,9,laptop,"Over the past few months, my parent reports that their 13-year-old son spends about 9 hours per day on social media and has stopped doing homework. this behavior started a few months ago. and this worries me as a parent.",0.024390244,High
12,Male,Guardian,0.033333333,41,2,3,smartphone,I am worried that she lies about her screen time and sneaks out to use social apps every evening; i'd estimate 3 hours per day. we have tried setting limits but it doesn't help. and this worries me as a parent.,0.047619048,Medium
14,Male,Mother,0.016666667,27,1,5,smartphone,I am worried that mood swings happen but they are not tied to social media; screen time 5 hours per day. and it is affecting daily life.,0.035714286,Medium
18,Male,Guardian,-0.3,31,0,3,laptop,Lately I have noticed that takes the phone to school and uses it in classes; i estimate 3 hours per day including school hours. and this worries me as a parent.,0,Medium
16,Female,Mother,-0.079166667,31,1,2,smartphone,"Over the past few months, my 16-year-old daughter refuses to leave her room and has lost weight, spending nearly 2 hours per dayon social platforms. which is impacting behavior and routine.",0.03125,Low
12,Female,Father,0.011111111,38,0,4,tablet,"It has become clear that she cries non-stop if wi-fi is cut; used to be social, now online roughly 4 hours per day. we have tried setting limits but it doesn't help. which is impacting behavior and routine.",0,Medium
13,Male,Guardian,-0.027777778,37,4,1,tablet,"I am concerned because my child hides their phone, deletes messages, and withdraws; screen time seems to be around 1 hours per dayevery day. this behavior started a few months ago. which is becoming a serious concern.",0.105263158,Low
16,Male,Mother,-0.12037037,35,1,5,smartphone,"Over the past few months, open about screen time and follows rules set by parents; daily average approximately 5 hours per day. this behavior started a few months ago. which is becoming a serious concern.",0.027777778,Medium
13,Male,Father,-0.088888889,32,3,1,smartphone,It has become clear that mood swings happen but they are not tied to social media; screen time 1 hours per day. the child hides their screen time. and it seems unhealthy.,0.090909091,Low
13,Female,Guardian,0.123333333,37,1,6,smartphone,"As a parent, I have observed that posts occasionally and keeps healthy offline relationships; daily use close to 6 hours per day. we have tried setting limits but it doesn't help. which is becoming a serious concern.",0.026315789,High
18,Male,Father,-0.3,35,2,1,laptop,"Over the past few months, he becomes very angry and cries for hours when we take the phone away; he's spending roughly 1 hours per day on apps. and this worries me as a parent.",0.055555556,Low
13,Female,Father,-0.316666667,25,2,1,smartphone,Lately I have noticed that plays online with friends but stops for chores and family time; usually 1 hours per day. and it seems unhealthy.,0.076923077,Low
17,Female,Guardian,-0.4,21,2,4,tablet,I am concerned because shows withdrawal and aggression when challenged screen time; spends 4 hours per dayonline. and it seems unhealthy.,0.090909091,Medium
11,Female,Father,0.068181818,35,4,4,tablet,"As a parent, I have observed that the child has become secretive, has new friends only online, and avoids family time  using devices about 4 hours per day. which is impacting behavior and routine.",0.111111111,Medium
10,Male,Guardian,-0.044444444,29,2,2,smartphone,"As a parent, I have observed that plays online with friends but stops for chores and family time; usually 2 hours per day. which is becoming a serious concern.",0.066666667,Low
18,Male,Father,-0.475,39,3,2,tablet,Lately I have noticed that he becomes very angry and cries for hours when we take the phone away; he's spending 2 hours per day on apps. the child hides their screen time. which is impacting behavior and routine.,0.075,Low
11,Male,Father,-1,45,7,10,tablet,"As a parent, I have observed that uses tablet for learning and occasional social media browsing; roughly 10 hours per day. this behavior started a few months ago. and it is affecting daily life. Situation is escalating with sleep disruption and academic decline. ",0.155555556,High
14,Male,Mother,0.154166667,28,1,7,smartphone,I am concerned because has a daily two-hour limit and respects it most of the time; uses around 7 hours per day. which is becoming a serious concern.,0.034482759,High
17,Female,Guardian,-0.15,29,2,2,smartphone,"Over the past few months, stays up all night messaging strangers and is depressed; daily screen time around 2 hours per day. and this worries me as a parent.",0.066666667,Low
13,Female,Guardian,-0.022222222,39,2,1,smartphone,I am worried that my 13-year-old skips school or is frequently absent because of meeting people from social media. usage around 1 hours per day. this behavior started a few months ago. and this worries me as a parent.,0.05,Low
11,Female,Father,-0.141666667,29,2,7,laptop,"Lately I have noticed that my 11-year-old daughter refuses to leave her room and has lost weight, spending nearly 7 hours per dayon social platforms. and it seems unhealthy.",0.066666667,High
15,Female,Guardian,-1,35,9,12,smartphone,It has become clear that uses tablet for learning and occasional social media browsing; 12 hours per day. and it is affecting daily life. Situation is escalating with isolation from family and responsibilities. ,0.257142857,High
13,Male,Guardian,0.05,41,2,2,tablet,"As a parent, I have observed that my parent reports that their 13-year-old daughter spends about 2 hours per day on social media and has stopped doing homework. i am worried about the long-term effects. which is becoming a serious concern.",0.047619048,Low
12,Male,Guardian,0.088888889,40,1,6,tablet,I am worried that they cancel family activities to be online and avoid offline friends; daily social media time roughly 6 hours per day. the child hides their screen time. more frequently than before and it is affecting daily life.,0.024390244,High
15,Female,Guardian,-0.088888889,27,0,5,smartphone,Lately I have noticed that complains of boredom and uses social media to pass time; only around 5 hours per day. which is impacting behavior and routine.,0,Medium
10,Female,Father,-0.283333333,35,4,6,smartphone,"Over the past few months, we as a family noticed that my child hides their phone, deletes messages, and withdraws; screen time seems to be around 6 hours per dayevery day. and it seems unhealthy.",0.111111111,High
10,Male,Mother,-0.233333333,27,2,5,laptop,"Over the past few months, plays online with friends but stops for chores and family time; usually 5 hours per day. and I feel intervention is needed.",0.071428571,Medium
12,Female,Guardian,-0.177777778,23,1,4,smartphone,Lately I have noticed that uses apps mainly for tutorials and study material; about 4 hours per dayeach day. and it seems unhealthy.,0.041666667,Medium
11,Male,Father,0.166666667,29,0,8,smartphone,"As a parent, I have observed that posts occasionally and keeps healthy offline relationships; daily use close to 8 hours per day. and this worries me as a parent.",0,High
15,Male,Father,-0.2,37,0,6,smartphone,I am worried that takes the phone to school and uses it in classes; i estimate 6 hours per day including school hours. this behavior started a few months ago. and this worries me as a parent.,0,High
12,Male,Mother,-0.2,31,5,2,laptop,"As a parent, I have observed that started spending money on in-app purchases and ignoring household limits  approximately 2 hours per dayof daily use. and I feel intervention is needed.",0.15625,Low
11,Female,Guardian,0.104166667,36,1,1,tablet,"As a parent, I have observed that watches short videos before bed but wakes up fine; daily use about 1 hours per day. recently their teacher informed me about this. and I feel intervention is needed.",0.027027027,Low
16,Female,Guardian,-0.141666667,29,2,1,laptop,"Lately I have noticed that my 16-year-old daughter refuses to leave her room and has lost weight, spending nearly 1 hours per dayon social platforms. and it seems unhealthy.",0.066666667,Low
10,Male,Father,0.066666667,32,2,6,smartphone,It has become clear that my teacher reports that their 10-year-old son spends about 6 hours per day on social media and has stopped doing homework. and I feel intervention is needed.,0.060606061,High
10,Male,Father,0.1875,29,0,1,smartphone,"I am concerned because as a parent, i have observed my 10-year-old son online until 3 or 4 am; their grades dropped significantly. and it is affecting daily life.",0,Low
16,Male,Father,0.044444444,39,2,4,smartphone,I am worried that my 16-year-old skips school or is frequently absent because of meeting people from social media. usage around 4 hours per day. recently their teacher informed me about this. and this worries me as a parent.,0.05,Medium
16,Female,Guardian,-0.083333333,33,1,2,smartphone,"Over the past few months, checks social media during short breaks but focuses on studies; overall 2 hours per day. i am worried about the long-term effects. and I feel intervention is needed.",0.029411765,Low
17,Female,Mother,0,33,1,1,laptop,I am worried that shows withdrawal and aggression when challenged screen time; spends 1 hours per dayonline. we have tried setting limits but it doesn't help. and this worries me as a parent.,0.029411765,Low
12,Male,Mother,0.029166667,26,2,7,smartphone,It has become clear that shows withdrawal and aggression when challenged about screen time; spends roughly 7 hours per dayonline. which is becoming a serious concern.,0.074074074,High
10,Male,Father,0.0375,29,0,8,smartphone,Lately I have noticed that my 10-year-old uses social media about 8 hours per day(s) after school and seems to manage studies fine. and it is affecting daily life.,0,High
14,Male,Guardian,0.375,38,1,4,laptop,"As a parent, I have observed that as a counselor, i have observed my 14-year-old son online until 3 or 4 am; their grades dropped significantly. i am worried the long-term effects. which is impacting behavior and routine.",0.025641026,Medium
17,Male,Mother,-0.2125,39,3,2,smartphone,"Over the past few months, stays up all night messaging strangers and is depressed; daily screen time around 2 hours per day. they pretend not to be online but we found them streaming at night. and it seems unhealthy.",0.075,Low
12,Male,Mother,0,27,2,9,tablet,I am worried that stays up all night messaging strangers and is depressed; daily screen time around 9 hours per day. and it is affecting daily life.,0.071428571,High
15,Male,Mother,-0.166666667,38,1,5,tablet,"As a parent, I have observed that active in sports and uses social media minimally, typically about 5 hours per day. they pretend not to be online but we found them streaming at night. and it seems unhealthy.",0.025641026,Medium
18,Male,Father,-0.1375,27,0,4,smartphone,I am concerned because open about screen time and follows rules set by parents; daily average approximately 4 hours per day. which is impacting behavior and routine.,0,Medium
11,Male,Father,-0.125,37,0,2,smartphone,Lately I have noticed that she watches a few videos for entertainment but stops when we ask; daily use about 2 hours per day. i am worried about the long-term effects. and it is affecting daily life.,0,Low
12,Male,Guardian,-1,38,6,9,laptop,I am concerned because uses social media to coordinate group study sessions and is polite online; estimated 9 hours per day. and it is affecting daily life. Situation is escalating with daily conflicts and emotional distress. ,0.157894737,High
14,Female,Father,0.023333333,27,0,2,smartphone,Lately I have noticed that watches short videos before bed but wakes up fine; daily use about 2 hours per day. and it is affecting daily life.,0,Low
16,Male,Father,0.033333333,39,2,8,smartphone,I am concerned because using social apps to meet strangers and lying about their age  behavior started after being online for 8 hours per day/day. i am worried about the long-term effects. and I feel intervention is needed.,0.05,High
18,Female,Mother,0.088888889,36,1,1,smartphone,"As a parent, I have observed that watches short videos before bed but wakes up fine; daily use about 1 hours per day. recently their teacher informed me about this. which is becoming a serious concern.",0.027027027,Low
16,Female,Guardian,0.166666667,35,1,6,laptop,I am worried that rarely eats or sleeps because of continuous social apps and gaming; i think it's about 6 hours per day. the child hides their screen time. which is impacting behavior and routine.,0.027777778,High
15,Male,Father,0,32,3,8,tablet,I am concerned because he got into arguments and panic attacks when we tried to limit phone time; online use close to 8 hours per day. which is impacting behavior and routine.,0.090909091,High
17,Male,Mother,0.033333333,27,2,5,laptop,I am worried that mood swings happen but they are not tied to social media; screen time 5 hours per day. and I feel intervention is needed.,0.071428571,Medium
11,Male,Guardian,-0.1,45,0,2,smartphone,"As a parent, I have observed that she watches a few videos for entertainment but stops when we ask; daily use about 2 hours per day. they pretend not to be online but we found them streaming at night. which is impacting behavior and routine.",0,Low
13,Female,Father,-0.225,37,4,3,smartphone,"Over the past few months, we as a family noticed that my child hides their phone, deletes messages, and withdraws; screen time seems to be around 3 hours per dayevery day. and I feel intervention is needed.",0.105263158,Medium
11,Female,Guardian,0.125,24,1,6,smartphone,It has become clear that streams occasionally yet keeps good attendance; typically around 6 hours per dayof use. which is becoming a serious concern.,0.04,High
14,Male,Guardian,0,30,3,4,smartphone,"I am worried that my child hides their phone, deletes messages, and withdraws; screen time seems to be around 4 hours per dayevery day. and it is affecting daily life.",0.096774194,Medium
10,Female,Mother,-0.041666667,31,1,2,laptop,"Lately I have noticed that my 10-year-old daughter refuses to leave her room and has lost weight, spending nearly 2 hours per dayon social platforms. and it is affecting daily life.",0.03125,Low
12,Male,Mother,0,30,3,9,smartphone,"I am worried that my child hides their phone, deletes messages, and withdraws; screen time seems to be around 9 hours per dayevery day. which is impacting behavior and routine.",0.096774194,High
14,Male,Father,0.045454546,35,4,2,smartphone,"As a parent, I have observed that the child has become secretive, has new friends only online, and avoids family time  using devices about 2 hours per day. and it is affecting daily life.",0.111111111,Low
10,Female,Father,0.005555556,41,2,3,laptop,"As a parent, I have observed that shows withdrawal and aggression when challenged about screen time; spends roughly 3 hours per dayonline. they pretend not to be online but we found them streaming at night. which is becoming a serious concern.",0.047619048,Medium
10,Male,Guardian,-0.1,39,1,2,smartphone,I am worried that shows withdrawal and aggression when challenged about screen time; spends roughly 2 hours per dayonline. they pretend not to be online but we found them streaming at night. and this worries me as a parent.,0.025,Low
12,Male,Mother,0.054166667,34,4,4,tablet,It has become clear that stays up all night messaging strangers and is depressed; daily screen time around 4 hours per day. the child hides their screen time. which is becoming a serious concern.,0.114285714,Medium
17,Male,Guardian,0.066666667,36,2,6,tablet,"It has become clear that has lost interest in hobbies and isolates themselves, glued to the phone for nearly 6 hours per dayeach day. recently their teacher informed me this. and I feel intervention is needed.",0.054054054,High
11,Male,Guardian,-0.079166667,32,2,2,smartphone,"Over the past few months, my 11-year-old skips school or is frequently absent because of meeting people from social media. usage around 2 hours per day. which is impacting behavior and routine.",0.060606061,Low
10,Female,Guardian,0.066666667,31,3,4,smartphone,I am worried that my 10-year-old skips school or is frequently absent because of meeting people from social media. usage around 4 hours per day. and I feel intervention is needed.,0.09375,Medium
10,Female,Guardian,0.05,33,2,4,laptop,I am worried that mood swings happen but they are not tied to social media; screen time about 4 hours per day. it has become a concern. which is becoming a serious concern.,0.058823529,Medium
11,Female,Mother,0.006666667,30,0,4,smartphone,It has become clear that uses tablet for learning and occasional social media browsing; roughly 4 hours per day. it has become a concern. and it is affecting daily life.,0,Medium
11,Male,Father,0.016666667,30,0,5,smartphone,I am worried that uses tablet for learning and occasional social media browsing; 5 hours per day. i am worried the long-term effects. and this worries me as a parent.,0,Medium
16,Male,Guardian,-0.088888889,45,3,2,smartphone,"As a parent, I have observed that my 16-year-old skips school or is frequently absent because of meeting people from social media. usage around 2 hours per day. they pretend not to be online but we found them streaming at night. and it seems unhealthy.",0.065217391,Low
12,Female,Father,-0.056666667,35,5,2,laptop,I am worried that started spending money on in-app purchases and ignoring household limits  approximately 2 hours per dayof daily use. recently their teacher informed me about this. which is becoming a serious concern.,0.138888889,Low
10,Male,Guardian,-0.066666667,37,1,4,tablet,I am worried that they cancel family activities to be online and avoid offline friends; daily social media time roughly 4 hours per day. this behavior started a few months ago. and I feel intervention is needed.,0.026315789,Medium
17,Male,Mother,-0.103333333,41,0,2,laptop,"Over the past few months, they cancel family activities to be online and avoid offline friends; daily social media time roughly 7-2 hours per day. we have tried setting limits but it doesn't help. and this worries me as a parent.",0,Low
18,Female,Mother,0.033333333,29,1,5,smartphone,I am worried that mood swings happen but they are not tied to social media; screen time about 5 hours per day. and this worries me as a parent.,0.033333333,Medium
13,Female,Mother,-0.225,28,1,9,smartphone,"Over the past few months, borrowed money for subscriptions and cannot stop  usage continues for about 9 hours per dayevery day. and I feel intervention is needed.",0.034482759,High
15,Male,Father,0.1,37,4,2,smartphone,"It has become clear that we as a family noticed that my child hides their phone, deletes messages, and withdraws; screen time seems to be around 2 hours per dayevery day. and I feel intervention is needed.",0.105263158,Low
14,Male,Father,-0.283333333,37,2,2,smartphone,"Over the past few months, posts and takes part in dangerous online challenges and then got reprimanded at school; they use social media about 2 hours per day. it has become a concern. and it seems unhealthy.",0.052631579,Low
11,Female,Father,-0.125,41,2,5,laptop,Lately I have noticed that posts and takes part in dangerous online challenges and then got reprimanded at school; they use social media about 5 hours per day. recently their teacher informed me about this. which is becoming a serious concern.,0.047619048,Medium
12,Male,Guardian,-0.019444444,31,1,6,smartphone,"Over the past few months, streams occasionally yet keeps good attendance; typically around 6 hours per dayof use. this behavior started a few months ago. and I feel intervention is needed.",0.03125,High
14,Female,Mother,-0.013333333,34,0,5,smartphone,"As a parent, I have observed that uses tablet for learning and occasional social media browsing; roughly 5 hours per day. recently their teacher informed me about this. and it is affecting daily life.",0,Medium
12,Female,Mother,-0.183333333,28,1,5,laptop,"As a parent, I have observed that she cries non-stop if wi-fi is cut; used to be social, now online 5 hours per day. and it seems unhealthy.",0.034482759,Medium
16,Male,Father,0.008333333,43,1,7,smartphone,"Over the past few months, as a parent, i have observed my 16-year-old son online until 3 or 4 am; their grades dropped significantly. they pretend not to be online but we found them streaming at night. which is becoming a serious concern.",0.022727273,High
16,Female,Father,-0.066666667,37,2,1,tablet,"Over the past few months, as a counselor, i have observed my 16-year-old son online until 3 or 4 am; their grades dropped significantly. recently their teacher informed me about this. which is becoming a serious concern.",0.052631579,Low
12,Male,Guardian,-1,48,8,11,tablet,"As a parent, I have observed that watches short videos before bed but wakes up fine; daily use about 11 hours per day. i am worried about the long-term effects. which is impacting behavior and routine. Situation is escalating with compulsive checking and loss of control. ",0.166666667,High
17,Male,Mother,0.1125,29,1,2,smartphone,I am worried that rarely eats or sleeps because of continuous social apps and gaming; i think it's about 2 hours per day. which is becoming a serious concern.,0.033333333,Low
14,Male,Father,0.016666667,26,1,1,smartphone,I am concerned because my 14-year-old uses social media about 1 hours per day(s) after school and seems to manage studies fine. and it seems unhealthy.,0.037037037,Low
17,Female,Guardian,0.066666667,41,1,2,laptop,It has become clear that using social apps to meet strangers and lying about their age  behavior started after being online for 2 hours per day/day. i am worried about the long-term effects. and this worries me as a parent.,0.023809524,Low
11,Male,Guardian,-0.044444444,36,1,8,smartphone,It has become clear that uses apps mainly for tutorials and study material; about 8 hours per dayeach day. they pretend not to be online but we found them streaming at night. and it seems unhealthy.,0.027027027,High
18,Male,Mother,-0.0375,33,2,7,smartphone,Lately I have noticed that using social apps to meet strangers and lying about their age  behavior started after being online for 7 hours per day/day. which is becoming a serious concern.,0.058823529,High
15,Female,Mother,0.072222222,39,2,2,smartphone,"As a parent, I have observed that has lost interest in hobbies and isolates themselves, glued to the phone for nearly 2 hours per dayeach day. i am worried about the long-term effects. which is becoming a serious concern.",0.05,Low
14,Female,Father,0.03,41,1,5,laptop,"As a parent, I have observed that checks social media during short breaks but focuses on studies; overall 5 hours per day. they pretend not to be online but we found them streaming at night. which is becoming a serious concern.",0.023809524,Medium
12,Male,Mother,-0.254166667,35,1,2,tablet,"Over the past few months, posts and takes part in dangerous online challenges and then got reprimanded at school; they use social media about 2 hours per day. and this worries me as a parent.",0.027777778,Low
18,Female,Mother,-0.057142857,39,3,4,laptop,"Over the past few months, my 18-year-old skips school or is frequently absent because of meeting people from social media. usage around 4 hours per day. this behavior started a few months ago. which is becoming a serious concern.",0.075,Medium
11,Female,Guardian,0.1,46,0,2,smartphone,I am concerned because she watches a few videos for entertainment but stops when we ask; daily use about 2 hours per day. they pretend not to be online but we found them streaming at night. more frequently than before which is impacting behavior and routine.,0,Low
12,Female,Guardian,-0.106666667,40,4,1,smartphone,"Over the past few months, he got into arguments and panic attacks when we tried to limit phone time; online use close to 1 hours per day. this behavior started a few months ago. which is becoming a serious concern.",0.097560976,Low
10,Male,Mother,0.083333333,30,0,2,smartphone,I am worried that streams occasionally yet keeps good attendance; typically around 2 hours per dayof use. this behavior started a few months ago. which is impacting behavior and routine.,0,Low
11,Female,Mother,0,38,1,3,smartphone,"As a parent, I have observed that takes the phone to school and uses it in classes; i estimate 3 hours per day including school hours. the child hides their screen time. which is impacting behavior and routine.",0.025641026,Medium
10,Female,Guardian,-0.040909091,39,5,10,laptop,"Lately I have noticed that the child has become secretive, has new friends only online, and avoids family time  using devices about 10 hours per day. the child hides their screen time. and it is affecting daily life.",0.125,Medium
18,Male,Father,-1,54,5,8,smartphone,"As a parent, I have observed that sometimes stays up late but recovers the next day; average use about 8 hours per day. they pretend not to be online but we found them streaming at night. and this worries me as a parent. Situation is escalating with severe anxiety and withdrawal symptoms.",0.092592593,High
13,Male,Mother,0.004166667,23,1,8,smartphone,I am concerned because watches short videos before bed but wakes up fine; daily use 8 hours per day. and it seems unhealthy.,0.041666667,High
15,Female,Father,0.033333333,30,1,2,laptop,I am worried that my parent reports that their 15-year-old daughter spends 2 hours per day on social media and has stopped doing homework. which is impacting behavior and routine.,0.032258065,Low
14,Female,Father,-0.152777778,29,1,3,smartphone,"Over the past few months, they cancel family activities to be online and avoid offline friends; daily social media time roughly 3 hours per day. and it seems unhealthy.",0.033333333,Medium
13,Male,Mother,0.066666667,34,1,9,tablet,"As a parent, I have observed that my 13-year-old daughter refuses to leave her room and has lost weight, spending nearly 9 hours per dayon social platforms. and this worries me as a parent.",0.028571429,High
18,Male,Mother,0.066666667,35,2,6,tablet,"As a parent, I have observed that my 18-year-old skips school or is frequently absent because of meeting people from social media. usage around 6 hours per day. and this worries me as a parent.",0.055555556,High
13,Female,Guardian,-0.375,47,2,1,smartphone,I am worried that he becomes very angry and cries for hours when we take the phone away; he's spending roughly 1 hours per day on apps. they pretend not to be online but we found them streaming at night. and this worries me as a parent.,0.041666667,Low
16,Male,Mother,0,33,4,4,smartphone,"As a parent, I have observed that my child hides their phone, deletes messages, and withdraws; screen time seems to be around 4 hours per dayevery day. and I feel intervention is needed.",0.117647059,Medium
11,Male,Father,-0.055555556,37,0,6,laptop,"As a parent, I have observed that uses social media to coordinate group study sessions and is polite online; estimated 6 hours per day. this behavior started a few months ago. and it is affecting daily life.",0,High
17,Male,Father,0,42,1,7,smartphone,"Over the past few months, my 17-year-old uses social media about 7 hours per day(s) after school and seems to manage studies fine. they pretend not to be online but we found them streaming at night. and I feel intervention is needed.",0.023255814,High
15,Male,Father,0.066666667,31,3,5,smartphone,I am worried that my 15-year-old skips school or is frequently absent because of meeting people from social media. usage around 5 hours per day. and I feel intervention is needed.,0.09375,Medium
10,Female,Guardian,-0.042857143,31,1,4,smartphone,"Over the past few months, checks social media during short breaks but focuses on studies; overall 4 hours per day. it has become a concern. which is becoming a serious concern.",0.03125,Medium
15,Male,Mother,-0.062727273,32,4,5,laptop,"Over the past few months, the child has become secretive, has new friends only online, and avoids family time  using devices 5 hours per day. and it is affecting daily life.",0.121212121,Medium
12,Female,Father,-0.066666667,28,1,6,tablet,It has become clear that they cancel family activities to be online and avoid offline friends; daily social media time 6 hours per day. and it seems unhealthy.,0.034482759,High
18,Male,Father,0.166666667,35,0,6,laptop,I am concerned because posts occasionally and keeps healthy offline relationships; daily use close to 6 hours per day. we have tried setting limits but it doesn't help. and this worries me as a parent.,0,High
12,Male,Guardian,-0.033333333,31,2,4,smartphone,"Over the past few months, my 12-year-old daughter refuses to leave her room and has lost weight, spending nearly 4 hours per dayon social platforms. which is becoming a serious concern.",0.0625,Medium
17,Male,Guardian,-0.033333333,35,1,9,smartphone,"As a parent, I have observed that shows withdrawal and aggression when challenged about screen time; spends roughly 9 hours per dayonline. recently their teacher informed me about this. and it is affecting daily life.",0.027777778,High
13,Male,Father,-0.4,34,2,5,smartphone,"As a parent, I have observed that borrowed money for subscriptions and cannot stop  usage continues for about 5 hours per dayevery day. the child hides their screen time. and it seems unhealthy.",0.057142857,Medium
14,Female,Mother,0.05,42,2,2,smartphone,It has become clear that stays up all night messaging strangers and is depressed; daily screen time around 2 hours per day. they pretend not to be online but we found them streaming at night. and this worries me as a parent.,0.046511628,Low
18,Female,Guardian,0.163888889,32,1,4,laptop,"As a parent, I have observed that as a parent, i have observed my 18-year-old son online until 3 or 4 am; their grades dropped significantly. which is becoming a serious concern.",0.03030303,Medium
17,Male,Father,-0.216666667,34,2,5,smartphone,It has become clear that he becomes very angry and cries for hours when we take the phone away; he's spending roughly 5 hours per day on apps. which is impacting behavior and routine.,0.057142857,Medium
17,Male,Father,0.1125,32,1,1,smartphone,"As a parent, I have observed that rarely eats or sleeps because of continuous social apps and gaming; i think it's about 1 hours per day. which is becoming a serious concern.",0.03030303,Low
11,Female,Guardian,-0.033333333,37,0,5,laptop,"I am concerned because she cries non-stop if wi-fi is cut; used to be social, now online roughly 5 hours per day. we have tried setting limits but it doesn't help. which is impacting behavior and routine.",0,Medium
12,Male,Father,0.177777778,24,0,2,smartphone,I am worried that streams occasionally yet keeps good attendance; typically around 2 hours per dayof use. and this worries me as a parent.,0,Low
11,Female,Mother,0.05,39,4,7,tablet,It has become clear that he got into arguments and panic attacks when we tried to limit phone time; online use close to 7 hours per day. the child hides their screen time. and it is affecting daily life.,0.1,High
16,Female,Mother,-0.047619048,28,1,3,tablet,It has become clear that open about screen time and follows rules set by parents; daily average approximately 3 hours per day. which is becoming a serious concern.,0.034482759,Medium
15,Female,Guardian,0.225,37,0,8,smartphone,I am concerned because my 15-year-old uses social media 8 hours per day(s) after school and seems to manage studies fine. we have tried setting limits but it doesn't help. and this worries me as a parent.,0,High
17,Female,Mother,0.033333333,31,2,6,smartphone,I am worried that my teacher reports that their 17-year-old son spends about 6 hours per day on social media and has stopped doing homework. and I feel intervention is needed.,0.0625,High
11,Male,Father,-0.2,35,5,5,laptop,I am worried that started spending money on in-app purchases and ignoring household limits  approximately 5 hours per dayof daily use. this behavior started a few months ago. and I feel intervention is needed.,0.138888889,Medium
17,Male,Father,0.166666667,24,0,5,smartphone,I am concerned because uses apps mainly for tutorials and study material; about 5 hours per dayeach day. which is impacting behavior and routine.,0,Medium
10,Female,Guardian,0.06875,29,1,5,smartphone,"It has become clear that active in sports and uses social media minimally, typically about 5 hours per day. more frequently than before which is becoming a serious concern.",0.033333333,Medium
15,Male,Father,-0.038888889,39,1,2,smartphone,I am concerned because chats with relatives and uses social media responsibly; average daily use around 2 hours per day. they pretend not to be online but we found them streaming at night. and I feel intervention is needed.,0.025,Low
18,Male,Father,-0.0375,28,1,2,laptop,"Lately I have noticed that follows hobby pages and maintains a balanced routine, using social media about 2 hours per dayeach day. which is becoming a serious concern.",0.034482759,Low
14,Male,Guardian,-0.088888889,31,2,6,tablet,"As a parent, I have observed that my 14-year-old daughter refuses to leave her room and has lost weight, spending nearly 6 hours per dayon social platforms. and it seems unhealthy.",0.0625,High
12,Female,Mother,0.01,40,2,7,laptop,It has become clear that using social apps to meet strangers and lying about their age  behavior started after being online for 7 hours per day/day. this behavior started a few months ago. which is becoming a serious concern.,0.048780488,High
15,Female,Mother,-0.052380952,27,1,1,smartphone,"Lately I have noticed that active in sports and uses social media minimally, typically about 1 hours per day. more frequently than before and it seems unhealthy.",0.035714286,Low
10,Female,Mother,-0.033333333,32,2,3,smartphone,I am concerned because plays online with friends but stops for chores and family time; usually 3 hours per day. recently their teacher informed me this. which is becoming a serious concern.,0.060606061,Medium
11,Male,Father,-0.1125,45,2,3,smartphone,"As a parent, I have observed that posts and takes part in dangerous online challenges and then got reprimanded at school; they use social media about 3 hours per day. we have tried setting limits but it doesn't help. which is becoming a serious concern.",0.043478261,Medium
15,Female,Mother,0.1,35,2,7,smartphone,"It has become clear that has lost interest in hobbies and isolates themselves, glued to the phone for nearly 7 hours per dayeach day. it has become a concern. and I feel intervention is needed.",0.055555556,High
10,Male,Mother,0.0625,34,3,3,laptop,"As a parent, I have observed that my 10-year-old skips school or is frequently absent because of meeting people from social media. usage around 3 hours per day. which is becoming a serious concern.",0.085714286,Medium
10,Female,Guardian,-0.083333333,32,0,2,smartphone,"Over the past few months, checks social media during short breaks but focuses on studies; overall 2 hours per day. it has become a concern. and this worries me as a parent.",0,Low
17,Male,Guardian,0.158333333,39,0,2,smartphone,"It has become clear that as a parent, i have observed my 17-year-old son online until 3 or 4 am; their grades dropped significantly. we have tried setting limits but it doesn't help. and it is affecting daily life.",0,Low
16,Male,Guardian,0.077777778,45,3,5,laptop,It has become clear that we as a family noticed that my 16-year-old skips school or is frequently absent because of meeting people from social media. usage around 5 hours per day. the child hides their screen time. and this worries me as a parent.,0.065217391,Medium
17,Female,Father,-0.25,26,1,8,smartphone,I am concerned because plays online with friends but stops for chores and family time; usually 8 hours per day. which is impacting behavior and routine.,0.037037037,High
18,Female,Father,0.077777778,32,3,3,tablet,It has become clear that my 18-year-old skips school or is frequently absent because of meeting people from social media. usage around 3 hours per day. and I feel intervention is needed.,0.090909091,Medium
17,Female,Guardian,-0.366666667,34,2,6,tablet,"Over the past few months, he becomes very angry and cries for hours when we take the phone away; he's spending 6 hours per day on apps. and this worries me as a parent.",0.057142857,High
14,Female,Father,0.138888889,26,0,2,smartphone,I am worried that watches short videos before bed but wakes up fine; daily use about 2 hours per day. which is impacting behavior and routine.,0,Low
10,Female,Guardian,0.066666667,28,0,5,smartphone,It has become clear that uses social media to coordinate group study sessions and is polite online; estimated 5 hours per day. which is impacting behavior and routine.,0,Medium
16,Male,Guardian,0.066666667,43,1,7,laptop,"As a parent, I have observed that my 16-year-old daughter refuses to leave her room and has lost weight, spending nearly 7 hours per dayon social platforms. we have tried setting limits but it doesn't help. and this worries me as a parent.",0.022727273,High
18,Female,Father,0.033333333,29,1,5,smartphone,I am concerned because mood swings happen but they are not tied to social media; screen time about 5 hours per day. and this worries me as a parent.,0.033333333,Medium
15,Female,Father,-0.09,34,1,3,smartphone,Lately I have noticed that my 15-year-old uses social media about 3 hours per day(s) after school and seems to manage studies fine. this behavior started a few months ago. and it seems unhealthy.,0.028571429,Medium
11,Male,Mother,-0.054545455,33,4,2,smartphone,"Lately I have noticed that the child has become secretive, has new friends only online, and avoids family time  using devices about 2 hours per day. which is impacting behavior and routine.",0.117647059,Low
17,Female,Guardian,0.068181818,40,5,4,laptop,"As a parent, I have observed that the child has become secretive, has new friends only online, and avoids family time  using devices about 4 hours per day. it has become a concern. and I feel intervention is needed.",0.12195122,Medium
11,Female,Mother,-0.095833333,40,4,3,tablet,Lately I have noticed that he got into arguments and panic attacks when we tried to limit phone time; online use close to 3 hours per day. this behavior started a few months ago. which is becoming a serious concern.,0.097560976,Medium
10,Female,Mother,-0.064285714,35,0,1,laptop,It has become clear that open about screen time and follows rules set by parents; daily average approximately 1 hours per day. recently their teacher informed me about this. and it is affecting daily life.,0,Low
13,Female,Father,-1,52,6,9,smartphone,"Over the past few months, borrowed money for subscriptions and cannot stop  usage continues for about 9 hours per dayevery day. they pretend not to be online but we found them streaming at night. which is becoming a serious concern. Situation is escalating with daily conflicts and emotional distress.",0.115384615,High
18,Male,Father,-0.155555556,35,1,3,smartphone,"I am worried that she cries non-stop if wi-fi is cut; used to be social, now online roughly 3 hours per day. we have tried setting limits but it doesn't help. and it seems unhealthy.",0.027777778,Medium
16,Male,Guardian,-0.1,29,0,3,smartphone,I am worried that she watches a few videos for entertainment but stops when we ask; daily use about 3 hours per day. which is impacting behavior and routine.,0,Medium
13,Male,Guardian,0.054166667,38,2,5,smartphone,"As a parent, I have observed that has lost interest in hobbies and isolates themselves, glued to the phone for nearly 5 hours per dayeach day. recently their teacher informed me this. which is becoming a serious concern.",0.051282051,Medium
11,Male,Father,0.044444444,41,2,1,laptop,"As a parent, I have observed that my 11-year-old skips school or is frequently absent because of meeting people from social media. usage around 1 hours per day. i am worried about the long-term effects. and it is affecting daily life.",0.047619048,Low
12,Female,Mother,-0.052777778,22,1,6,smartphone,"Over the past few months, streams occasionally yet keeps good attendance; typically around 6 hours per dayof use. and it seems unhealthy.",0.043478261,High
15,Female,Father,0.166666667,28,1,4,smartphone,"As a parent, I have observed that posts occasionally and keeps healthy offline relationships; daily use close to 4 hours per day. and I feel intervention is needed.",0.034482759,Medium
13,Male,Father,-0.18,28,0,4,laptop,"Over the past few months, sometimes stays up late but recovers the next day; average use about 4 hours per day. and this worries me as a parent.",0,Medium
13,Male,Mother,0.166666667,30,0,9,smartphone,I am concerned because rarely eats or sleeps because of continuous social apps and gaming; i think it's about 9 hours per day. and this worries me as a parent.,0,High
11,Female,Mother,-0.04,36,1,5,tablet,"Over the past few months, my 11-year-old uses social media about 5 hours per day(s) after school and seems to manage studies fine. this behavior started a few months ago. and I feel intervention is needed.",0.027027027,Medium
18,Female,Guardian,-0.044444444,30,1,9,tablet,It has become clear that uses apps mainly for tutorials and study material; about 9 hours per dayeach day. i am worried about the long-term effects. and it seems unhealthy.,0.032258065,High
10,Female,Mother,0.01,37,2,4,smartphone,"I am concerned because my 10-year-old daughter refuses to leave her room and has lost weight, spending nearly 4 hours per dayon social platforms. this behavior started a few months ago. which is becoming a serious concern.",0.052631579,Medium
15,Male,Mother,0.072222222,24,2,2,smartphone,It has become clear that shows withdrawal and aggression when challenged screen time; spends 2 hours per dayonline. which is becoming a serious concern.,0.08,Low
15,Male,Father,-0.088888889,29,2,1,laptop,"I am worried that active in sports and uses social media minimally, typically 1 hours per day. the child hides their screen time. and I feel intervention is needed.",0.066666667,Low
11,Male,Guardian,-0.125,35,2,7,smartphone,"As a parent, I have observed that plays online with friends but stops for chores and family time; usually 7 hours per day. the child hides their screen time. and it is affecting daily life.",0.055555556,High
15,Female,Guardian,0.068181818,35,4,2,smartphone,"As a parent, I have observed that the child has become secretive, has new friends only online, and avoids family time  using devices 2 hours per day. and this worries me as a parent.",0.111111111,Low
10,Male,Guardian,0.0625,33,2,7,smartphone,"As a parent, I have observed that my 10-year-old daughter refuses to leave her room and has lost weight, spending nearly 7 hours per dayon social platforms. which is becoming a serious concern.",0.058823529,High
13,Male,Mother,-0.104166667,39,0,5,laptop,"Over the past few months, they cancel family activities to be online and avoid offline friends; daily social media time 5 hours per day. we have tried setting limits but it doesn't help. which is impacting behavior and routine.",0,Medium
16,Male,Mother,-0.183333333,30,2,4,tablet,I am worried that using social apps to meet strangers and lying about their age  behavior started after being online for 9-4 hours per day/day. and it seems unhealthy.,0.064516129,Medium
13,Male,Guardian,-0.094444444,25,1,5,laptop,"Over the past few months, uses apps mainly for tutorials and study material; about 5 hours per dayeach day. and I feel intervention is needed.",0.038461538,Medium
10,Male,Mother,0.066666667,31,3,4,smartphone,I am concerned because my 10-year-old skips school or is frequently absent because of meeting people from social media. usage around 4 hours per day. and I feel intervention is needed.,0.09375,Medium
12,Male,Father,0.15,29,0,4,smartphone,It has become clear that has a daily two-hour limit and respects it most of the time; uses around 4 hours per day. and it is affecting daily life.,0,Medium
16,Male,Father,-0.05,30,1,6,smartphone,I am worried that shows withdrawal and aggression when challenged about screen time; spends roughly 6 hours per dayonline. it has become a concern. and it is affecting daily life.,0.032258065,High
12,Male,Mother,-0.108333333,34,2,2,smartphone,"Lately I have noticed that as a parent, i have observed my 12-year-old son online until 3 or 4 am; their grades dropped significantly. the child hides their screen time. and it seems unhealthy.",0.057142857,Low
17,Female,Guardian,-0.108333333,37,0,4,laptop,"Over the past few months, she watches a few videos for entertainment but stops when we ask; daily use about 4 hours per day. recently their teacher informed me about this. and it is affecting daily life.",0,Medium
10,Female,Mother,-0.104166667,32,1,4,smartphone,"Over the past few months, my teacher reports that their 10-year-old daughter spends about 4 hours per day on social media and has stopped doing homework. and it is affecting daily life.",0.03030303,Medium
13,Female,Mother,-0.216666667,40,3,3,smartphone,It has become clear that he becomes very angry and cries for hours when we take the phone away; he's spending roughly 3 hours per day on apps. the child hides their screen time. which is impacting behavior and routine.,0.073170732,Medium
16,Female,Father,-0.0125,39,1,5,laptop,"As a parent, I have observed that as a parent, i have observed my 16-year-old daughter online until 3 or 4 am; their grades dropped significantly. we have tried setting limits but it doesn't help. and it seems unhealthy.",0.025,Medium
14,Male,Father,-0.154166667,35,1,4,smartphone,"Over the past few months, she cries non-stop if wi-fi is cut; used to be social, now online 4 hours per day. this behavior started a few months ago. and I feel intervention is needed.",0.027777778,Medium
11,Male,Mother,0.0625,28,1,8,tablet,It has become clear that uses social media to coordinate group study sessions and is polite online; estimated 8 hours per day. which is becoming a serious concern.,0.034482759,High
13,Male,Father,-0.2,37,2,9,tablet,"As a parent, I have observed that as a counselor, i have observed my 13-year-old son online until 3 or 4 am; their grades dropped significantly. recently their teacher informed me about this. and it seems unhealthy.",0.052631579,High
17,Male,Mother,-0.3,24,2,3,smartphone,Lately I have noticed that shows withdrawal and aggression when challenged screen time; spends 3 hours per dayonline. and I feel intervention is needed.,0.08,Medium
13,Female,Guardian,-0.177777778,38,4,4,smartphone,I am concerned because he becomes very angry and cries for hours when we take the phone away; he's spending 4 hours per day on apps. the child hides their screen time. which is becoming a serious concern.,0.102564103,Medium
16,Female,Father,-0.088888889,40,1,2,laptop,Lately I have noticed that using social apps to meet strangers and lying about their age  behavior started after being online for 2 hours per day/day. recently their teacher informed me about this. which is impacting behavior and routine.,0.024390244,Low
17,Female,Father,-0.143333333,30,3,4,smartphone,"Over the past few months, my 17-year-old skips school or is frequently absent because of meeting people from social media. usage around 4 hours per day. and it seems unhealthy.",0.096774194,Medium
16,Male,Guardian,-0.04,24,1,1,smartphone,Lately I have noticed that posts occasionally and keeps healthy offline relationships; daily use close to 1 hours per day. and it seems unhealthy.,0.04,Low
14,Male,Father,0.05,28,2,1,smartphone,It has become clear that stays up all night messaging strangers and is depressed; daily screen time around 1 hours per day. which is impacting behavior and routine.,0.068965517,Low
16,Female,Father,0.05,33,3,8,laptop,It has become clear that stays up all night messaging strangers and is depressed; daily screen time around 8 hours per day. it has become a concern. and I feel intervention is needed.,0.088235294,High
11,Female,Guardian,-0.28,42,2,1,tablet,"Over the past few months, he becomes very angry and cries for hours when we take the phone away; he's spending roughly 1 hours per day on apps. this behavior started a few months ago. and this worries me as a parent.",0.046511628,Low
10,Male,Mother,-0.016666667,30,0,8,laptop,I am concerned because they cancel family activities to be online and avoid offline friends; daily social media time roughly 8 hours per day. and it is affecting daily life.,0,High
15,Female,Guardian,-0.020833333,29,1,9,smartphone,I am concerned because she watches a few videos for entertainment but stops when we ask; daily use about 9 hours per day. which is becoming a serious concern.,0.033333333,High
14,Male,Father,0.079166667,30,2,2,smartphone,"It has become clear that has lost interest in hobbies and isolates themselves, glued to the phone for nearly 2 hours per dayeach day. which is becoming a serious concern.",0.064516129,Low
10,Female,Mother,0,38,1,1,smartphone,"Over the past few months, uses social apps to chat with classmates, but rarely misses sleep. i'd say around 1 hours per day. we have tried setting limits but it doesn't help. which is becoming a serious concern.",0.025641026,Low
15,Female,Guardian,0.016666667,29,1,8,smartphone,"As a parent, I have observed that complains of boredom and uses social media to pass time; only around 8 hours per day. and I feel intervention is needed.",0.033333333,High
10,Male,Mother,0,45,0,2,laptop,"As a parent, I have observed that takes the phone to school and uses it in classes; i estimate 2 hours per day including school hours. they pretend not to be online but we found them streaming at night. which is impacting behavior and routine.",0,Low
14,Female,Mother,0.033333333,30,0,9,smartphone,"As a parent, I have observed that follows hobby pages and maintains a balanced routine, using social media about 9 hours per dayeach day. which is impacting behavior and routine.",0,High
11,Female,Father,0.106666667,25,1,4,smartphone,I am worried that watches short videos before bed but wakes up fine; daily use 4 hours per day. which is becoming a serious concern.,0.038461538,Medium
11,Male,Father,-0.177777778,35,1,5,laptop,Lately I have noticed that uses apps mainly for tutorials and study material; 5 hours per dayeach day. they pretend not to be online but we found them streaming at night. and it seems unhealthy.,0.027777778,Medium
11,Female,Guardian,0,32,2,4,smartphone,I am concerned because stays up all night messaging strangers and is depressed; daily screen time around 4 hours per day. it has become a concern. which is impacting behavior and routine.,0.060606061,Medium
13,Male,Mother,-0.073333333,31,0,8,tablet,Lately I have noticed that they cancel family activities to be online and avoid offline friends; daily social media time roughly 8 hours per day. and it is affecting daily life.,0,High
16,Female,Father,-0.2,38,3,8,tablet,I am worried that stays up all night messaging strangers and is depressed; daily screen time around 8 hours per day. they pretend not to be online but we found them streaming at night. and it seems unhealthy.,0.076923077,High
11,Female,Father,-0.15,33,1,8,smartphone,I am worried that open screen time and follows rules set by parents; daily average approximately 8 hours per day. this behavior started a few months ago. and I feel intervention is needed.,0.029411765,High
13,Female,Mother,0.15,35,0,3,smartphone,I am concerned because my 13-year-old uses social media about 3 hours per day(s) after school and seems to manage studies fine. i am worried about the long-term effects. and it is affecting daily life.,0,Medium
16,Male,Guardian,0,27,0,7,laptop,I am concerned because borrowed money for subscriptions and cannot stop  usage continues for about 7 hours per dayevery day. which is impacting behavior and routine.,0,High
15,Male,Guardian,-0.041666667,40,1,2,smartphone,"Lately I have noticed that my 15-year-old daughter refuses to leave her room and has lost weight, spending nearly 2 hours per dayon social platforms. we have tried setting limits but it doesn't help. and it is affecting daily life.",0.024390244,Low
17,Male,Father,-0.183333333,38,3,5,smartphone,"As a parent, I have observed that we as a family noticed that my counselor reports that their 17-year-old daughter spends about 5 hours per day on social media and has stopped doing homework. and it seems unhealthy.",0.076923077,Medium
15,Female,Guardian,-0.09,38,0,2,smartphone,It has become clear that open about screen time and follows rules set by parents; daily average approximately 2 hours per day. we have tried setting limits but it doesn't help. and this worries me as a parent.,0,Low
10,Female,Father,-0.079166667,37,3,8,laptop,"Over the past few months, my 10-year-old skips school or is frequently absent because of meeting people from social media. usage around 8 hours per day. it has become a concern. and I feel intervention is needed.",0.078947368,High
10,Male,Guardian,-1,42,5,8,tablet,Lately I have noticed that shows withdrawal and aggression when challenged about screen time; spends roughly 8 hours per dayonline. it has become a concern. and it is affecting daily life. Situation is escalating with severe anxiety and withdrawal symptoms. ,0.119047619,High
18,Female,Mother,-0.138888889,33,1,1,laptop,"Over the past few months, using social apps to meet strangers and lying about their age  behavior started after being online for 1 hours per day/day. which is impacting behavior and routine.",0.029411765,Low
15,Male,Guardian,0.05,37,2,2,smartphone,I am worried that we as a family noticed that my parent reports that their 15-year-old son spends about 2 hours per day on social media and has stopped doing homework. which is becoming a serious concern.,0.052631579,Low
14,Male,Father,-0.079166667,31,1,5,smartphone,"Over the past few months, my 14-year-old daughter refuses to leave her room and has lost weight, spending nearly 5 hours per dayon social platforms. which is impacting behavior and routine.",0.03125,Medium
17,Male,Guardian,0.066666667,38,2,4,smartphone,It has become clear that using social apps to meet strangers and lying their age  behavior started after being online for 4 hours per day/day. the child hides their screen time. which is impacting behavior and routine.,0.051282051,Medium
18,Female,Father,-0.133333333,40,2,9,smartphone,Lately I have noticed that using social apps to meet strangers and lying about their age  behavior started after being online for 9 hours per day/day. the child hides their screen time. and this worries me as a parent.,0.048780488,High
15,Female,Mother,-0.054545455,42,4,7,laptop,"Lately I have noticed that the child has become secretive, has new friends only online, and avoids family time  using devices about 7 hours per day. we have tried setting limits but it doesn't help. which is impacting behavior and routine.",0.093023256,High
18,Female,Father,-0.133333333,29,0,1,smartphone,"Lately I have noticed that follows hobby pages and maintains a balanced routine, using social media about 1 hours per dayeach day. and this worries me as a parent.",0,Low
18,Female,Father,0.016666667,34,1,1,smartphone,"As a parent, I have observed that using social apps to meet strangers and lying their age  behavior started after being online for 1 hours per day/day. and it is affecting daily life.",0.028571429,Low
15,Female,Guardian,-0.088888889,28,2,1,laptop,"I am concerned because my 15-year-old daughter refuses to leave her room and has lost weight, spending nearly 1 hours per dayon social platforms. and it seems unhealthy.",0.068965517,Low
15,Male,Father,-0.020833333,43,2,2,smartphone,"Lately I have noticed that has lost interest in hobbies and isolates themselves, glued to the phone for nearly 2 hours per dayeach day. they pretend not to be online but we found them streaming at night. which is becoming a serious concern.",0.045454545,Low
10,Female,Father,-0.05,34,2,4,tablet,"As a parent, I have observed that shows withdrawal and aggression when challenged about screen time; spends roughly 4 hours per dayonline. the child hides their screen time. and it is affecting daily life.",0.057142857,Medium
17,Female,Guardian,0,30,3,3,tablet,"I am concerned because my child hides their phone, deletes messages, and withdraws; screen time seems to be around 3 hours per dayevery day. which is impacting behavior and routine.",0.096774194,Medium
13,Female,Mother,-0.045833333,37,2,9,smartphone,"Lately I have noticed that as a counselor, i have observed my 13-year-old daughter online until 3 or 4 am; their grades dropped significantly. recently their teacher informed me about this. which is becoming a serious concern.",0.052631579,High
16,Female,Guardian,0.033333333,40,2,5,smartphone,"As a parent, I have observed that using social apps to meet strangers and lying about their age  behavior started after being online for 5 hours per day/day. it has become a concern. and I feel intervention is needed.",0.048780488,Medium
17,Female,Mother,-0.083333333,34,1,2,laptop,I am concerned because mood swings happen but they are not tied to social media; screen time 2 hours per day. this behavior started a few months ago. which is impacting behavior and routine.,0.028571429,Low
14,Female,Mother,0.045454546,32,4,2,smartphone,"I am worried that the child has become secretive, has new friends only online, and avoids family time  using devices about 2 hours per day. and it is affecting daily life.",0.121212121,Low
18,Male,Father,0.033333333,34,1,1,smartphone,"As a parent, I have observed that using social apps to meet strangers and lying their age  behavior started after being online for 1 hours per day/day. which is impacting behavior and routine.",0.028571429,Low
16,Male,Guardian,0.033333333,31,1,1,smartphone,I am concerned because using social apps to meet strangers and lying their age  behavior started after being online for 1 hours per day/day. which is impacting behavior and routine.,0.03125,Low
12,Male,Mother,0.066666667,30,2,1,laptop,"I am worried that my 12-year-old daughter refuses to leave her room and has lost weight, spending nearly 1 hours per dayon social platforms. and I feel intervention is needed.",0.064516129,Low
14,Male,Guardian,0.125,24,1,4,tablet,It has become clear that streams occasionally yet keeps good attendance; typically around 4 hours per dayof use. which is becoming a serious concern.,0.04,Medium
12,Male,Guardian,-0.15,34,2,5,laptop,Lately I have noticed that posts and takes part in dangerous online challenges and then got reprimanded at school; they use social media about 5 hours per day. which is becoming a serious concern.,0.057142857,Medium
13,Female,Father,-0.15,29,2,4,smartphone,Lately I have noticed that stays up all night messaging strangers and is depressed; daily screen time around 4 hours per day. and this worries me as a parent.,0.066666667,Medium
18,Male,Father,-0.3,35,2,4,smartphone,"Over the past few months, he becomes very angry and cries for hours when we take the phone away; he's spending roughly 4 hours per day on apps. and this worries me as a parent.",0.055555556,Medium
17,Male,Mother,0.083333333,37,1,6,smartphone,Lately I have noticed that using social apps to meet strangers and lying about their age  behavior started after being online for 6 hours per day/day. more frequently than before which is impacting behavior and routine.,0.026315789,High
13,Female,Guardian,-1,53,8,11,smartphone,It has become clear that posts and takes part in dangerous online challenges and then got reprimanded at school; they use social media about 11 hours per day. i am worried about the long-term effects. and I feel intervention is needed. Situation is escalating with compulsive checking and loss of control. ,0.150943396,High
15,Male,Father,0.166666667,26,0,6,laptop,I am worried that posts occasionally and keeps healthy offline relationships; daily use close to 6 hours per day. and this worries me as a parent.,0,High
11,Female,Mother,-0.01875,30,1,6,smartphone,"Over the past few months, as a counselor, i have observed my 11-year-old son online until 3 or 4 am; their grades dropped significantly. and it is affecting daily life.",0.032258065,High
18,Male,Mother,0.033333333,31,0,4,smartphone,"As a parent, I have observed that she cries non-stop if wi-fi is cut; used to be social, now online 4 hours per day. and this worries me as a parent.",0,Medium
16,Male,Father,-0.225,37,3,6,laptop,"Over the past few months, we as a family noticed that my child hides their phone, deletes messages, and withdraws; screen time seems to be around 6 hours per dayevery day. which is impacting behavior and routine.",0.078947368,High
14,Female,Guardian,0.008333333,38,0,1,smartphone,"It has become clear that she cries non-stop if wi-fi is cut; used to be social, now online roughly 1 hours per day. we have tried setting limits but it doesn't help. and it is affecting daily life.",0,Low
17,Female,Mother,-0.022222222,29,1,2,tablet,"As a parent, I have observed that uses social apps to chat with classmates, but rarely misses sleep. i'd say around 2 hours per day. and it seems unhealthy.",0.033333333,Low
16,Male,Father,-0.15,31,3,5,tablet,"Lately I have noticed that my child hides their phone, deletes messages, and withdraws; screen time seems to be around 5 hours per dayevery day. and it is affecting daily life.",0.09375,Medium
16,Male,Father,1,46,2,2,smartphone,"I am concerned because my child hides their phone, deletes messages, and withdraws; screen time seems to be around 2 hours per dayevery day. the child hides their screen time. and it is affecting daily life. Child is now showing better balance with guidance.",0.043478261,Low
10,Female,Guardian,0.0375,34,1,5,smartphone,"Over the past few months, takes the phone to school and uses it in classes; i estimate 5 hours per day including school hours. more frequently than before and I feel intervention is needed.",0.028571429,Medium
18,Female,Mother,0.123333333,25,1,6,laptop,I am concerned because posts occasionally and keeps healthy offline relationships; daily use close to 6 hours per day. which is becoming a serious concern.,0.038461538,High
14,Male,Guardian,-0.15,30,0,4,smartphone,"As a parent, I have observed that sometimes stays up late but recovers the next day; average use about 4 hours per day. and this worries me as a parent.",0,Medium
10,Male,Mother,-0.15,37,2,1,smartphone,"Over the past few months, as a counselor, i have observed my 10-year-old son online until 3 or 4 am; their grades dropped significantly. recently their teacher informed me about this. and I feel intervention is needed.",0.052631579,Low
15,Female,Mother,0,36,2,8,smartphone,"As a parent, I have observed that stays up all night messaging strangers and is depressed; daily screen time around 8 hours per day. recently their teacher informed me this. and it is affecting daily life.",0.054054054,High
17,Female,Mother,-0.155555556,36,0,2,laptop,"Lately I have noticed that follows hobby pages and maintains a balanced routine, using social media about 2 hours per dayeach day. this behavior started a few months ago. and this worries me as a parent.",0,Low
18,Female,Guardian,0.07,32,3,8,tablet,It has become clear that my 18-year-old skips school or is frequently absent because of meeting people from social media. usage around 8 hours per day. which is becoming a serious concern.,0.090909091,High
17,Male,Mother,-0.116666667,36,0,1,laptop,"Over the past few months, he plays on the weekend and finishes homework during weekdays; screen time roughly 1 hours per dayon average. recently their teacher informed me about this. and it is affecting daily life.",0,Low
15,Female,Guardian,-0.073333333,38,1,7,smartphone,Lately I have noticed that they cancel family activities to be online and avoid offline friends; daily social media time roughly 7 hours per day. recently their teacher informed me about this. and I feel intervention is needed.,0.025641026,High
16,Male,Father,-0.141666667,36,4,7,smartphone,Lately I have noticed that my 16-year-old skips school or is frequently absent because of meeting people from social media. usage around 7 hours per day. the child hides their screen time. and it seems unhealthy.,0.108108108,High
12,Male,Guardian,-0.133333333,41,2,9,smartphone,Lately I have noticed that she lies about her screen time and sneaks out to use social apps every evening; i'd estimate 9 hours per day. we have tried setting limits but it doesn't help. which is impacting behavior and routine.,0.047619048,High
15,Male,Mother,-0.15,30,0,1,smartphone,Lately I have noticed that takes the phone to school and uses it in classes; i estimate 1 hours per day including school hours. and it is affecting daily life.,0,Low
16,Female,Guardian,-0.041666667,24,1,8,laptop,"It has become clear that active in sports and uses social media minimally, typically 8 hours per day. and I feel intervention is needed.",0.04,High
11,Male,Guardian,-0.042857143,26,1,4,smartphone,"Over the past few months, checks social media during short breaks but focuses on studies; overall 4 hours per day. which is becoming a serious concern.",0.037037037,Medium
14,Male,Father,0.066666667,36,1,8,smartphone,"It has become clear that follows hobby pages and maintains a balanced routine, using social media 8 hours per dayeach day. we have tried setting limits but it doesn't help. and I feel intervention is needed.",0.027027027,High
17,Female,Mother,-1,48,7,10,laptop,"As a parent, I have observed that posts and takes part in dangerous online challenges and then got reprimanded at school; they use social media about 10 hours per day. and this worries me as a parent. Situation is escalating with sleep disruption and academic decline.",0.145833333,High
18,Male,Mother,-0.122222222,29,1,5,smartphone,I am worried that complains of boredom and uses social media to pass time; only around 5 hours per day. it has become a concern. and it seems unhealthy.,0.033333333,Medium
16,Male,Mother,0.05,41,3,2,tablet,"As a parent, I have observed that she lies about her screen time and sneaks out to use social apps every evening; i'd estimate 2 hours per day. i am worried about the long-term effects. which is becoming a serious concern.",0.071428571,Low
10,Male,Father,0.07,37,3,8,tablet,It has become clear that my 10-year-old skips school or is frequently absent because of meeting people from social media. usage around 8 hours per day. it has become a concern. which is becoming a serious concern.,0.078947368,High
12,Male,Father,-0.4,25,1,1,smartphone,I am worried that borrowed money for subscriptions and cannot stop  usage continues for about 1 hours per dayevery day. and it seems unhealthy.,0.038461538,Low
10,Female,Guardian,-0.25,37,0,6,smartphone,Lately I have noticed that takes the phone to school and uses it in classes; i estimate 6 hours per day including school hours. this behavior started a few months ago. which is impacting behavior and routine.,0,High
12,Female,Father,0.177777778,26,0,5,laptop,"As a parent, I have observed that streams occasionally yet keeps good attendance; typically around 5 hours per dayof use. which is impacting behavior and routine.",0,Medium
12,Female,Guardian,0.033333333,35,2,1,smartphone,"As a parent, I have observed that using social apps to meet strangers and lying about their age  behavior started after being online for 1 hours per day/day. and I feel intervention is needed.",0.055555556,Low
18,Female,Father,-0.066666667,28,2,2,smartphone,"It has become clear that has lost interest in hobbies and isolates themselves, glued to the phone for nearly 2 hours per dayeach day. and it seems unhealthy.",0.068965517,Low
12,Male,Mother,-1,41,6,9,smartphone,I am worried that streams occasionally yet keeps good attendance; typically around 9 hours per dayof use. i am worried about the long-term effects. and it is affecting daily life. Situation is escalating with daily conflicts and emotional distress. ,0.146341463,High
10,Female,Mother,0.008333333,33,0,2,laptop,I am worried that checks social media during short breaks but focuses on studies; overall 2 hours per day. recently their teacher informed me about this. and this worries me as a parent.,0,Low
16,Female,Father,0.083333333,30,1,2,tablet,I am concerned because uses apps mainly for tutorials and study material; about 2 hours per dayeach day. the child hides their screen time. and it is affecting daily life.,0.032258065,Low
12,Female,Guardian,0.066666667,29,0,1,laptop,It has become clear that uses social media to coordinate group study sessions and is polite online; estimated 1 hours per day. and this worries me as a parent.,0,Low
12,Female,Mother,0,44,3,5,smartphone,"I am worried that my child hides their phone, deletes messages, and withdraws; screen time seems to be around 5 hours per dayevery day. they pretend not to be online but we found them streaming at night. and this worries me as a parent.",0.066666667,Medium
17,Male,Mother,-0.040909091,33,4,5,smartphone,"Lately I have noticed that the child has become secretive, has new friends only online, and avoids family time  using devices about 5 hours per day. and it is affecting daily life.",0.117647059,Medium
14,Male,Guardian,0.1,35,0,2,smartphone,It has become clear that takes the phone to school and uses it in classes; i estimate 2 hours per day including school hours. it has become a concern. which is impacting behavior and routine.,0,Low
12,Male,Guardian,-0.133333333,32,2,9,smartphone,Lately I have noticed that shows withdrawal and aggression when challenged about screen time; spends roughly 9 hours per dayonline. the child hides their screen time. and it is affecting daily life.,0.060606061,High
17,Male,Guardian,-0.35,34,2,4,laptop,Lately I have noticed that he becomes very angry and cries for hours when we take the phone away; he's spending roughly 4 hours per day on apps. which is impacting behavior and routine.,0.057142857,Medium
17,Female,Guardian,-0.075,34,1,2,smartphone,"Lately I have noticed that active in sports and uses social media minimally, typically about 2 hours per day. we have tried setting limits but it doesn't help. which is becoming a serious concern.",0.028571429,Low
11,Male,Mother,0,29,1,2,smartphone,"As a parent, I have observed that chats with relatives and uses social media responsibly; average daily use around 2 hours per day. which is becoming a serious concern.",0.033333333,Low
15,Female,Mother,-0.225,35,1,5,laptop,"Over the past few months, takes the phone to school and uses it in classes; i estimate 5 hours per day including school hours. it has become a concern. and I feel intervention is needed.",0.027777778,Medium
13,Female,Guardian,0.166666667,29,0,8,smartphone,I am concerned because uses apps mainly for tutorials and study material; about 8 hours per dayeach day. it has become a concern. which is impacting behavior and routine.,0,High
18,Male,Mother,-0.1125,41,2,1,tablet,"As a parent, I have observed that posts and takes part in dangerous online challenges and then got reprimanded at school; they use social media 1 hours per day. i am worried the long-term effects. which is becoming a serious concern.",0.047619048,Low
14,Female,Father,-0.216666667,40,3,1,tablet,"Over the past few months, he got into arguments and panic attacks when we tried to limit phone time; online use close to 1 hours per day. this behavior started a few months ago. which is impacting behavior and routine.",0.073170732,Low
15,Male,Guardian,-0.083333333,41,3,8,smartphone,"As a parent, I have observed that she lies about her screen time and sneaks out to use social apps every evening; i'd estimate 8 hours per day. this behavior started a few months ago. and I feel intervention is needed.",0.071428571,High
16,Female,Guardian,-1,40,5,8,smartphone,"I am worried that as a counselor, i have observed my 16-year-old son online until 3 or 4 am; their grades dropped significantly. and it is affecting daily life. Situation is escalating with severe anxiety and withdrawal symptoms. ",0.125,High
13,Female,Guardian,0.044444444,30,1,6,laptop,"I am concerned because my 13-year-old daughter refuses to leave her room and has lost weight, spending nearly 6 hours per dayon social platforms. and it is affecting daily life.",0.032258065,High
14,Male,Mother,-0.233333333,29,5,4,smartphone,Lately I have noticed that started spending money on in-app purchases and ignoring household limits  approximately 4 hours per dayof daily use. and I feel intervention is needed.,0.166666667,Medium
15,Female,Father,-0.3,38,0,5,smartphone,Lately I have noticed that takes the phone to school and uses it in classes; i estimate 5 hours per day including school hours. i am worried about the long-term effects. and this worries me as a parent.,0,Medium
10,Female,Guardian,0.045454546,32,4,2,smartphone,"I am worried that the child has become secretive, has new friends only online, and avoids family time  using devices about 2 hours per day. and it is affecting daily life.",0.121212121,Low
18,Male,Guardian,-1,37,5,8,laptop,"It has become clear that active in sports and uses social media minimally, typically about 8 hours per day. and this worries me as a parent. Situation is escalating with severe anxiety and withdrawal symptoms.",0.135135135,High
18,Female,Father,-0.11,33,1,5,tablet,"Over the past few months, shows withdrawal and aggression when challenged about screen time; spends roughly 5 hours per dayonline. recently their teacher informed me about this. and it is affecting daily life.",0.029411765,Medium
13,Female,Mother,0.033333333,27,1,5,laptop,"I am worried that follows hobby pages and maintains a balanced routine, using social media about 5 hours per dayeach day. and I feel intervention is needed.",0.035714286,Medium
11,Male,Guardian,0.05,35,1,7,smartphone,"As a parent, I have observed that uses social media to coordinate group study sessions and is polite online; estimated 7 hours per day. it has become a concern. which is becoming a serious concern.",0.027777778,High
10,Male,Guardian,-0.3625,39,3,8,smartphone,Lately I have noticed that he becomes very angry and cries for hours when we take the phone away; he's spending roughly 8 hours per day on apps. i am worried about the long-term effects. and it seems unhealthy.,0.075,High
17,Female,Father,-0.088888889,24,1,7,smartphone,Lately I have noticed that uses tablet for learning and occasional social media browsing; 7 hours per day. and I feel intervention is needed.,0.04,High
17,Male,Guardian,-0.016666667,37,1,4,smartphone,"I am concerned because my 17-year-old daughter refuses to leave her room and has lost weight, spending nearly 4 hours per dayon social platforms. this behavior started a few months ago. and it is affecting daily life.",0.026315789,Medium
12,Female,Guardian,-0.155555556,35,0,6,laptop,Lately I have noticed that uses social media to coordinate group study sessions and is polite online; estimated 6 hours per day. this behavior started a few months ago. which is impacting behavior and routine.,0,High
10,Female,Mother,-0.15,37,2,10,smartphone,"Over the past few months, as a counselor, i have observed my 10-year-old daughter online until 3 or 4 am; their grades dropped significantly. recently their teacher informed me about this. and I feel intervention is needed.",0.052631579,Medium
15,Female,Mother,0,27,0,6,smartphone,I am concerned because borrowed money for subscriptions and cannot stop  usage continues for 6 hours per dayevery day. and this worries me as a parent.,0,High
17,Female,Guardian,-0.4,33,4,6,laptop,"As a parent, I have observed that he got into arguments and panic attacks when we tried to limit phone time; online use close to 6 hours per day. and it seems unhealthy.",0.117647059,High
14,Male,Mother,-0.041666667,38,1,7,smartphone,"Lately I have noticed that my 14-year-old daughter refuses to leave her room and has lost weight, spending nearly 7 hours per dayon social platforms. i am worried about the long-term effects. and it is affecting daily life.",0.025641026,High
17,Male,Guardian,-0.041666667,29,2,4,tablet,"It has become clear that my 17-year-old daughter refuses to leave her room and has lost weight, spending nearly 4 hours per dayon social platforms. and it seems unhealthy.",0.066666667,Medium
15,Female,Guardian,-0.222222222,32,1,6,tablet,"Lately I have noticed that she cries non-stop if wi-fi is cut; used to be social, now online 6 hours per day. i am worried the long-term effects. and it seems unhealthy.",0.03030303,High
14,Female,Guardian,0,43,4,5,smartphone,"I am concerned because my child hides their phone, deletes messages, and withdraws; screen time seems to be around 5 hours per dayevery day. they pretend not to be online but we found them streaming at night. and I feel intervention is needed.",0.090909091,Medium
15,Male,Guardian,-0.103333333,31,1,6,smartphone,"Over the past few months, they cancel family activities to be online and avoid offline friends; daily social media time roughly 6 hours per day. and I feel intervention is needed.",0.03125,High
11,Female,Guardian,-0.066666667,29,0,4,laptop,I am worried that she watches a few videos for entertainment but stops when we ask; daily use about 4 hours per day. and it is affecting daily life.,0,Medium
18,Female,Mother,-0.183333333,26,2,9,smartphone,"Over the past few months, shows withdrawal and aggression when challenged about screen time; spends roughly 9 hours per dayonline. and I feel intervention is needed.",0.074074074,High
16,Female,Father,-0.3,35,0,1,smartphone,Lately I have noticed that takes the phone to school and uses it in classes; i estimate 1 hours per day including school hours. it has become a concern. which is impacting behavior and routine.,0,Low
13,Female,Father,-0.029166667,38,0,7,smartphone,"Over the past few months, rarely eats or sleeps because of continuous social apps and gaming; i think it's about 7 hours per day. i am worried about the long-term effects. and this worries me as a parent.",0,High
12,Female,Guardian,-0.366666667,42,2,8,laptop,"Over the past few months, he becomes very angry and cries for hours when we take the phone away; he's spending 8 hours per day on apps. we have tried setting limits but it doesn't help. which is impacting behavior and routine.",0.046511628,High
18,Female,Father,0.123333333,30,1,9,tablet,I am concerned because posts occasionally and keeps healthy offline relationships; daily use close to 9 hours per day. it has become a concern. which is becoming a serious concern.,0.032258065,High
12,Male,Father,-0.133333333,28,1,2,laptop,"Lately I have noticed that follows hobby pages and maintains a balanced routine, using social media about 2 hours per dayeach day. and I feel intervention is needed.",0.034482759,Low
11,Male,Father,-0.036666667,29,5,5,smartphone,It has become clear that started spending money on in-app purchases and ignoring household limits  approximately 5 hours per dayof daily use. which is becoming a serious concern.,0.166666667,Medium
14,Male,Father,0.044444444,38,1,4,smartphone,It has become clear that we as a family noticed that my parent reports that their 14-year-old son spends about 4 hours per day on social media and has stopped doing homework. and it is affecting daily life.,0.025641026,Medium
18,Male,Mother,0,32,3,2,smartphone,I am concerned because he got into arguments and panic attacks when we tried to limit phone time; online use close to 2 hours per day. and it is affecting daily life.,0.090909091,Low
10,Female,Guardian,-1,50,5,8,smartphone,It has become clear that they cancel family activities to be online and avoid offline friends; daily social media time 8 hours per day. we have tried setting limits but it doesn't help. and I feel intervention is needed. Situation is escalating with severe anxiety and withdrawal symptoms. ,0.1,High
17,Female,Mother,0.166666667,25,1,5,laptop,I am concerned because posts occasionally and keeps healthy offline relationships; daily use close to 5 hours per day. and I feel intervention is needed.,0.038461538,Medium
10,Male,Mother,0.016666667,30,0,6,smartphone,I am concerned because they cancel family activities to be online and avoid offline friends; daily social media time 6 hours per day. and this worries me as a parent.,0,High
11,Female,Mother,-0.1,36,1,2,smartphone,I am worried that she watches a few videos for entertainment but stops when we ask; daily use about 2 hours per day. i am worried about the long-term effects. and I feel intervention is needed.,0.027027027,Low
18,Male,Guardian,-0.022222222,42,2,7,laptop,"As a parent, I have observed that my 18-year-old skips school or is frequently absent because of meeting people from social media. usage around 6-7 hours per day. this behavior started a few months ago. and this worries me as a parent.",0.046511628,High
14,Female,Mother,-0.138888889,41,2,3,smartphone,"Over the past few months, she lies about her screen time and sneaks out to use social apps every evening; i'd estimate 3 hours per day. we have tried setting limits but it doesn't help. which is impacting behavior and routine.",0.047619048,Medium
12,Female,Guardian,0.077777778,32,2,4,tablet,It has become clear that my 12-year-old skips school or is frequently absent because of meeting people from social media. usage around 4 hours per day. which is impacting behavior and routine.,0.060606061,Medium
10,Male,Guardian,-0.142857143,41,0,2,tablet,"Over the past few months, open about screen time and follows rules set by parents; daily average approximately 2 hours per day. they pretend not to be online but we found them streaming at night. and it is affecting daily life.",0,Low
18,Female,Father,0.044444444,27,0,5,smartphone,"It has become clear that follows hobby pages and maintains a balanced routine, using social media 5 hours per dayeach day. and it is affecting daily life.",0,Medium
12,Female,Guardian,-0.063333333,32,2,1,smartphone,"Over the past few months, my 12-year-old skips school or is frequently absent because of meeting people from social media. usage around 1 hours per day. and it is affecting daily life.",0.060606061,Low
15,Female,Mother,0.016666667,47,1,1,laptop,"As a parent, I have observed that my parent reports that their 15-year-old daughter spends about 1 hours per day on social media and has stopped doing homework. they pretend not to be online but we found them streaming at night. and it is affecting daily life.",0.020833333,Low
12,Male,Mother,0.066666667,31,2,7,smartphone,I am concerned because my 12-year-old skips school or is frequently absent because of meeting people from social media. usage around 7 hours per day. which is impacting behavior and routine.,0.0625,High
10,Female,Guardian,-0.104166667,29,1,4,smartphone,"Over the past few months, mood swings happen but they are not tied to social media; screen time about 4 hours per day. and it is affecting daily life.",0.033333333,Medium
18,Female,Guardian,-0.138888889,29,2,5,smartphone,"Over the past few months, mood swings happen but they are not tied to social media; screen time about 5 hours per day. and I feel intervention is needed.",0.066666667,Medium
10,Female,Father,0.033333333,27,0,7,laptop,"I am concerned because follows hobby pages and maintains a balanced routine, using social media 7 hours per dayeach day. and this worries me as a parent.",0,High
12,Male,Father,0.05,32,2,3,tablet,I am concerned because using social apps to meet strangers and lying about their age  behavior started after being online for 3 hours per day/day. which is becoming a serious concern.,0.060606061,Medium
11,Female,Father,0.166666667,29,0,5,laptop,"As a parent, I have observed that posts occasionally and keeps healthy offline relationships; daily use close to 5 hours per day. and this worries me as a parent.",0,Medium
17,Female,Mother,0.03,43,0,2,smartphone,"Over the past few months, takes the phone to school and uses it in classes; i estimate 2 hours per day including school hours. we have tried setting limits but it doesn't help. more frequently than before and it is affecting daily life.",0,Low
18,Male,Mother,-1,55,5,8,smartphone,"Over the past few months, we as a family noticed that my 18-year-old skips school or is frequently absent because of meeting people from social media. usage around 8 hours per day. it has become a concern. and this worries me as a parent. Situation is escalating with severe anxiety and withdrawal symptoms. ",0.090909091,High
17,Female,Mother,-0.122222222,37,2,8,smartphone,I am worried that using social apps to meet strangers and lying about their age  behavior started after being online for 8 hours per day/day. recently their teacher informed me about this. and it seems unhealthy.,0.052631579,High
18,Female,Father,0.05,43,0,5,smartphone,Lately I have noticed that my 18-year-old uses social media about 5 hours per day(s) after school and seems to manage studies fine. they pretend not to be online but we found them streaming at night. and this worries me as a parent.,0,Medium
15,Male,Mother,0.068181818,32,5,5,laptop,"I am worried that the child has become secretive, has new friends only online, and avoids family time  using devices about 5 hours per day. and I feel intervention is needed.",0.151515152,Medium
10,Female,Guardian,-0.041666667,36,0,9,smartphone,"Lately I have noticed that uses social apps to chat with classmates, but rarely misses sleep. i'd say around 9 hours per day. this behavior started a few months ago. which is impacting behavior and routine.",0,High
16,Female,Mother,-0.041666667,36,1,9,smartphone,"Lately I have noticed that uses social apps to chat with classmates, but rarely misses sleep. i'd say around 9 hours per day. this behavior started a few months ago. and I feel intervention is needed.",0.027027027,High
17,Female,Mother,-0.288888889,40,1,2,laptop,Lately I have noticed that posts and takes part in dangerous online challenges and then got reprimanded at school; they use social media about   2 hours per day. it has become a concern. and this worries me as a parent.,0.024390244,Low
12,Female,Mother,-0.072222222,26,1,5,smartphone,I am concerned because open screen time and follows rules set by parents; daily average approximately 5 hours per day. which is becoming a serious concern.,0.037037037,Medium
18,Female,Guardian,-0.03,24,1,4,tablet,"I am worried that active in sports and uses social media minimally, typically about 4 hours per day. which is becoming a serious concern.",0.04,Medium
17,Male,Mother,-0.116666667,28,1,4,tablet,I am worried that they cancel family activities to be online and avoid offline friends; daily social media time roughly 4 hours per day. and it seems unhealthy.,0.034482759,Medium
15,Female,Mother,-0.141666667,24,0,2,smartphone,"Lately I have noticed that active in sports and uses social media minimally, typically 2 hours per day. which is impacting behavior and routine.",0,Low
12,Male,Guardian,-0.022222222,42,0,5,smartphone,"As a parent, I have observed that they cancel family activities to be online and avoid offline friends; daily social media time roughly 5 hours per day. we have tried setting limits but it doesn't help. which is impacting behavior and routine.",0,Medium
13,Female,Father,0.138888889,36,0,5,laptop,I am worried that watches short videos before bed but wakes up fine; daily use about 5 hours per day. we have tried setting limits but it doesn't help. and this worries me as a parent.,0,Medium
17,Male,Mother,0,46,0,5,smartphone,"As a parent, I have observed that takes the phone to school and uses it in classes; i estimate 5 hours per day including school hours. they pretend not to be online but we found them streaming at night. and this worries me as a parent.",0,Medium
13,Female,Father,0.033333333,21,1,5,smartphone,I am concerned because streams occasionally yet keeps good attendance; typically around 5 hours per dayof use. and it seems unhealthy.,0.045454545,Medium
13,Male,Guardian,-1,50,6,9,smartphone,"As a parent, I have observed that as a parent, i have observed my 13-year-old son online until 3 or 4 am; their grades dropped significantly. i am worried the long-term effects. and this worries me as a parent. Situation is escalating with daily conflicts and emotional distress.",0.12,High
14,Female,Mother,0,30,2,4,laptop,"As a parent, I have observed that stays up all night messaging strangers and is depressed; daily screen time around 4 hours per day. which is impacting behavior and routine.",0.064516129,Medium
13,Female,Mother,0.033333333,32,1,6,tablet,I am concerned because my parent reports that their 13-year-old son spends about 6 hours per day on social media and has stopped doing homework. and this worries me as a parent.,0.03030303,High
10,Male,Mother,-0.083333333,24,2,2,laptop,"Over the past few months, shows withdrawal and aggression when challenged screen time; spends 2 hours per dayonline. which is becoming a serious concern.",0.08,Low
13,Female,Mother,0.111111111,36,0,6,smartphone,"I am worried that uses social apps to chat with classmates, but rarely misses sleep. i'd say around 6 hours per day. recently their teacher informed me about this. and this worries me as a parent.",0,High
18,Female,Father,-0.141666667,33,0,6,smartphone,"Lately I have noticed that active in sports and uses social media minimally, typically about 6 hours per day. i am worried about the long-term effects. and this worries me as a parent.",0,High
18,Female,Father,-0.186111111,23,1,9,smartphone,"Over the past few months, active in sports and uses social media minimally, typically about 9 hours per day. and it seems unhealthy.",0.041666667,High
17,Male,Mother,-0.183333333,25,1,7,smartphone,I am concerned because uses social media to coordinate group study sessions and is polite online; estimated 7 hours per day. and it seems unhealthy.,0.038461538,High
17,Female,Guardian,0.052777778,26,1,8,laptop,Lately I have noticed that posts occasionally and keeps healthy offline relationships; daily use close to 8 hours per day. which is becoming a serious concern.,0.037037037,High
10,Female,Mother,-0.0125,44,2,8,smartphone,I am concerned because we as a family noticed that my teacher reports that their 10-year-old son spends about 7-8 hours per day on social media and has stopped doing homework. this behavior started a few months ago. which is becoming a serious concern.,0.044444444,High
12,Male,Mother,-0.103333333,31,0,7,smartphone,"Over the past few months, they cancel family activities to be online and avoid offline friends; daily social media time roughly 7 hours per day. which is impacting behavior and routine.",0,High
15,Female,Father,-0.083333333,41,2,2,laptop,"As a parent, I have observed that my parent reports that their 15-year-old son spends about 2 hours per day on social media and has stopped doing homework. this behavior started a few months ago. and I feel intervention is needed.",0.047619048,Low
17,Male,Father,-0.1,28,1,3,smartphone,I am concerned because she watches a few videos for entertainment but stops when we ask; daily use 3 hours per day. and I feel intervention is needed.,0.034482759,Medium
12,Male,Guardian,0,29,1,7,tablet,"Over the past few months, my 12-year-old uses social media about 7 hours per day(s) after school and seems to manage studies fine. and I feel intervention is needed.",0.033333333,High
12,Male,Guardian,-0.15,43,2,5,tablet,Lately I have noticed that posts and takes part in dangerous online challenges and then got reprimanded at school; they use social media about 5 hours per day. we have tried setting limits but it doesn't help. which is becoming a serious concern.,0.045454545,Medium
18,Male,Guardian,-0.055555556,31,1,5,smartphone,"Lately I have noticed that my 18-year-old daughter refuses to leave her room and has lost weight, spending nearly 5 hours per dayon social platforms. which is impacting behavior and routine.",0.03125,Medium
17,Male,Guardian,-0.183333333,29,2,1,smartphone,I am concerned because my parent reports that their 17-year-old son spends about 1 hours per day on social media and has stopped doing homework. and it seems unhealthy.,0.066666667,Low
11,Male,Father,-0.025,34,0,6,laptop,"Over the past few months, posts occasionally and keeps healthy offline relationships; daily use close to 6 hours per day. this behavior started a few months ago. and this worries me as a parent.",0,High
10,Male,Mother,-0.141666667,25,0,3,smartphone,"Lately I have noticed that active in sports and uses social media minimally, typically about 3 hours per day. which is impacting behavior and routine.",0,Medium
16,Female,Father,-0.0375,33,2,2,smartphone,Lately I have noticed that using social apps to meet strangers and lying about their age  behavior started after being online for 2 hours per day/day. which is becoming a serious concern.,0.058823529,Low
16,Male,Father,-0.1,35,6,1,smartphone,It has become clear that started spending money on in-app purchases and ignoring household limits  approximately 1 hours per dayof daily use. the child hides their screen time. and I feel intervention is needed.,0.166666667,Low
18,Male,Guardian,-0.116666667,41,1,3,laptop,It has become clear that posts and takes part in dangerous online challenges and then got reprimanded at school; they use social media about 3 hours per day. i am worried about the long-term effects. and it is affecting daily life.,0.023809524,Medium
16,Female,Mother,0.006666667,34,1,1,tablet,"It has become clear that uses social apps to chat with classmates, but rarely misses sleep. i'd say around 1 hours per day. recently their teacher informed me about this. and it seems unhealthy.",0.028571429,Low
15,Male,Father,-0.25,45,2,5,laptop,"As a parent, I have observed that he becomes very angry and cries for hours when we take the phone away; he's spending roughly 5 hours per day on apps. we have tried setting limits but it doesn't help. and it is affecting daily life.",0.043478261,Medium
17,Male,Guardian,-0.188888889,32,1,2,smartphone,I am concerned because posts and takes part in dangerous online challenges and then got reprimanded at school; they use social media 2 hours per day. and it is affecting daily life.,0.03030303,Low
10,Female,Guardian,0.068181818,39,4,5,smartphone,"I am concerned because the child has become secretive, has new friends only online, and avoids family time  using devices about 5 hours per day. i am worried about the long-term effects. which is impacting behavior and routine.",0.1,Medium
11,Female,Guardian,-0.4,37,1,3,smartphone,"As a parent, I have observed that takes the phone to school and uses it in classes; i estimate 3 hours per day including school hours. i am worried about the long-term effects. and it seems unhealthy.",0.026315789,Medium
17,Female,Mother,-0.1125,26,0,5,smartphone,I am worried that sometimes stays up late but recovers the next day; average use about 5 hours per day. and it is affecting daily life.,0,Medium
17,Female,Mother,-0.183333333,25,1,9,laptop,I am concerned because uses social media to coordinate group study sessions and is polite online; estimated 9 hours per day. and it seems unhealthy.,0.038461538,High
12,Female,Father,-0.066666667,35,0,1,smartphone,"Lately I have noticed that follows hobby pages and maintains a balanced routine, using social media about 1 hours per dayeach day. recently their teacher informed me about this. and it is affecting daily life.",0,Low
17,Female,Guardian,-0.275,40,5,5,smartphone,Lately I have noticed that started spending money on in-app purchases and ignoring household limits  approximately 5 hours per dayof daily use. they pretend not to be online but we found them streaming at night. and it seems unhealthy.,0.12195122,Medium
17,Male,Guardian,0.11,29,1,2,laptop,"It has become clear that uses social apps to chat with classmates, but rarely misses sleep. i'd say around 2 hours per day. which is becoming a serious concern.",0.033333333,Low
13,Female,Guardian,-0.079166667,31,1,4,smartphone,"Over the past few months, my 13-year-old daughter refuses to leave her room and has lost weight, spending nearly 4 hours per dayon social platforms. which is impacting behavior and routine.",0.03125,Medium
18,Male,Father,-0.138888889,32,1,4,tablet,"Over the past few months, my parent reports that their 18-year-old daughter spends about 4 hours per day on social media and has stopped doing homework. which is impacting behavior and routine.",0.03030303,Medium
14,Male,Guardian,-0.3,42,4,3,tablet,Lately I have noticed that he got into arguments and panic attacks when we tried to limit phone time; online use close to 3 hours per day. we have tried setting limits but it doesn't help. and I feel intervention is needed.,0.093023256,Medium
14,Female,Father,-0.2,36,1,3,smartphone,I am worried that takes the phone to school and uses it in classes; i estimate 3 hours per day including school hours. this behavior started a few months ago. and I feel intervention is needed.,0.027027027,Medium
17,Female,Father,0.011111111,35,0,4,smartphone,I am worried that complains of boredom and uses social media to pass time; only around 4 hours per day. we have tried setting limits but it doesn't help. and it is affecting daily life.,0,Medium
10,Male,Guardian,-0.15,35,1,5,tablet,"As a parent, I have observed that sometimes stays up late but recovers the next day; average use about 5 hours per day. the child hides their screen time. which is impacting behavior and routine.",0.027777778,Medium
13,Female,Mother,-0.022222222,33,1,2,tablet,"As a parent, I have observed that they cancel family activities to be online and avoid offline friends; daily social media time roughly 2 hours per day. and I feel intervention is needed.",0.029411765,Low
12,Male,Father,0.058333333,35,4,1,smartphone,"As a parent, I have observed that he got into arguments and panic attacks when we tried to limit phone time; online use close to 1 hours per day. which is becoming a serious concern.",0.111111111,Low
11,Female,Guardian,0.011111111,29,0,2,smartphone,"As a parent, I have observed that complains of boredom and uses social media to pass time; only around 2 hours per day. and it is affecting daily life.",0,Low
17,Female,Father,-0.088888889,37,3,7,laptop,It has become clear that she lies about her screen time and sneaks out to use social apps every evening; i'd estimate 7 hours per day. i am worried about the long-term effects. and it seems unhealthy.,0.078947368,High
10,Female,Mother,-0.083333333,36,2,2,smartphone,"Over the past few months, takes the phone to school and uses it in classes; i estimate 2 hours per day including school hours. the child hides their screen time. which is becoming a serious concern.",0.054054054,Low
10,Male,Mother,0.083333333,36,2,4,smartphone,Lately I have noticed that my parent reports that their 10-year-old daughter spends about 4 hours per day on social media and has stopped doing homework. more frequently than before and I feel intervention is needed.,0.054054054,Medium
14,Female,Mother,-0.065909091,37,5,7,smartphone,"I am worried that the child has become secretive, has new friends only online, and avoids family time  using devices about 7 hours per day. recently their teacher informed me about this. and it seems unhealthy.",0.131578947,High
16,Male,Guardian,0.01,36,0,6,laptop,"Over the past few months, has a daily two-hour limit and respects it most of the time; uses around 6 hours per day. i am worried about the long-term effects. and it is affecting daily life.",0,High
13,Male,Guardian,-0.2125,34,1,4,tablet,"Over the past few months, as a parent, i have observed my 13-year-old son online until 3 or 4 am; their grades dropped significantly. recently their teacher informed me this. and it seems unhealthy.",0.028571429,Medium
18,Female,Mother,-0.183333333,25,1,2,laptop,I am worried that uses social media to coordinate group study sessions and is polite online; estimated 2 hours per day. and it seems unhealthy.,0.038461538,Low
15,Female,Father,-0.283333333,40,1,2,smartphone,I am worried that posts and takes part in dangerous online challenges and then got reprimanded at school; they use social media about 2 hours per day. i am worried about the long-term effects. which is impacting behavior and routine.,0.024390244,Low
17,Male,Mother,-0.075,37,1,2,smartphone,It has become clear that plays online with friends but stops for chores and family time; usually2 hours per day. we have tried setting limits but it doesn't help. and this worries me as a parent.,0.026315789,Low
14,Male,Mother,0.005555556,32,2,4,tablet,I am concerned because shows withdrawal and aggression when challenged about screen time; spends roughly 4 hours per dayonline. i am worried about the long-term effects. which is becoming a serious concern.,0.060606061,Medium
16,Male,Guardian,0.103333333,32,0,5,tablet,It has become clear that watches short videos before bed but wakes up fine; daily use 5 hours per day. i am worried the long-term effects. and it is affecting daily life.,0,Medium
17,Female,Father,-0.158333333,43,3,1,smartphone,"As a parent, I have observed that he becomes very angry and cries for hours when we take the phone away. he's spending roughly 1 hours per day on apps. i am worried about the long-term effects. which is becoming a serious concern.",0.068181818,Low
17,Female,Guardian,-0.086666667,33,2,4,smartphone,Lately I have noticed that plays online with friends but stops for chores and family time; usually 4 hours per day. recently their teacher informed me this. which is becoming a serious concern.,0.058823529,Medium
15,Male,Mother,0.166666667,27,0,5,laptop,"As a parent, I have observed that uses apps mainly for tutorials and study material; 5 hours per dayeach day. and this worries me as a parent.",0,Medium
11,Female,Guardian,-0.1875,27,0,2,smartphone,Lately I have noticed that sometimes stays up late but recovers the next day; average use about 2 hours per day. which is impacting behavior and routine.,0,Low
14,Male,Guardian,-0.1125,36,2,5,smartphone,"As a parent, I have observed that posts and takes part in dangerous online challenges and then got reprimanded at school; they use social media about 5 hours per day. which is becoming a serious concern.",0.054054054,Medium
18,Male,Guardian,0.058333333,37,2,2,smartphone,It has become clear that my 18-year-old skips school or is frequently absent because of meeting people from social media. usage around 2 hours per day. it has become a concern. and it is affecting daily life.,0.052631579,Low
18,Male,Guardian,0,36,1,1,laptop,"I am concerned because as a counselor, i have observed my 18-year-old son online until 3 or 4 am; their grades dropped significantly. recently their teacher informed me about this. and it is affecting daily life.",0.027027027,Low
10,Female,Guardian,-0.104166667,45,1,9,tablet,"Over the past few months, my parent reports that their 10-year-old daughter spends about 9 hours per day on social media and has stopped doing homework. they pretend not to be online but we found them streaming at night. and it is affecting daily life.",0.02173913,High
15,Female,Father,0.05,47,2,4,laptop,"As a parent, I have observed that using social apps to meet strangers and lying their age  behavior started after being online for 4 hours per day/day. they pretend not to be online but we found them streaming at night. which is becoming a serious concern.",0.041666667,Medium
11,Female,Guardian,0.104166667,35,0,7,smartphone,I am concerned because watches short videos before bed but wakes up fine; daily use about 7 hours per day. we have tried setting limits but it doesn't help. and it is affecting daily life.,0,High
13,Female,Father,-0.029166667,31,0,5,smartphone,"Over the past few months, rarely eats or sleeps because of continuous social apps and gaming; i think it's about 5 hours per day. and this worries me as a parent.",0,Medium
15,Male,Father,0.066666667,34,1,9,smartphone,It has become clear that using social apps to meet strangers and lying about their age  behavior started after being online for 9 hours per day/day. and this worries me as a parent.,0.028571429,High
16,Male,Mother,-1,43,7,10,smartphone,It has become clear that my 16-year-old skips school or is frequently absent because of meeting people from social media. usage around 10 hours per day. and it is affecting daily life. Situation is escalating with sleep disruption and academic decline. ,0.162790698,High
12,Male,Guardian,-0.216666667,25,1,5,smartphone,"Over the past few months, sometimes stays up late but recovers the next day; average use about 5 hours per day. and it seems unhealthy.",0.038461538,Medium
10,Female,Guardian,-1,48,9,12,laptop,"As a parent, I have observed that rarely eats or sleeps because of continuous social apps and gaming; i think it's about 12 hours per day. recently their teacher informed me about this. and it seems unhealthy. Situation is escalating with isolation from family and responsibilities. ",0.1875,High
15,Female,Father,-0.133333333,29,1,2,smartphone,I am concerned because uses tablet for learning and occasional social media browsing; roughly 2 hours per day. this behavior started a few months ago. and it seems unhealthy.,0.033333333,Low
16,Female,Mother,0.375,30,0,6,smartphone,"I am worried that as a parent, i have observed my 16-year-old daughter online until 3 or 4 am; their grades dropped significantly. and this worries me as a parent.",0,High
14,Male,Father,-0.033333333,31,2,2,laptop,"Over the past few months, my 14-year-old daughter refuses to leave her room and has lost weight, spending nearly 2 hours per dayon social platforms. which is becoming a serious concern.",0.0625,Low
11,Female,Mother,0.05,28,3,6,smartphone,It has become clear that stays up all night messaging strangers and is depressed; daily screen time around 6 hours per day. and I feel intervention is needed.,0.103448276,High
11,Female,Mother,0.016666667,34,2,9,tablet,"As a parent, I have observed that she lies about her screen time and sneaks out to use social apps every evening; i'd estimate 9 hours per day. and it is affecting daily life.",0.057142857,High
11,Female,Mother,-0.155555556,33,1,2,tablet,It has become clear that posts and takes part in dangerous online challenges and then got reprimanded at school; they use social media 2 hours per day. which is impacting behavior and routine.,0.029411765,Low
14,Female,Guardian,-0.203333333,43,1,2,smartphone,"Over the past few months, posts and takes part in dangerous online challenges and then got reprimanded at school; they use social media about 2 hours per day. we have tried setting limits but it doesn't help. and it is affecting daily life.",0.022727273,Low
16,Female,Guardian,-0.17,41,0,1,smartphone,Lately I have noticed that open about screen time and follows rules set by parents; daily average approximately 1 hours per day. they pretend not to be online but we found them streaming at night. which is impacting behavior and routine.,0,Low
18,Female,Father,0.375,32,1,5,smartphone,"As a parent, I have observed that as a counselor, i have observed my 18-year-old son online until 3 or 4 am; their grades dropped significantly. which is impacting behavior and routine.",0.03030303,Medium
18,Female,Guardian,-0.022222222,38,0,1,laptop,"As a parent, I have observed that she cries non-stop if wi-fi is cut; used to be social, now online roughly 1 hours per day. i am worried about the long-term effects. and it is affecting daily life.",0,Low
16,Male,Mother,-0.075,27,0,2,smartphone,I am worried that he plays on the weekend and finishes homework during weekdays; screen time 2 hours per dayon average. and it is affecting daily life.,0,Low
16,Female,Father,-0.05,35,1,1,tablet,"As a parent, I have observed that shows withdrawal and aggression when challenged about screen time; spends roughly 1 hours per dayonline. recently their teacher informed me about this. which is impacting behavior and routine.",0.027777778,Low
14,Female,Mother,0,34,1,6,tablet,I am concerned because borrowed money for subscriptions and cannot stop  usage continues for about 6 hours per dayevery day. i am worried about the long-term effects. and I feel intervention is needed.,0.028571429,High
16,Male,Mother,-0.06,32,2,8,smartphone,"Over the past few months, my teacher reports that their 16-year-old daughter spends about 8 hours per day on social media and has stopped doing homework. which is becoming a serious concern.",0.060606061,High
13,Female,Mother,0.0875,36,1,2,smartphone,"I am concerned because as a parent, i have observed my 13-year-old daughter online until 3 or 4 am; their grades dropped significantly. this behavior started a few months ago. and I feel intervention is needed.",0.027027027,Low
15,Male,Father,-0.225,40,0,5,laptop,"Over the past few months, takes the phone to school and uses it in classes; i estimate 5 hours per day including school hours. we have tried setting limits but it doesn't help. and this worries me as a parent.",0,Medium
14,Female,Guardian,0,42,3,5,smartphone,"As a parent, I have observed that he got into arguments and panic attacks when we tried to limit phone time; online use close to 5 hours per day. recently their teacher informed me this. and this worries me as a parent.",0.069767442,Medium
18,Male,Father,-0.104166667,40,1,6,smartphone,"Over the past few months, complains of boredom and uses social media to pass time; only around 6 hours per day. they pretend not to be online but we found them streaming at night. and I feel intervention is needed.",0.024390244,High
17,Male,Mother,-0.153333333,36,1,9,smartphone,Lately I have noticed that they cancel family activities to be online and avoid offline friends; daily social media time roughly 9 hours per day. i am worried about the long-term effects. and it seems unhealthy.,0.027027027,High
18,Female,Guardian,0.1,35,1,8,laptop,I am worried that has a daily two-hour limit and respects it most of the time; uses around 8 hours per day. this behavior started a few months ago. and I feel intervention is needed.,0.027777778,High
10,Female,Mother,-0.054545455,34,4,1,tablet,"Lately I have noticed that the child has become secretive, has new friends only online, and avoids family time  using devices about 1 hours per day. and this worries me as a parent.",0.114285714,Low
14,Male,Mother,-0.275,33,2,5,laptop,It has become clear that he becomes very angry and cries for hours when we take the phone away; he's spending 5 hours per day on apps. which is impacting behavior and routine.,0.058823529,Medium
15,Male,Mother,0.1,31,4,9,smartphone,"It has become clear that my child hides their phone, deletes messages, and withdraws; screen time seems to be around 9 hours per dayevery day. and I feel intervention is needed.",0.125,High
15,Male,Father,0.166666667,28,0,1,smartphone,"I am worried that uses social apps to chat with classmates, but rarely misses sleep. i'd say around 1 hours per day. which is impacting behavior and routine.",0,Low
18,Male,Mother,0.063257576,32,5,8,smartphone,"I am concerned because the child has become secretive, has new friends only online, and avoids family time  using devices about 8 hours per day. which is becoming a serious concern.",0.151515152,High
14,Female,Guardian,-0.022222222,25,0,9,smartphone,I am concerned because uses tablet for learning and gaming  social media browsing; roughly 9 hours per day. and this worries me as a parent.,0,High
13,Female,Mother,-0.1,36,1,4,laptop,I am worried that she watches a few videos for entertainment but stops when we ask; daily use about 4 hours per day. the child hides their screen time. and this worries me as a parent.,0.027027027,Medium
15,Female,Mother,-0.091666667,30,1,4,smartphone,Lately I have noticed that uses tablet for learning and occasional social media browsing; roughly 4 hours per day. it has become a concern. and I feel intervention is needed.,0.032258065,Medium
10,Male,Father,0.066666667,46,1,3,smartphone,"As a parent, I have observed that my 10-year-old daughter refuses to leave her room and has lost weight, spending nearly 3 hours per dayon social platforms. they pretend not to be online but we found them streaming at night. which is impacting behavior and routine.",0.021276596,Medium
13,Female,Father,-1,50,8,11,laptop,"Over the past few months, has lost interest in hobbies and isolates themselves, glued to the phone for nearly 11 hours per dayeach day. this behavior started a few months ago. and this worries me as a parent. Situation is escalating with compulsive checking and loss of control. ",0.16,High
11,Female,Guardian,0.016666667,35,2,9,smartphone,I am worried that mood swings happen but they are not tied to social media; screen time about 9 hours per day. recently their teacher informed me about this. and I feel intervention is needed.,0.055555556,High
14,Male,Mother,0.066666667,29,2,8,tablet,It has become clear that mood swings happen but they are not tied to social media; screen time about 8 hours per day. and I feel intervention is needed.,0.066666667,High
11,Female,Father,0.183333333,28,0,7,tablet,It has become clear that my 11-year-old uses social media 7 hours per day(s) after school and seems to manage studies fine. which is impacting behavior and routine.,0,High
17,Male,Mother,-0.4,30,4,1,smartphone,I am concerned because he got into arguments and panic attacks when we tried to limit phone time; online use close to 1 hours per day. and it seems unhealthy.,0.129032258,Low
14,Male,Father,0.068181818,33,4,2,smartphone,"I am worried that the child has become secretive, has new friends only online, and avoids family time  using devices about  2 hours per day. and this worries me as a parent.",0.117647059,Low
12,Male,Father,-0.25,40,2,9,smartphone,I am concerned because he becomes very angry and cries for hours when we take the phone away; he's spending roughly 9 hours per day on apps. recently their teacher informed me about this. which is impacting behavior and routine.,0.048780488,High
16,Female,Guardian,0.016666667,33,0,7,laptop,"As a parent, I have observed that they cancel family activities to be online and avoid offline friends; daily social media time 7 hours per day. and this worries me as a parent.",0,High
18,Male,Guardian,0.1125,42,1,4,smartphone,I am worried that rarely eats or sleeps because of continuous social apps and gaming; i think it's about 4 hours per day. they pretend not to be online but we found them streaming at night. which is becoming a serious concern.,0.023255814,Medium
17,Female,Father,-0.087878788,42,5,5,tablet,"As a parent, I have observed that the child has become secretive, has new friends only online, and avoids family time  using devices about 5 hours per day. we have tried setting limits but it doesn't help. and it seems unhealthy.",0.11627907,Medium
16,Female,Guardian,-0.083333333,48,1,2,tablet,"As a parent, I have observed that we as a family noticed that my parent reports that their 16-year-old daughter spends about 2 hours per day on social media and has stopped doing homework. this behavior started a few months ago. and this worries me as a parent.",0.020408163,Low
11,Female,Mother,-0.0375,41,3,5,smartphone,Lately I have noticed that she lies about her screen time and sneaks out to use social apps every evening; i'd estimate 5 hours per day. we have tried setting limits but it doesn't help. which is becoming a serious concern.,0.071428571,Medium
12,Female,Father,-0.225,35,0,1,smartphone,"Over the past few months, borrowed money for subscriptions and cannot stop  usage continues for about 1 hours per dayevery day. i am worried about the long-term effects. which is impacting behavior and routine.",0,Low
16,Male,Guardian,-0.03,37,1,3,laptop,"I am concerned because active in sports and uses social media minimally, typically about 3 hours per day. they pretend not to be online but we found them streaming at night. which is becoming a serious concern.",0.026315789,Medium
17,Female,Guardian,0.066666667,32,1,2,smartphone,It has become clear that my parent reports that their 17-year-old son spends about 2 hours per day on social media and has stopped doing homework. which is impacting behavior and routine.,0.03030303,Low
14,Female,Mother,0.016666667,26,1,4,smartphone,I am concerned because my 14-year-old uses social media about 4 hours per day(s) after school and seems to manage studies fine. and it seems unhealthy.,0.037037037,Medium
14,Male,Guardian,-0.322222222,47,2,2,smartphone,"As a parent, I have observed that posts and takes part in dangerous online challenges and then got reprimanded at school; they use social media about 2 hours per day. they pretend not to be online but we found them streaming at night. and it seems unhealthy.",0.041666667,Low
12,Female,Guardian,-0.079166667,41,2,4,laptop,"Over the past few months, my 12-year-old skips school or is frequently absent because of meeting people from social media. usage around 4 hours per day. we have tried setting limits but it doesn't help. which is impacting behavior and routine.",0.047619048,Medium
18,Male,Guardian,-0.1625,29,1,1,tablet,"Over the past few months, she watches a few videos for entertainment but stops when we ask; daily use 1 hours per day. and I feel intervention is needed.",0.033333333,Low
15,Male,Guardian,-0.1,46,0,2,laptop,"As a parent, I have observed that she watches a few videos for entertainment but stops when we ask; daily use about 2 hours per day. they pretend not to be online but we found them streaming at night. and this worries me as a parent.",0,Low
13,Female,Mother,-0.075,32,1,6,smartphone,"Over the past few months, active in sports and uses social media minimally, typically about 6 hours per day. recently their teacher informed me about this. which is becoming a serious concern.",0.03030303,High
18,Female,Mother,-0.116666667,31,1,8,smartphone,"As a parent, I have observed that they cancel family activities to be online and avoid offline friends; daily social media time roughly 6-8 hours per day. and it seems unhealthy.",0.03125,High
16,Male,Father,0.07,32,3,5,smartphone,It has become clear that my 16-year-old skips school or is frequently absent because of meeting people from social media. usage around 5 hours per day. which is becoming a serious concern.,0.090909091,Medium
17,Male,Guardian,-0.103333333,39,3,1,smartphone,"Over the past few months, my 17-year-old skips school or is frequently absent because of meeting people from social media. usage around 1 hours per day. this behavior started a few months ago. and I feel intervention is needed.",0.075,Low
15,Male,Father,-0.038888889,35,2,5,laptop,"As a parent, I have observed that chats with relatives and uses social media responsibly; average daily use around 5 hours per day. the child hides their screen time. and I feel intervention is needed.",0.055555556,Medium
18,Female,Mother,-0.088888889,39,1,2,smartphone,Lately I have noticed that my teacher reports that their 18-year-old son spends about 2 hours per day on social media and has stopped doing homework. recently their teacher informed me about this. which is impacting behavior and routine.,0.025,Low
16,Female,Guardian,-0.15,33,1,2,smartphone,I am concerned because open screen time and follows rules set by parents; daily average approximately 2 hours per day. this behavior started a few months ago. and I feel intervention is needed.,0.029411765,Low
14,Female,Father,-0.383333333,34,3,1,laptop,"As a parent, I have observed that he becomes very angry and cries for hours when we take the phone away; he's spending roughly 1 hours per day on apps. and it seems unhealthy.",0.085714286,Low
15,Female,Guardian,-0.2125,35,1,9,smartphone,"Over the past few months, as a teacher, i have observed my 15-year-old son online until 3 or 4 am; their grades dropped significantly. recently their teacher informed me about this. and it seems unhealthy.",0.027777778,High
17,Female,Mother,0.05,41,3,3,tablet,It has become clear that he got into arguments and panic attacks when we tried to limit phone time; online use close to 3 hours per day. recently their teacher informed me about this. and this worries me as a parent.,0.071428571,Medium
18,Male,Father,0.108333333,38,0,2,tablet,"It has become clear that uses social apps to chat with classmates, but rarely misses sleep. i'd say around 2 hours per day. we have tried setting limits but it doesn't help. and it is affecting daily life.",0,Low
14,Female,Mother,0.077777778,33,2,2,smartphone,It has become clear that my 14-year-old skips school or is frequently absent because of meeting people from social media. usage around 2 hours per day. and this worries me as a parent.,0.058823529,Low
11,Female,Father,0.033333333,30,0,2,smartphone,"As a parent, I have observed that she cries non-stop if wi-fi is cut; used to be social, now online 2 hours per day. which is impacting behavior and routine.",0,Low
14,Male,Mother,0.072222222,30,1,1,smartphone,It has become clear that takes the phone to school and uses it in classes; i estimate 1 hours per day including school hours. which is becoming a serious concern.,0.032258065,Low
13,Male,Guardian,0.068181818,32,4,2,laptop,"I am worried that the child has become secretive, has new friends only online, and avoids family time  using devices 2 hours per day. and this worries me as a parent.",0.121212121,Low
15,Male,Father,0.066666667,34,1,2,smartphone,"As a parent, I have observed that my 15-year-old daughter refuses to leave her room and has lost weight, spending nearly 2 hours per dayon social platforms. and this worries me as a parent.",0.028571429,Low
18,Female,Guardian,0.138888889,38,0,4,tablet,"As a parent, I have observed that watches short videos before bed but wakes up fine; daily use about 4 hours per day. we have tried setting limits but it doesn't help. which is impacting behavior and routine.",0,Medium
18,Female,Guardian,-0.096666667,38,5,6,tablet,"As a parent, I have observed that started spending money on in-app purchases and ignoring household limits  approximately 6 hours per dayof daily use. this behavior started a few months ago. which is becoming a serious concern.",0.128205128,High
15,Female,Mother,-0.088888889,24,0,2,smartphone,"I am worried that active in sports and uses social media minimally, typically about 2 hours per day. which is impacting behavior and routine.",0,Low
14,Female,Father,0.016666667,26,1,5,smartphone,I am concerned because my 14-year-old uses social media about 5 hours per day(s) after school and seems to manage studies fine. and it seems unhealthy.,0.037037037,Medium
16,Male,Guardian,-0.088888889,30,1,5,laptop,"I am worried that active in sports and uses social media minimally, typically about 5  hours per day. the child hides their screen time. which is impacting behavior and routine.",0.032258065,Medium
12,Female,Father,-0.104166667,32,1,8,smartphone,"Over the past few months, using social apps to meet strangers and lying their age  behavior started after being online for 7-8 hours per day/day. and it is affecting daily life.",0.03030303,High
14,Female,Father,0.045454546,43,4,4,smartphone,"As a parent, I have observed that the child has become secretive, has new friends only online, and avoids family time  using devices about 4 hours per day. recently their teacher informed me about this. and this worries me as a parent.",0.090909091,Medium
15,Female,Mother,0.033333333,32,2,1,smartphone,I am worried that she lies about her screen time and sneaks out to use social apps every evening; i'd estimate 1 hours per day. and this worries me as a parent.,0.060606061,Low
18,Male,Guardian,-0.044444444,26,2,5,laptop,I am worried that plays online with friends but stops for chores and family time; usually 0.5 hours per day. which is becoming a serious concern.,0.074074074,Medium
17,Female,Mother,0.033333333,34,1,2,tablet,"As a parent, I have observed that my teacher reports that their 17-year-old son spends about 2 hours per day on social media and has stopped doing homework. which is impacting behavior and routine.",0.028571429,Low
13,Female,Guardian,0.033333333,32,2,1,laptop,I am concerned because has a daily two-hour limit and respects it most of the time; uses around 1 hours per day. the child hides their screen time. and it seems unhealthy.,0.060606061,Low
17,Female,Mother,-0.0375,40,2,4,smartphone,Lately I have noticed that using social apps to meet strangers and lying about their age  behavior started after being online for 4 hours per day/day. i am worried about the long-term effects. which is becoming a serious concern.,0.048780488,Medium
17,Female,Guardian,0.166666667,28,0,2,smartphone,I am worried that has a daily two-hour limit and respects it most of the time; uses around 2 hours per day. and it is affecting daily life.,0,Low
16,Male,Guardian,-0.4,34,4,6,smartphone,"I am worried that we as a family noticed that my child hides their phone, deletes messages, and withdraws; screen time seems to be around 6 hours per dayevery day. and it seems unhealthy.",0.114285714,High
18,Female,Guardian,-0.2,35,4,9,smartphone,I am worried that started spending money on in-app purchases and ignoring household limits  approximately 9 hours per dayof daily use. i am worried about the long-term effects. which is impacting behavior and routine.,0.111111111,High
12,Male,Guardian,-0.113333333,25,0,1,laptop,"Lately I have noticed that active in sports and uses social media minimally, typically about 1 hours per day. and it is affecting daily life.",0,Low
15,Female,Mother,0.033333333,37,1,2,smartphone,"I am worried that my 15-year-old daughter refuses to leave her room and has lost weight, spending nearly 2 hours per dayon social platforms. recently their teacher informed me about this. and it is affecting daily life.",0.026315789,Low
10,Female,Guardian,-0.104166667,32,1,8,smartphone,"Over the past few months, my parent reports that their 10-year-old daughter spends about 8 hours per day on social media and has stopped doing homework. and it is affecting daily life.",0.03030303,High
14,Male,Guardian,0.066666667,36,3,1,laptop,"I am worried that my 14-year-old daughter refuses to leave her room and has lost weight, spending nearly 1 hours per dayon social platforms. the child hides their screen time. and I feel intervention is needed.",0.081081081,Low
18,Male,Father,0.088888889,32,0,3,smartphone,It has become clear that uses apps mainly for tutorials and study material; about 3 hours per dayeach day. recently their teacher informed me about this. which is impacting behavior and routine.,0,Medium
15,Male,Mother,-0.088888889,41,2,2,tablet,"I am worried that my 15-year-old daughter refuses to leave her room and has lost weight, spending nearly 2 hours per dayon social platforms. they pretend not to be online but we found them streaming at night. and it seems unhealthy.",0.047619048,Low
15,Female,Father,-0.316666667,25,2,9,smartphone,Lately I have noticed that plays online with friends and not  stops for chores and family time; usually  9 hours per day. and it seems unhealthy.,0.076923077,High
10,Female,Father,0.2375,36,1,9,smartphone,"It has become clear that as a parent, i have observed my 10-year-old son online until 3 or 4 am; their grades dropped significantly. the child hides their screen time. which is impacting behavior and routine.",0.027027027,High
14,Male,Guardian,-0.061111111,42,4,2,smartphone,Lately I have noticed that he got into arguments and panic attacks when we tried to limit phone time; online use close to 2 hours per day. we have tried setting limits but it doesn't help. which is becoming a serious concern.,0.093023256,Low
12,Female,Mother,-0.325,38,3,2,smartphone,I am concerned because he becomes very angry and cries for hours when we take the phone away; he's spending 2 hours per day on apps. recently their teacher informed me this. and I feel intervention is needed.,0.076923077,Low
10,Male,Guardian,-0.0375,38,3,5,laptop,Lately I have noticed that my parent reports that their 10-year-old son spends about 5 hours per day on social media and has stopped doing homework. the child hides their screen time. which is becoming a serious concern.,0.076923077,Medium
12,Female,Father,-0.233333333,28,1,1,smartphone,"Over the past few months, plays online with friends but stops for chores and family time; usually 1 hours per day. and this worries me as a parent.",0.034482759,Low
14,Male,Mother,-0.104166667,32,1,1,smartphone,"Over the past few months, using social apps to meet strangers and lying their age  behavior started after being online for 1 hours per day/day. and it is affecting daily life.",0.03030303,Low
12,Male,Guardian,-0.3,24,2,4,laptop,Lately I have noticed that shows withdrawal and aggression when challenged screen time; spends 4 hours per dayonline. and I feel intervention is needed.,0.08,Medium
12,Female,Guardian,-0.163333333,25,1,8,smartphone,"Over the past few months, complains of boredom and uses social media to pass time; only around 8 hours per day. and it seems unhealthy.",0.038461538,High
14,Female,Mother,-0.138888889,39,1,5,tablet,"Over the past few months, using social apps to meet strangers and lying about their age  behavior started after being online for 5 hours per day/day. it has become a concern. and this worries me as a parent.",0.025,Medium
16,Female,Father,0.011111111,30,0,9,tablet,"It has become clear that she cries non-stop if wi-fi is cut; used to be social, now online roughly 9 hours per day. and this worries me as a parent.",0,High
17,Female,Father,-0.11,27,0,8,smartphone,I am concerned because open about screen time and follows rules set by parents; daily average approximately  8 hours per day. and it is affecting daily life.,0,High
10,Male,Guardian,0.033333333,31,2,5,smartphone,I am concerned because my parent reports that their 10-year-old daughter spends about 5 hours per day on social media and has stopped doing homework. and I feel intervention is needed.,0.0625,Medium
18,Female,Guardian,0.058333333,38,0,4,smartphone,It has become clear that rarely eats or sleeps because of continuous social apps and gaming; i think it's about 4 hours per day. this behavior started a few months ago. and this worries me as a parent.,0,Medium
15,Female,Mother,-0.2,36,1,6,laptop,I am worried that takes the phone to school and uses it in classes; i estimate 6 hours per day including school hours. this behavior started a few months ago. and I feel intervention is needed.,0.027027027,High
11,Female,Mother,0.125,25,0,6,smartphone,I am concerned because posts occasionally and keeps healthy offline relationships; daily use close to 6 hours per day. and it is affecting daily life.,0,High
16,Male,Guardian,-0.01875,36,0,1,tablet,"Over the past few months, as a parent, i have observed my 16-year-old son online until 3 or 4 am; their grades dropped significantly. i am worried the long-term effects. and it is affecting daily life.",0,Low
16,Male,Mother,-0.375,40,3,2,tablet,I am concerned because he becomes very angry and cries for hours when we take the phone away. he's spending roughly 2 hours per day on apps. i am worried about the long-term effects. and I feel intervention is needed.,0.073170732,Low
10,Male,Mother,-0.158333333,36,3,9,smartphone,"As a parent, I have observed that he becomes very angry and cries for hours when we take the phone away; he's spending roughly 7-9 hours per day on apps. which is becoming a serious concern.",0.081081081,High
13,Female,Guardian,-0.204166667,26,2,8,smartphone,"Over the past few months, mood swings happen but they are not tied to social media; screen time 8 hours per day. and it seems unhealthy.",0.074074074,High
18,Male,Mother,-0.103333333,31,0,8,laptop,"Over the past few months, they cancel family activities to be online and avoid offline friends; daily social media time roughly 8 hours per day. which is impacting behavior and routine.",0,High
16,Female,Father,-0.1,32,2,1,smartphone,I am worried that shows withdrawal and aggression when challenged about screen time; spends roughly 1 hours per dayonline. i am worried about the long-term effects. and I feel intervention is needed.,0.060606061,Low
13,Male,Guardian,0.004166667,34,1,5,smartphone,"As a parent, I have observed that watches short videos before bed but wakes up fine; daily use about 5 hours per day. i am worried about the long-term effects. and it seems unhealthy.",0.028571429,Medium
11,Male,Mother,0.183333333,42,1,7,smartphone,It has become clear that we as a family noticed that my parent reports that their 11-year-old son spends about 7 hours per day on social media and has stopped doing homework. more frequently than before which is impacting behavior and routine.,0.023255814,High
11,Male,Guardian,-0.143333333,29,0,1,laptop,"Over the past few months, active in sports and uses social media minimally, typically 1 hours per day. it has become a concern. which is impacting behavior and routine.",0,Low
12,Male,Mother,-0.15,33,1,2,tablet,I am concerned because he plays on the weekend and finishes homework during weekdays; screen time 2 hours per dayon average. i am worried the long-term effects. and I feel intervention is needed.,0.029411765,Low
17,Female,Father,-0.103333333,34,2,2,laptop,"Over the past few months, rarely eats or sleeps because of continuous social apps and gaming; i think it's about 2 hours per day. the child hides their screen time. and it seems unhealthy.",0.057142857,Low
17,Male,Father,-0.2125,30,4,2,smartphone,"Over the past few months, started spending money on in-app purchases and ignoring household limits  Approximately 2 hours per dayof daily use. and this worries me as a parent.",0.129032258,Low
12,Male,Mother,0,32,1,8,smartphone,I am worried that shows withdrawal and aggression when challenged screen time; spends 8 hours per dayonline. we have tried setting limits but it doesn't help. and it is affecting daily life.,0.03030303,High
10,Female,Mother,-0.35,37,5,7,smartphone,Lately I have noticed that he got into arguments and panic attacks when we tried to limit phone time; online use close to 7 hours per day. the child hides their screen time. and it seems unhealthy.,0.131578947,High
18,Male,Guardian,-0.033333333,31,0,1,smartphone,It has become clear that she watches a few videos for entertainment but stops when we ask; daily use about 1 hours per day. and this worries me as a parent.,0,Low
16,Female,Father,-0.1375,28,0,8,laptop,I am concerned because open about screen time and follows rules set by parents; daily average approximately 8 hours per day. and this worries me as a parent.,0,High
10,Female,Father,0.1,33,3,5,smartphone,It has become clear that he got into arguments and panic attacks when we tried to limit phone time; online use close to 5 hours per day. which is impacting behavior and routine.,0.088235294,Medium
14,Male,Guardian,-0.078409091,33,5,2,smartphone,"Over the past few months, the child has become secretive, has new friends only online, and avoids family time  using devices about 2 hours per day. and I feel intervention is needed.",0.147058824,Low
13,Male,Father,0.07,37,2,5,laptop,"It has become clear that we as a family noticed that my 13-year-old daughter refuses to leave her room and has lost weight, spending nearly 5 hours per dayon social platforms. which is becoming a serious concern.",0.052631579,Medium
15,Male,Guardian,-0.266666667,42,5,5,smartphone,"As a parent, I have observed that started spending money on in-app purchases and ignoring household limits  approximately 5 hours per dayof daily use. they pretend not to be online but we found them streaming at night. and it seems unhealthy.",0.11627907,Medium
13,Male,Guardian,-0.023333333,37,0,9,tablet,"Over the past few months, rarely eats or sleeps because of continuous social apps and gaming; i think it's about 9 hours per day. i am worried about the long-term effects. and it is affecting daily life.",0,High
14,Male,Mother,0,45,3,5,tablet,I am concerned because he got into arguments and panic attacks when we tried to limit phone time; online use close to 5 hours per day. they pretend not to be online but we found them streaming at night. which is impacting behavior and routine.,0.065217391,Medium
15,Female,Father,-0.1375,33,1,2,smartphone,I am worried that open about screen time and follows rules set by parents; daily average approximately 2 hours per day. the child hides their screen time. which is impacting behavior and routine.,0.029411765,Low
14,Male,Father,0.177777778,27,0,4,smartphone,"As a parent, I have observed that streams occasionally yet keeps good attendance; typically around 4 hours per dayof use. and this worries me as a parent.",0,Medium
15,Female,Guardian,0.0375,32,2,2,smartphone,It has become clear that my 15-year-old uses social media 2 hours per day(s) after school and seems to manage studies fine. the child hides their screen time. and it seems unhealthy.,0.060606061,Low
17,Female,Father,0.375,29,0,4,laptop,"I am concerned because as a parent, i have observed my 17-year-old daughter online until 3 or 4 am; their grades dropped significantly. which is impacting behavior and routine.",0,Medium
18,Male,Father,-0.062727273,39,5,2,smartphone,"Over the past few months, the child has become secretive, has new friends only online, and avoids family time  using devices about 2 hours per day. the child hides their screen time. and it is affecting daily life.",0.125,Low
18,Male,Father,0.077777778,43,2,1,tablet,It has become clear that we as a family noticed that my 18-year-old skips school or is frequently absent because of meeting people from social media. usage around 1 hours per day. it has become a concern. which is impacting behavior and routine.,0.045454545,Low
12,Male,Guardian,-1,48,8,11,tablet,"As a parent, I have observed that he got into arguments and panic attacks when we tried to limit phone time; online use close to 11 hours per day. and this worries me as a parent. Situation is escalating with compulsive checking and loss of control. ",0.166666667,High
13,Female,Father,-1,50,9,12,smartphone,"Lately I have noticed that my 13-year-old daughter refuses to leave her room and has lost weight, spending nearly 12 hours per dayon social platforms. this behavior started a few months ago. and this worries me as a parent. Situation is escalating with isolation from family and responsibilities. ",0.18,High
11,Female,Father,0.066666667,31,2,2,smartphone,I am concerned because my 11-year-old skips school or is frequently absent because of meeting people from social media. usage around 2 hours per day. which is impacting behavior and routine.,0.0625,Low
14,Female,Guardian,0.044444444,37,0,3,laptop,I am concerned because rarely eats or sleeps because of continuous social apps and gaming; i think it's about 3 hours per day. this behavior started a few months ago. and this worries me as a parent.,0,Medium
17,Male,Father,-0.0375,32,2,7,smartphone,Lately I have noticed that my parent reports that their 17-year-old daughter spends about 7 hours per day on social media and has stopped doing homework. which is becoming a serious concern.,0.060606061,High
10,Female,Guardian,-0.1,36,4,10,smartphone,It has become clear that started spending money on in-app purchases and ignoring household limits  approximately 10 hours per dayof daily use. this behavior started a few months ago. and it is affecting daily life.,0.108108108,Medium
10,Female,Mother,0,35,2,6,smartphone,I am concerned because stays up all night messaging strangers and is depressed; daily screen time around 6 hours per day. i am worried about the long-term effects. and this worries me as a parent.,0.055555556,High
15,Female,Guardian,0.133333333,25,1,5,laptop,It has become clear that uses apps mainly for tutorials and study material; about 5 hours per dayeach day. and I feel intervention is needed.,0.038461538,Medium
17,Female,Guardian,-0.122222222,36,1,2,tablet,"Lately I have noticed that she cries non-stop if wi-fi is cut; used to be social, now online roughly 2 hours per day. the child hides their screen time. and this worries me as a parent.",0.027027027,Low
11,Female,Mother,0.1,36,3,5,laptop,"It has become clear that my child hides their phone, deletes messages, and withdraws; screen time seems to be around 5 hours per dayevery day. it has become a concern. which is impacting behavior and routine.",0.081081081,Medium
18,Male,Mother,-0.029166667,37,1,8,smartphone,"Over the past few months, rarely eats or sleeps because of continuous social apps and gaming; i think it's about 8 hours per day. the child hides their screen time. and this worries me as a parent.",0.026315789,High
10,Female,Father,-0.25,26,2,4,smartphone,I am worried that plays online with friends but stops for chores and family time; usually 4 hours per day. and I feel intervention is needed.,0.074074074,Medium
16,Male,Guardian,0.191666667,46,0,7,smartphone,It has become clear that my 16-year-old uses social media about 7 hours per day(s) after school and seems to manage studies fine. they pretend not to be online but we found them streaming at night. more frequently than before and it is affecting daily life.,0,High
10,Female,Guardian,0.05,27,1,7,smartphone,It has become clear that has a daily two-hour limit and respects it most of the time; uses around 7 hours per day. and it seems unhealthy.,0.035714286,High
18,Female,Father,0.066666667,38,3,1,laptop,I am concerned because my 18-year-old skips school or is frequently absent because of meeting people from social media. usage around 1 hours per day. the child hides their screen time. and this worries me as a parent.,0.076923077,Low
15,Male,Guardian,0.375,42,1,1,smartphone,"I am worried that as a teacher, i have observed my 15-year-old son online until 3 or 4 am; their grades dropped significantly. they pretend not to be online but we found them streaming at night. and I feel intervention is needed.",0.023255814,Low
16,Male,Guardian,0.09,35,1,8,smartphone,"I am worried that uses social apps to chat with classmates, but rarely misses sleep. i'd say around 8 hours per day. recently their teacher informed me about this. which is becoming a serious concern.",0.027777778,High
16,Male,Mother,0,37,0,4,laptop,"Over the past few months, my 16-year-old uses social media about 4 hours per day(s) after school and seems to manage studies fine. recently their teacher informed me about this. and this worries me as a parent.",0,Medium
16,Male,Mother,0,33,4,5,smartphone,I am worried that stays up all night messaging strangers and is depressed; daily screen time around 5 hours per day. the child hides their screen time. and I feel intervention is needed.,0.117647059,Medium
12,Female,Guardian,-0.054545455,39,4,6,tablet,"Lately I have noticed that the child has become secretive, has new friends only online, and avoids family time  using devices 6 hours per day. i am worried the long-term effects. and this worries me as a parent.",0.1,High
17,Male,Father,-0.142727273,40,5,5,tablet,"Over the past few months, the child has become secretive, has new friends only online, and avoids family time  using devices about 5 hours per day. we have tried setting limits but it doesn't help. and it seems unhealthy.",0.12195122,Medium
16,Male,Guardian,-0.283333333,28,3,8,smartphone,"Over the past few months, shows withdrawal and aggression when challenged screen time; spends 8 hours per dayonline. the child hides their screen time. and it seems unhealthy.",0.103448276,High
13,Male,Father,1,43,0,2,smartphone,I am concerned because uses apps mainly for tutorials and study material; about 2 hours per dayeach day. we have tried setting limits but it doesn't help. which is impacting behavior and routine. Child is now responding well to screen-time limits. ,0,Low
11,Male,Mother,-0.183333333,31,2,2,smartphone,"I am worried that follows hobby pages and maintains a balanced routine, using social media about 2 hours per dayeach day. the child hides their screen time. and it seems unhealthy.",0.0625,Low
13,Female,Father,-0.2125,24,1,1,laptop,I am concerned because sometimes stays up late but recovers the next day; average use about 2  hours per day. and it seems unhealthy.,0.04,Low
10,Male,Mother,0,45,3,9,smartphone,"As a parent, I have observed that he got into arguments and panic attacks when we tried to limit phone time; online use close to 9 hours per day. we have tried setting limits but it doesn't help. and this worries me as a parent.",0.065217391,High
17,Male,Guardian,-0.133333333,34,0,5,tablet,Lately I have noticed that uses social media to coordinate group study sessions and is polite online; estimated 5 hours per day. i am worried the long-term effects. which is impacting behavior and routine.,0,Medium
10,Male,Father,-0.3125,41,2,1,tablet,Lately I have noticed that he becomes very angry and cries for hours when we take the phone away; he's spending roughly 1 hours per day on apps. this behavior started a few months ago. which is impacting behavior and routine.,0.047619048,Low
13,Male,Mother,-0.15,29,2,2,smartphone,"Over the past few months, stays up all night messaging strangers and is depressed; daily screen time around 2 hours per day. and this worries me as a parent.",0.066666667,Low
15,Female,Father,-0.088888889,33,1,6,smartphone,Lately I have noticed that using social apps to meet strangers and lying about their age  behavior started after being online for 6 hours per day/day. and it is affecting daily life.,0.029411765,High
14,Male,Guardian,0.15,33,0,2,laptop,It has become clear that posts occasionally and keeps healthy offline relationships; daily use close to 2 hours per day. i am worried about the long-term effects. which is impacting behavior and routine.,0,Low
15,Female,Guardian,0,23,1,2,smartphone,I am worried that shows withdrawal and aggression when challenged screen time; spends 2 hours per dayonline. and it is affecting daily life.,0.041666667,Low
18,Male,Mother,0.016666667,26,1,1,smartphone,I am worried that my 18-year-old uses social media about 1 hours per day(s) after school and seems to manage studies fine. and it seems unhealthy.,0.037037037,Low
14,Male,Father,0.3,27,1,1,smartphone,I am worried that shows withdrawal and aggression when challenged screen time; spends 1 hours per dayonline. more frequently than before which is impacting behavior and routine.,0.035714286,Low
11,Male,Mother,0.033333333,39,2,1,laptop,I am worried that she lies about her screen time and sneaks out to use social apps every evening; i'd estimate 1 hours per day. i am worried about the long-term effects. and this worries me as a parent.,0.05,Low
11,Male,Guardian,0.066666667,33,3,2,tablet,I am concerned because my 11-year-old skips school or is frequently absent because of meeting people from social media. usage around 2 hours per day. more frequently than before and it seems unhealthy.,0.088235294,Low
13,Male,Guardian,-0.138888889,42,2,5,laptop,"Over the past few months, mood swings happen but they are not tied to social media; screen time about 5 hours per day. they pretend not to be online but we found them streaming at night. and I feel intervention is needed.",0.046511628,Medium
11,Male,Father,-0.083333333,42,1,2,smartphone,"As a parent, I have observed that using social apps to meet strangers and lying their age  behavior started after being online for 2 hours per day/day. this behavior started a few months ago. and this worries me as a parent.",0.023255814,Low
15,Female,Father,0.058333333,38,1,2,smartphone,I am worried that takes the phone to school and uses it in classes; i estimate 2 hours per day including school hours. we have tried setting limits but it doesn't help. which is becoming a serious concern.,0.025641026,Low
11,Male,Guardian,0.008333333,31,1,3,smartphone,It has become clear that they cancel family activities to be online and avoid offline friends; daily social media time roughly 3 hours per day. and I feel intervention is needed.,0.03125,Medium
14,Male,Guardian,0.033333333,35,0,5,smartphone,It has become clear that borrowed money for subscriptions and cannot stop  usage continues for about 5 hours per dayevery day. recently their teacher informed me about this. and it is affecting daily life.,0,Medium
17,Female,Guardian,0.030555556,38,1,5,laptop,"Over the past few months, follows hobby pages and maintains a balanced routine, using social media about 5 hours per dayeach day. the child hides their screen time. more frequently than before and it is affecting daily life.",0.025641026,Medium
13,Female,Guardian,0.095833333,25,1,2,smartphone,It has become clear that uses apps mainly for tutorials and study material; about 2 hours per dayeach day. which is becoming a serious concern.,0.038461538,Low
11,Female,Guardian,-0.25,23,2,2,smartphone,I am worried that shows withdrawal and aggression when challenged about screen time; spends roughly 2 hours per dayonline. and it seems unhealthy.,0.083333333,Low
13,Male,Father,-0.3,38,0,8,laptop,Lately I have noticed that borrowed money for subscriptions and cannot stop  usage continues for about 8 hours per dayevery day. we have tried setting limits but it doesn't help. and this worries me as a parent.,0,High
10,Female,Mother,-0.104166667,27,1,1,smartphone,"Over the past few months, complains of boredom and uses social media to pass time; only around 1 hours per day. and I feel intervention is needed.",0.035714286,Low
16,Male,Guardian,0.016666667,29,1,2,tablet,"As a parent, I have observed that my 16-year-old uses social media about 2 hours per day(s) after school and seems to manage studies fine. and it seems unhealthy.",0.033333333,Low
18,Male,Mother,0,30,0,4,smartphone,"As a parent, I have observed that borrowed money for subscriptions and cannot stop  usage continues for about 4 hours per dayevery day. which is impacting behavior and routine.",0,Medium
17,Female,Guardian,0.038888889,32,1,2,smartphone,Lately I have noticed that watches short videos before bed but wakes up fine; daily use 2 hours per day. i am worried the long-term effects. which is becoming a serious concern.,0.03030303,Low
10,Female,Mother,0.016666667,41,1,1,smartphone,I am worried that mood swings happen but they are not tied to social media; screen time about 1 hours per day. they pretend not to be online but we found them streaming at night. and it is affecting daily life.,0.023809524,Low
16,Male,Father,0.011111111,34,0,4,smartphone,I am worried that uses social media to coordinate group study sessions and is polite online; estimated 4 hours per day. recently their teacher informed me about this. and it is affecting daily life.,0,Medium
12,Male,Father,-0.066666667,35,2,7,laptop,"As a parent, I have observed that sometimes stays up late but recovers the next day; average use about 7 hours per day. the child hides their screen time. which is becoming a serious concern.",0.055555556,High
15,Male,Father,-0.083333333,34,1,8,smartphone,"I am concerned because she cries non-stop if wi-fi is cut; used to be social, now online 8 hours per day. this behavior started a few months ago. and I feel intervention is needed.",0.028571429,High
10,Female,Mother,0.211111111,37,1,2,smartphone,I am concerned because using social apps to meet strangers and lying about their age  behavior started after being online for 2 hours per day/day. more frequently than before and this worries me as a parent.,0.026315789,Low
13,Male,Guardian,-0.283333333,39,3,4,laptop,I am concerned because posts and takes part in dangerous online challenges and then got reprimanded at school; they use social media about 4 hours per day. the child hides their screen time. and I feel intervention is needed.,0.075,Medium
14,Male,Mother,-0.183333333,33,2,9,smartphone,"As a parent, I have observed that using social apps to meet strangers and lying about their age  behavior started after being online for 9 hours per day/day. and it seems unhealthy.",0.058823529,High
13,Male,Mother,0.016666667,46,2,5,tablet,"As a parent, I have observed that she lies her screen time and sneaks out to use social apps every evening; i'd estimate 5 hours per day. they pretend not to be online but we found them streaming at night. and it is affecting daily life.",0.042553191,Medium
11,Male,Mother,-0.041666667,31,1,8,tablet,"Lately I have noticed that my 11-year-old daughter refuses to leave her room and has lost weight, spending nearly 8 hours per dayon social platforms. and it is affecting daily life.",0.03125,High
18,Male,Father,0.016666667,41,1,2,smartphone,"As a parent, I have observed that my teacher reports that their 18-year-old son spends about 2 hours per day on social media and has stopped doing homework. recently their teacher informed me about this. which is impacting behavior and routine.",0.023809524,Low
17,Male,Father,-0.4,36,1,2,smartphone,I am concerned because takes the phone to school and uses it in classes; i estimate 2 hours per day including school hours. we have tried setting limits but it doesn't help. and it seems unhealthy.,0.027027027,Low
11,Female,Guardian,0.088888889,25,0,2,smartphone,It has become clear that uses apps mainly for tutorials and study material; about 2 hours per dayeach day. and it is affecting daily life.,0,Low
17,Female,Guardian,0.0375,42,0,2,laptop,Lately I have noticed that my 17-year-old uses social media about 2 hours per day(s) after school and seems to manage studies fine. they pretend not to be online but we found them streaming at night. and it is affecting daily life.,0,Low
18,Male,Guardian,-0.0375,27,1,7,smartphone,"Lately I have noticed that follows hobby pages and maintains a balanced routine, using social media 7 hours per dayeach day. which is becoming a serious concern.",0.035714286,High
14,Male,Father,0.106666667,39,1,8,tablet,"It has become clear that follows hobby pages and maintains a balanced routine, using social media about 8 hours per dayeach day. this behavior started a few months ago. more frequently than before and I feel intervention is needed.",0.025,High
15,Male,Guardian,-0.163333333,25,1,3,tablet,Lately I have noticed that chats with relatives and uses social media responsibly; average daily use around 3 hours per day. and it seems unhealthy.,0.038461538,Medium
16,Male,Father,-0.054545455,32,4,1,smartphone,"Lately I have noticed that the child has become secretive, has new friends only online, and avoids family time  using devices 1 hours per day. which is impacting behavior and routine.",0.121212121,Low
18,Male,Guardian,-0.063333333,32,2,8,smartphone,"Over the past few months, my 18-year-old skips school or is frequently absent because of meeting people from social media. usage around 8 hours per day. and it is affecting daily life.",0.060606061,High
17,Male,Father,-0.058333333,37,1,2,laptop,"Over the past few months, posts occasionally and keeps healthy offline relationships; daily use close to 2 hours per day. they pretend not to be online but we found them streaming at night. and it seems unhealthy.",0.026315789,Low
18,Female,Guardian,0,30,1,4,smartphone,"As a parent, I have observed that borrowed money for subscriptions and cannot stop , usage continues for about 4 hours per dayevery day. and I feel intervention is needed.",0.032258065,Medium
10,Female,Father,-0.070833333,26,2,7,smartphone,Lately I have noticed that shows withdrawal and aggression when challenged about screen time; spends roughly 7 hours per dayonline. which is becoming a serious concern.,0.074074074,High
12,Female,Mother,-0.0375,32,2,4,smartphone,Lately I have noticed that my parent reports that their 12-year-old son spends about 4 hours per day on social media and has stopped doing homework. which is becoming a serious concern.,0.060606061,Medium
17,Male,Guardian,0.0625,30,2,5,laptop,"I am concerned because my 17-year-old daughter refuses to leave her room and has lost weight, spending nearly 5 hours per dayon social platforms. which is becoming a serious concern.",0.064516129,Medium
16,Male,Guardian,0.016666667,29,1,7,tablet,I am worried that uses tablet for learning and occasional social media browsing; 7 hours per day. the child hides their screen time. which is impacting behavior and routine.,0.033333333,High
18,Female,Mother,0.094444444,24,1,2,laptop,I am worried that uses apps mainly for tutorials and study material; about 2 hours per dayeach day. which is becoming a serious concern.,0.04,Low
16,Male,Mother,0.0625,37,2,8,smartphone,"I am concerned because my 16-year-old daughter refuses to leave her room and has lost weight, spending nearly 8 hours per dayon social platforms. i am worried about the long-term effects. which is becoming a serious concern.",0.052631579,High
18,Female,Father,-0.008333333,38,2,1,smartphone,"Lately I have noticed that my 18-year-old daughter refuses to leave her room and has lost weight, spending nearly 1 hours per dayon social platforms. recently their teacher informed me about this. which is becoming a serious concern.",0.051282051,Low
15,Male,Guardian,-0.088888889,24,0,1,smartphone,"I am concerned because active in sports and uses social media minimally, typically about 1 hours per day. which is impacting behavior and routine.",0,Low
10,Female,Guardian,-1,42,5,8,smartphone,"As a parent, I have observed that has a daily two-hour limit and respects it most of the time; uses around 8  hours per day. and I feel intervention is needed. Situation is escalating with severe anxiety and withdrawal symptoms.",0.119047619,High
17,Female,Mother,-0.091666667,31,1,6,laptop,Lately I have noticed that uses tablet for learning and occasional social media browsing; roughly 6 hours per day. the child hides their screen time. which is impacting behavior and routine.,0.03125,High
13,Female,Father,0.033333333,35,1,2,smartphone,"As a parent, I have observed that my teacher reports that their 13-year-old son spends about 2 hours per day on social media and has stopped doing homework. and this worries me as a parent.",0.027777778,Low
12,Female,Guardian,-0.225,33,0,5,smartphone,"Over the past few months, borrowed money for subscriptions and cannot stop , usage continues for 5 hours per dayevery day. i am worried the long-term effects. which is impacting behavior and routine.",0,Medium
16,Female,Guardian,-0.183333333,29,2,1,laptop,"I am concerned because using social apps to meet strangers and lying their age , behavior started after being online for 1 hours per day/day. and it seems unhealthy.",0.066666667,Low
10,Male,Mother,0,32,1,4,smartphone,"As a parent, I have observed that takes the phone to school and uses it in classes; i estimate 4 hours per day including school hours. and I feel intervention is needed.",0.03030303,Medium
12,Male,Father,1,34,0,2,tablet,"Over the past few months, uses apps mainly for tutorials and study material; 2 hours per dayeach day. and this worries me as a parent. Child is now improving communication with family. ",0,Low
13,Female,Guardian,0.05,36,1,3,tablet,Lately I have noticed that my 13-year-old uses social media about 2.3 hours per day(s) after school and seems to manage studies fine. i am worried about the long-term effects. and I feel intervention is needed.,0.027027027,Medium
11,Female,Father,-0.2625,40,3,6,smartphone,Lately I have noticed that he becomes very angry and cries for hours when we take the phone away; he's spending roughly 6 hours per day on apps. the child hides their screen time. and it is affecting daily life.,0.073170732,High
18,Male,Father,-0.075,28,0,5,smartphone,It has become clear that open about screen time and follows rules set by parents; daily average approximately 0.5 hours per day. and it is affecting daily life.,0,Medium
10,Female,Mother,-0.022222222,36,2,5,smartphone,"As a parent, I have observed that rarely eats or sleeps because of continuous social apps and gaming; i think it's about 5 hours per day. the child hides their screen time. and it seems unhealthy.",0.054054054,Medium
12,Male,Guardian,-0.116666667,43,2,8,laptop,"Over the past few months, has lost interest in hobbies and isolates themselves, glued to the phone for nearly 8 hours per dayeach day. they pretend not to be online but we found them streaming at night. and I feel intervention is needed.",0.045454545,High
10,Female,Father,0.011111111,38,0,2,smartphone,"It has become clear that she cries non-stop if wi-fi is cut; used to be social, now online roughly 9-2 hours per day. we have tried setting limits but it doesn't help. which is impacting behavior and routine.",0,Low
11,Female,Mother,0.158333333,37,0,1,tablet,"It has become clear that as a parent, i have observed my 11-year-old son online until 3 or 4 am; their grades dropped significantly. i am worried about the long-term effects. and it is affecting daily life.",0,Low
13,Female,Mother,0,38,1,2,tablet,I am concerned because takes the phone to school and uses it in classes; i estimate 2 hours per day including school hours. we have tried setting limits but it doesn't help. and I feel intervention is needed.,0.025641026,Low
14,Female,Guardian,0.033333333,38,3,2,smartphone,I am concerned because she lies about her screen time and sneaks out to use social apps every evening; i'd estimate 2 hours per day. the child hides their screen time. and this worries me as a parent.,0.076923077,Low
11,Female,Father,0.044444444,36,1,4,smartphone,"I am worried that my 11-year-old daughter refuses to leave her room and has lost weight, spending nearly 4 hours per dayon social platforms. recently their teacher informed me this. which is impacting behavior and routine.",0.027027027,Medium
11,Male,Guardian,-0.033333333,31,2,1,laptop,"Over the past few months, my 11-year-old daughter refuses to leave her room and has lost weight, spending nearly 1 hours per dayon social platforms. which is becoming a serious concern.",0.0625,Low
11,Male,Guardian,-0.222222222,30,3,1,smartphone,Lately I have noticed that she lies about her screen time and sneaks out to use social apps every evening; i'd estimate 1 hours per day. and it seems unhealthy.,0.096774194,Low
10,Male,Mother,0.1,42,4,2,smartphone,It has become clear that he got into arguments and panic attacks when we tried to limit phone time; online use close to 2 hours per day. we have tried setting limits but it doesn't help. and I feel intervention is needed.,0.093023256,Low
17,Male,Guardian,-0.1875,41,2,3,smartphone,"Over the past few months, has lost interest in hobbies and isolates themselves, glued to the phone for nearly 3 hours per dayeach day. they pretend not to be online but we found them streaming at night. and it seems unhealthy.",0.047619048,Medium
14,Female,Guardian,-0.1125,32,2,7,laptop,I am worried that posts and takes part in dangerous online challenges and then got reprimanded at school; they use social media 7 hours per day. which is becoming a serious concern.,0.060606061,High
11,Male,Mother,0,36,1,7,tablet,I am concerned because takes the phone to school and uses it in classes; i estimate 7 hours per day including school hours. i am worried about the long-term effects. and I feel intervention is needed.,0.027027027,High
11,Female,Guardian,0,36,1,6,laptop,I am concerned because shows withdrawal and aggression when challenged screen time; spends 6 hours per dayonline. they pretend not to be online but we found them streaming at night. and it is affecting daily life.,0.027027027,High
16,Female,Father,-1,50,6,9,smartphone,"I am concerned because my child hides their phone, deletes messages, and withdraws; screen time seems to be around 9 hours per dayevery day. we have tried setting limits but it doesn't help. and I feel intervention is needed. Situation is escalating with daily conflicts and emotional distress.",0.12,High
14,Female,Father,0.016666667,31,1,2,smartphone,"As a parent, I have observed that mood swings happen but they are not tied to social media; screen time about 2 hours per day. and it is affecting daily life.",0.03125,Low
18,Male,Guardian,0.066666667,38,3,2,smartphone,I am concerned because my 18-year-old skips school or is frequently absent because of meeting people from social media. usage around 2 hours per day. i am worried about the long-term effects. and I feel intervention is needed.,0.076923077,Low
15,Female,Guardian,0.033333333,35,2,4,smartphone,I am worried that she lies her screen time and sneaks out to use social apps every evening; i'd estimate 4 hours per day. it has become a concern. which is impacting behavior and routine.,0.055555556,Medium
12,Female,Mother,-0.1,28,2,1,laptop,"As a parent, I have observed that shows withdrawal and aggression when challenged about screen time; spends roughly 1 hours per dayonline. and I feel intervention is needed.",0.068965517,Low
12,Male,Mother,-0.057142857,37,2,2,smartphone,"Over the past few months, they cancel family activities to be online and avoid offline friends; daily social media time roughly 2 hours per day. the child hides their screen time. which is becoming a serious concern.",0.052631579,Low
14,Female,Guardian,-0.088888889,41,4,2,smartphone,I am worried that we as a family noticed that my 14-year-old skips school or is frequently absent because of meeting people from social media. usage around 2 hours per day. the child hides their screen time. and it seems unhealthy.,0.095238095,Low
14,Male,Guardian,-0.079166667,38,1,4,laptop,"Over the past few months, we as a family noticed that my 14-year-old daughter refuses to leave her room and has lost weight, spending nearly 4 hours per dayon social platforms. and this worries me as a parent.",0.025641026,Medium
11,Male,Guardian,0.016666667,34,1,6,smartphone,"As a parent, I have observed that my teacher reports that their 11-year-old son spends about 6 hours per day on social media and has stopped doing homework. and it is affecting daily life.",0.028571429,High
13,Female,Father,0,30,3,2,tablet,"I am concerned because my child hides their phone, deletes messages, and withdraws; screen time seems to be around 2 hours per dayevery day. which is impacting behavior and routine.",0.096774194,Low
12,Female,Mother,-0.15,35,0,1,tablet,I am concerned because open about screen time and follows rules set by parents; daily average approximately 1 hours per day. this behavior started a few months ago. and this worries me as a parent.,0,Low
13,Male,Mother,0.177777778,29,1,5,smartphone,I am concerned because streams occasionally yet keeps good attendance; typically around 5 hours per dayof use. the child hides their screen time. which is impacting behavior and routine.,0.033333333,Medium
12,Male,Mother,-0.091666667,34,1,7,smartphone,"It has become clear that she cries non-stop if wi-fi is cut; used to be social, now online roughly 7 hours per day. i am worried about the long-term effects. and it seems unhealthy.",0.028571429,High
12,Female,Guardian,1,41,1,2,smartphone,I am concerned because my parent reports that their 12-year-old daughter spends about 2 hours per day on social media and has stopped doing homework. and it is affecting daily life. Child is now maintaining healthy routines and sleep. ,0.024390244,Low
14,Female,Guardian,-0.1,42,0,6,laptop,"As a parent, I have observed that she watches a few videos for entertainment but stops when we ask; daily use about 6 hours per day. we have tried setting limits but it doesn't help. and this worries me as a parent.",0,High
12,Female,Father,-0.033333333,33,0,1,smartphone,"I am worried that she cries non-stop if wi-fi is cut; used to be social, now online roughly 1 hours per day. it has become a concern. which is impacting behavior and routine.",0,Low
18,Male,Mother,0.0625,40,3,2,tablet,I am concerned because my 18-year-old skips school or is frequently absent because of meeting people from social media. usage around 2 hours per day. we have tried setting limits but it doesn't help. which is becoming a serious concern.,0.073170732,Low
10,Male,Guardian,-0.2125,33,3,5,tablet,"Over the past few months, stays up all night messaging strangers and is depressed; daily screen time around 5 hours per day. i am worried about the long-term effects. and it seems unhealthy.",0.088235294,Medium
16,Male,Guardian,-0.088888889,27,0,2,smartphone,"As a parent, I have observed that active in sports and uses social media minimally, typically about 2 hours per day. which is impacting behavior and routine.",0,Low
13,Female,Mother,-0.15,39,2,8,smartphone,"As a parent, I have observed that has lost interest in hobbies and isolates themselves, glued to the phone for nearly 8 hours per dayeach day. we have tried setting limits but it doesn't help. and it seems unhealthy.",0.05,High
15,Female,Mother,0,43,3,5,laptop,"As a parent, I have observed that stays up all night messaging strangers and is depressed; daily screen time around 5 hours per day. they pretend not to be online but we found them streaming at night. and I feel intervention is needed.",0.068181818,Medium
11,Female,Father,-0.06,28,1,3,smartphone,"Over the past few months, uses social media to coordinate group study sessions and is polite online; estimated 3 hours per day. which is becoming a serious concern.",0.034482759,Medium
10,Female,Guardian,-0.055555556,32,2,8,smartphone,Lately I have noticed that my 10-year-old skips school or is frequently absent because of meeting people from social media. usage around 8 hours per day. which is impacting behavior and routine.,0.060606061,High
10,Male,Father,-0.020833333,39,1,2,smartphone,"As a parent, I have observed that she watches a few videos for entertainment but stops when we ask; daily use about 2 hours per day. i am worried about the long-term effects. which is becoming a serious concern.",0.025,Low
11,Male,Guardian,0.016666667,27,0,8,laptop,I am concerned because uses social media to coordinate group study sessions and is polite online; estimated 8 hours per day. and it is affecting daily life.,0,High
12,Male,Mother,0.047222222,37,2,5,tablet,"Over the past few months, my 12-year-old skips school or is frequently absent because of meeting people from social media. usage around 5 hours per day. more frequently than before and this worries me as a parent.",0.052631579,Medium
14,Female,Father,-0.07,40,0,2,laptop,It has become clear that sometimes stays up late but recovers the next day; average use about 2 hours per day. they pretend not to be online but we found them streaming at night. and it is affecting daily life.,0,Low
12,Male,Mother,0,27,0,6,smartphone,"I am concerned because borrowed money for subscriptions and cannot stop, usage continues for about 6 hours per dayevery day. which is impacting behavior and routine.",0,High
14,Female,Father,-0.0375,46,2,8,smartphone,"Lately I have noticed that using social apps to meet strangers and lying about their age ,behavior started after being online for 8 hours per day/day. they pretend not to be online but we found them streaming at night. which is becoming a serious concern.",0.042553191,High
18,Female,Guardian,0.023333333,32,1,2,smartphone,Lately I have noticed that watches short videos before bed but wakes up fine; daily use 2 hours per day. recently their teacher informed me this. and I feel intervention is needed.,0.03030303,Low
17,Male,Father,-0.041666667,30,3,2,smartphone,It has become clear that my 17-year-old skips school or is frequently absent because of meeting people from social media. usage around 2 hours per day. and it seems unhealthy.,0.096774194,Low
15,Male,Mother,0.15,26,1,2,laptop,It has become clear that posts occasionally and keeps healthy offline relationships; daily use close to 2 hours per day. and I feel intervention is needed.,0.037037037,Low
12,Female,Mother,0.103333333,36,0,2,smartphone,It has become clear that watches short videos before bed but wakes up fine; daily use about 2 hours per day. we have tried setting limits but it doesn't help. and it is affecting daily life.,0,Low
16,Female,Father,0,26,2,6,smartphone,It has become clear that shows withdrawal and aggression when challenged about screen time; spends roughly 6 hours per dayonline. and I feel intervention is needed.,0.074074074,High
14,Female,Father,0.016666667,28,1,6,laptop,I am worried that mood swings happen but they are not tied to social media; screen time about 6 hours per day. and it is affecting daily life.,0.034482759,High
14,Female,Guardian,0.006666667,40,0,4,smartphone,It has become clear that they cancel family activities to be online and avoid offline friends; daily social media time roughly 4 hours per day. we have tried setting limits but it doesn't help. and it is affecting daily life.,0,Medium
16,Female,Father,-0.143333333,25,1,5,tablet,"Over the past few months, active in sports and uses social media minimally, typically about 5 hours per day. and I feel intervention is needed.",0.038461538,Medium
14,Female,Mother,-1,43,9,12,smartphone,I am worried that shows withdrawal and aggression when challenged about screen time; spends roughly 12 hours per dayonline. i am worried about the long-term effects. which is becoming a serious concern. Situation is escalating with isolation from family and responsibilities.,0.209302326,High
14,Female,Mother,-0.05,32,2,6,smartphone,I am concerned because shows withdrawal and aggression when challenged about screen time; spends roughly 6 hours per dayonline. recently their teacher informed me about this. and I feel intervention is needed.,0.060606061,High
14,Male,Father,0.1,41,2,8,smartphone,"As a parent, I have observed that has lost interest in hobbies and isolates themselves, glued to the phone for nearly 8 hours per dayeach day. we have tried setting limits but it doesn't help. and I feel intervention is needed.",0.047619048,High
14,Male,Father,0.044444444,40,1,6,smartphone,"As a parent, I have observed that my 14-year-old daughter refuses to leave her room and has lost weight, spending nearly 6 hours per dayon social platforms. recently their teacher informed me about this. which is impacting behavior and routine.",0.024390244,High
17,Male,Guardian,-0.138888889,32,2,2,laptop,"Over the past few months, my parent reports that their 17-year-old daughter spends about 2 hours per day on social media and has stopped doing homework. and I feel intervention is needed.",0.060606061,Low
14,Male,Father,0.25,34,2,4,smartphone,I am concerned because has a daily two-hour limit and respects it most of the time; uses around 4 hours per day. the child hides their screen time. and I feel intervention is needed.,0.057142857,Medium
11,Male,Father,-0.3,36,4,1,smartphone,"Lately I have noticed that my child hides their phone, deletes messages, and withdraws; screen time seems to be around 1 hours per dayevery day. this behavior started a few months ago. and it seems unhealthy.",0.108108108,Low
15,Female,Father,-0.104166667,29,1,2,laptop,"Over the past few months, mood swings happen but they are not tied to social media; screen time about 2 hours per day. and it is affecting daily life.",0.033333333,Low
18,Male,Mother,-0.033333333,40,0,8,smartphone,It has become clear that she watches a few videos for entertainment but stops when we ask; daily use about 8 hours per day. we have tried setting limits but it doesn't help. and this worries me as a parent.,0,High
15,Male,Father,-0.155555556,43,2,2,tablet,It has become clear that posts and takes part in dangerous online challenges and then got reprimanded at school; they use social media about 2 hours per day. we have tried setting limits but it doesn't help. and I feel intervention is needed.,0.045454545,Low
12,Male,Guardian,-0.141666667,24,1,4,tablet,"Lately I have noticed that active in sports and uses social media minimally, typically 4 hours per day. and I feel intervention is needed.",0.04,Medium
13,Male,Mother,-0.05,27,1,8,smartphone,It has become clear that plays online with friends but stops for chores and family time; usually 8 hours per day. and it is affecting daily life.,0.035714286,High
12,Female,Father,-0.113333333,27,1,2,smartphone,"Over the past few months, chats with relatives and uses social media responsibly; average daily use around 2 hours per day. and I feel intervention is needed.",0.035714286,Low
15,Female,Father,-0.166666667,29,0,2,smartphone,"Over the past few months, open about screen time and follows rules set by parents; daily average approximately 2 hours per day. and this worries me as a parent.",0,Low
13,Male,Guardian,-0.079166667,33,0,2,laptop,I am concerned because chats with relatives and uses social media responsibly; average daily use around 2 hours per day. this behavior started a few months ago. which is impacting behavior and routine.,0,Low
13,Male,Guardian,-0.2,38,3,2,smartphone,I am concerned because stays up all night messaging strangers and is depressed; daily screen time around 2 hours per day. they pretend not to be online but we found them streaming at night. and it seems unhealthy.,0.076923077,Low
15,Female,Father,-0.155555556,33,2,7,tablet,It has become clear that posts and takes part in dangerous online challenges and then got reprimanded at school; they use social media 7 hours per day. and I feel intervention is needed.,0.058823529,High
10,Female,Father,0.058333333,39,2,3,tablet,"As a parent, I have observed that shows withdrawal and aggression when challenged screen time; spends 3 hours per dayonline. they pretend not to be online but we found them streaming at night. which is becoming a serious concern.",0.05,Medium
13,Male,Father,0,30,4,6,smartphone,"I am concerned because my child hides their phone, deletes messages, and withdraws; screen time seems to be around 6 hours per dayevery day. and I feel intervention is needed.",0.129032258,High
15,Female,Guardian,-0.133333333,29,1,2,smartphone,Lately I have noticed that mood swings happen but they are not tied to social media; screen time 2 hours per day. and this worries me as a parent.,0.033333333,Low
18,Male,Father,-0.152777778,23,1,8,laptop,"Over the past few months, uses tablet for learning and occasional social media browsing; roughly 8 hours per day. and it seems unhealthy.",0.041666667,High
10,Female,Father,0.2,30,0,2,smartphone,It has become clear that has a daily two-hour limit and respects it most of the time; uses around 2 hours per day. and this worries me as a parent.,0,Low
10,Male,Mother,0.25,29,0,6,smartphone,I am concerned because has a daily two-hour limit and respects it most of the time; uses around 6 hours per day. and this worries me as a parent.,0,High
18,Female,Guardian,-0.1,33,3,8,smartphone,It has become clear that stays up all night messaging strangers and is depressed; daily screen time around 8 hours per day. i am worried about the long-term effects. and it seems unhealthy.,0.088235294,High
11,Female,Guardian,-0.475,33,2,2,laptop,Lately I have noticed that he becomes very angry and cries for hours when we take the phone away; he's spending 2 hours per day on apps. which is impacting behavior and routine.,0.058823529,Low
15,Male,Mother,0.044444444,39,0,3,tablet,"As a parent, I have observed that rarely eats or sleeps because of continuous social apps and gaming; i think it's about 3 hours per day. this behavior started a few months ago. which is impacting behavior and routine.",0,Medium
15,Male,Guardian,-0.08,27,1,2,laptop,"Over the past few months, my 15-year-old uses social media about 2 hours per day(s) after school and seems to manage studies fine. and it seems unhealthy.",0.035714286,Low
14,Female,Mother,-0.288888889,42,2,4,smartphone,Lately I have noticed that posts and takes part in dangerous online challenges ; they use social media 4 hours per day. we have tried setting limits but it doesn't help. and I feel intervention is needed.,0.046511628,Medium
14,Male,Guardian,0.066666667,35,0,8,smartphone,"It has become clear that she cries non-stop if wi-fi is cut; used to be social, now online 8 hours per day. i am worried the long-term effects. and this worries me as a parent.",0,High
12,Male,Mother,0.033333333,26,1,2,smartphone,I am worried that has a daily two-hour limit and respects it most of the time; uses around 2 hours per day. and it seems unhealthy.,0.037037037,Low
18,Male,Father,-0.180555556,40,4,8,smartphone,"Over the past few months, he becomes very angry and cries for hours when we take the phone away; he's spending roughly 8 hours per day on apps. the child hides their screen time. which is becoming a serious concern.",0.097560976,High
11,Male,Mother,-0.203333333,39,1,4,laptop,"Over the past few months, posts and takes part in dangerous online challenges and then got reprimanded at school; they use social media about 4 hours per day. it has become a concern. and it is affecting daily life.",0.025,Medium
17,Male,Mother,-0.15,32,1,5,smartphone,I am worried that sometimes stays up late but recovers the next day; average use about 5 hours per day. the child hides their screen time. which is impacting behavior and routine.,0.03030303,Medium
12,Female,Mother,-0.083333333,27,0,9,smartphone,"Over the past few months, checks social media during short breaks but focuses on studies; overall 9 hours per day. and this worries me as a parent.",0,High
17,Male,Mother,-0.091666667,39,1,2,laptop,"As a parent, I have observed that checks social media during short breaks but focuses on studies; overall 2 hours per day. they pretend not to be online but we found them streaming at night. and it seems unhealthy.",0.025,Low
12,Male,Father,0,27,2,5,smartphone,I am worried that stays up all night messaging strangers and is depressed; daily screen time around 5 hours per day. which is impacting behavior and routine.,0.071428571,Medium
12,Female,Mother,-0.066666667,41,3,6,tablet,"my daughter has been spending nearly 6 hours per day on social media. She isolates herself in her room and avoids family interactions. Even during study time, she keeps checking her phone. I believe this has become a serious addiction issue.",0.071428571,High
15,Female,Father,-0.041666667,19,0,1,tablet,"It has become clear that active in sports and uses social media minimally, typically about 1 hours per day. ",0,Low
11,Female,Father,0.011111111,40,1,7,smartphone,"I am concerned because my daughter now spends around 7 hours per day scrolling through social media. She frequently skips meals and ignores responsibilities at home. Even during study time, she keeps checking her phone. This behavior has become alarming.",0.024390244,High
11,Female,Guardian,0.144444444,37,1,8,smartphone,"I have noticed my daughter using social media for nearly 8 hours per dayevery day. She becomes aggressive when restrictions are placed on her phone usage. Her grades have declined, and she rarely communicates with family members.",0.026315789,High
17,Female,Mother,-0.154166667,55,0,5,smartphone,"I am concerned because my daughter spends about 5 hours per day on social media. She sometimes delays finishing her homework or small chores to stay online. While she still interacts with family, I notice occasional irritability when asked to stop. I am keeping an eye on her habits to prevent it from getting worse.",0,Medium
18,Male,Guardian,0.129166667,26,0,5,laptop,It has become clear that watches short videos before bed but wakes up fine; daily use about 5 hours per day. it has become a concern. ,0,Medium
14,Male,Mother,0.072222222,31,1,2,smartphone,"As a parent, I have observed that he watches a few videos for entertainment but stops when we ask; daily use about 2 hours per day.manage classes and school works fine.",0.03125,Low
16,Male,Father,0,40,3,8,tablet,"As a parent, I have observed that he got into arguments and panic attacks when we tried to limit phone time; online use close to 8 hours per day. it has become a concern. which is impacting behavior and routine.",0.073170732,High
11,Male,Guardian,-0.078409091,31,4,9,tablet,"Over the past few months, the child has become secretive, has new friends only online, and avoids family time  using devices 9 hours per day. which is impacting behavior and routine.",0.125,High
11,Male,Guardian,0.011111111,22,0,2,smartphone,"As a parent, I have observed that checks social media during short breaks but focuses on studies; overall 2 hours per day. ",0,Low
16,Male,Mother,0.103333333,40,0,5,smartphone,It has become clear that watches short videos before bed but wakes up fine; daily use about 5 hours per day. they pretend not to be online but we found them streaming at night. and it is affecting daily life.,0,Medium
10,Male,Guardian,-0.140277778,24,1,2,laptop,I am concerned because my child  uses apps mainly for tutorials and study material; about 2 hours per dayeach day.it seems unhealthy little bit.,0.04,Low
16,Male,Mother,0.041666667,37,1,2,smartphone,"My son now spends roughly 2 hours per day on social media, mainly during free time. He balances screen use with outdoor play and family time. Sometimes he delays small tasks, but his overall routine is intac",0.026315789,Low
12,Male,Father,0.05,27,1,8,smartphone,I am worried that my 12-year-old uses social media about 8 hours per day(s) after school and missed school home works. which is becoming a serious concern.,0.035714286,High
15,Female,Guardian,-0.2,28,3,7,smartphone,"As a parent, I have observed that stays up all night messaging strangers and is depressed; daily screen time around 7 hours per day. and it seems unhealthy.",0.103448276,High
13,Female,Mother,0.008333333,19,0,2,laptop,It has become clear that uses tablet for learning and occasional social media browsing; roughly 2 hours per day. ,0,Low
11,Female,Mother,0.166666667,36,1,9,tablet,I am worried that rarely eats or sleeps because of continuous social apps and gaming; i think it's about 9 hours per day. i am worried about the long-term effects. and I feel intervention is needed.,0.027027027,High
16,Male,Mother,0.026666667,38,0,7,laptop,It has become clear that checks social media during short breaks without  focuses on studies and missed them without thinking; overall 7 hours per day. recently their teacher informed me about this. which is impacting behavior and routine.,0,High
17,Male,Father,0.133333333,23,0,2,smartphone,"He enjoys connecting with her friends and following creative content. Her schoolwork is completed on time,social media browsing roughly 2 hours per day.",0,Low
14,Male,Father,0.045454546,31,4,8,smartphone,"I am worried that the child has become secretive, has new friends only online, and avoids family time using devices about 8 hours per day. and it is affecting daily life.",0.125,High
10,Male,Father,-0.143333333,29,2,5,smartphone,"Over the past few months, my 10-year-old daughter refuses to leave her room and has lost weight, spending nearly 5 hours per dayon social platforms. and it seems unhealthy.",0.066666667,Medium
18,Male,Mother,-1,39,9,12,smartphone,"It has become clear that using social apps to chat with strangers, behavior started after being online for 12 hours per day/day. and I feel intervention is needed. Situation is escalating with isolation from family and responsibilities. ",0.230769231,High
11,Male,Mother,-0.008333333,29,1,2,laptop,"my son has been spending about 2 hours per day on social media.schoolwork is completed on time,as my thinking this appears to be a minor concern at this stage.",0.033333333,Low
17,Male,Mother,-0.225,31,0,4,smartphone,"Over the past few months,my child spend 4 hours per dayevery day. they pretend not to be online but we found them streaming at night. which is impacting behavior and routine.",0,Medium
18,Male,Father,0.096666667,30,0,5,smartphone,It has become clear that they cancel family activities to be online and avoid offline friends; daily social media time roughly 5 hours per day. which is becoming a  concern.,0,Medium
17,Female,Mother,-0.066666667,34,2,8,laptop,It has become clear that complains of boredom and uses social media to pass time; only around 8 hours per day. the child hides their screen time and misses studies. and it seems unhealthy.,0.057142857,High
15,Male,Father,-0.06,27,1,3,smartphone,"Over the past few months, follows hobby pages and maintains a balanced routine, using social media 3 hours per dayeach day. which is becoming a serious concern.",0.035714286,Medium
10,Male,Father,-0.166666667,49,1,1,tablet,It has become clear that she watches a few videos for entertainment but stops when we ask; also manage studies work and perform well in exams.daily use about 1 hours per day. they pretend not to be online but we found them streaming at night. and it seems unhealthy.,0.02,Low
10,Female,Father,-0.033333333,23,0,2,tablet,It has become clear that she watches a few videos for entertainment but stops when we ask; daily use 2 hours per day. ,0,Low
11,Male,Guardian,-0.2375,43,2,5,smartphone,"As a parent, I have observed that he becomes very angry and cries for hours when we take the phone away; he's spending roughly 5 hours per day on apps. this behavior started a few months ago. and it is affecting daily life.",0.045454545,Medium
15,Female,Guardian,-0.006666667,21,0,1,smartphone,"Over the past few months, watches short videos before bed but wakes up fine; daily use about 1 hours per day.",0,Low
10,Male,Guardian,-0.057142857,40,1,6,smartphone,"Over the past few months, they cancel family activities to be online and avoid offline friends; daily social media time roughly 6 hours per day. we have tried setting limits but it doesn't help. which is becoming a serious concern.",0.024390244,High
15,Male,Guardian,0.023333333,40,0,4,laptop,Lately I have noticed that watches short videos before bed but wakes up fine; daily use about 4 hours per day. they pretend not to be online but we found them streaming at night. and it is affecting daily life.,0,Medium
16,Male,Father,0.0375,30,0,9,smartphone,"Lately I have noticed that as a teacher, i have observed my 16-year-old son online until 3 or 4 am; their grades dropped significantly. which is impacting behavior and routine.",0,High
11,Female,Father,-1,49,6,9,tablet,I am concerned because my teacher reports that their 11-year-old daughter spends about 9 hours per day on social media and has stopped doing homework. this behavior started a few months ago. and it is affecting daily life. Situation is escalating with daily conflicts and emotional distress. ,0.12244898,High
13,Female,Father,0.144444444,42,0,5,tablet,"It has become clear that uses social apps to chat with classmates, but rarely misses sleep. i'd say around 5 hours per day. they pretend not to be online but we found them streaming at night. which is impacting behavior and routine.",0,Medium
12,Female,Mother,-0.2125,26,3,3,smartphone,"Over the past few months, started spending money on in-app purchases , approximately 3 hours per dayof daily use. and this worries me as a parent.",0.111111111,Medium
12,Female,Father,0.066666667,36,3,6,smartphone,I am worried that my 12-year-old skips school or is frequently absent because of meeting people from social media. usage around 6 hours per day. it has become a concern. and I feel intervention is needed.,0.081081081,High
13,Male,Father,-0.222222222,24,2,7,laptop,Lately I have noticed that mood swings happen and tied to social media; screen time about 7 hours per day. and it seems unhealthy.,0.08,High
18,Female,Father,-0.138888889,19,0,2,smartphone,"Past few months, she use social apps every evening; i'd estimate 2 hours per day. But doing studies well.",0,Low
15,Female,Father,0.008333333,34,1,1,smartphone,"As a parent, I have observed that checks social media during short breaks but focuses on studies; overall 1 hours per day. the child hides their screen time. and it is affecting daily life.",0.028571429,Low
11,Male,Mother,-0.053333333,26,0,2,smartphone,Lately I have noticed that checks social media during short breaks but focuses on studies; overall 2 hours per day. and it is affecting daily life.,0,Low
17,Female,Father,0.105555556,41,0,2,laptop,"My daughter spends nearly 2 hours per day on social media, mostly in the evenings. She balances her screen time with reading and family activities.  but it's not a big issue. I am mildly concerned but do not see serious effects.",0,Low
11,Female,Mother,-0.104166667,32,1,5,tablet,"Over the past few months, my parent reports that their 11-year-old son spends about 5 hours per day on social media and has stopped doing homework. and it is affecting daily life.",0.03030303,Medium
18,Male,Mother,-0.125,33,0,7,laptop,Lately I have noticed that posts occasionally and keeps online relationships; daily use close to 7 hours per day. this behavior started a few months ago. and this worries me as a parent.,0,High
14,Male,Mother,0.066666667,35,2,1,smartphone,"As a parent, I have observed that my 14-year-old skips school or is frequently absent because of meeting people from social media. usage around 1 hours per day. and this worries me as a parent.",0.055555556,Low
10,Female,Mother,0.166666667,25,0,6,smartphone,I am worried that uses apps mainly for tutorials and study material; about 6 hours per dayeach day. and this worries me as a parent.,0,High
13,Male,Guardian,-0.233333333,30,5,8,smartphone,Lately I have noticed that started spending money on in-app purchases and ignoring household limits and studies approximately 8 hours per dayof daily use. and I feel intervention is needed.,0.161290323,High
12,Male,Father,-0.05,35,2,4,smartphone,"As a parent, I have observed that shows withdrawal and aggression when challenged about screen time; spends roughly 4 hours per dayonline. recently their teacher informed me about this. and I feel intervention is needed.",0.055555556,Medium
18,Female,Guardian,0.033333333,28,0,4,laptop,"I am concerned because follows hobby pages and maintains a balanced routine, using social media about 4 hours per dayeach day. and this worries me as a parent.",0,Medium
18,Female,Father,-1,47,6,9,smartphone,It has become clear that mood swings happen but they are not tied to social media; screen time about 9 hours per day. they pretend not to be online but we found them streaming at night. Situation is escalating with daily conflicts and emotional distress.,0.127659574,High
18,Female,Mother,0.033333333,20,0,2,smartphone,I have observed that my daughter uses social media for around 2 hours per day;Her schoolwork is completed on time.,0,Low
13,Male,Mother,-0.2125,35,2,6,laptop,"Over the past few months, as a counselor, i have observed my 13-year-old daughter online until 3 or 4 am; their grades dropped significantly. recently their teacher informed me about this. and it seems unhealthy.",0.055555556,High
10,Male,Guardian,-0.079166667,31,1,2,smartphone,"Over the past few months, my 10-year-old daughter refuses to leave her room and has lost weight, spending nearly 2 hours per dayon social platforms. which is impacting behavior and routine.",0.03125,Low
18,Male,Father,0.057272727,36,1,7,tablet,"I am worried that uses social apps to chat with classmates, and play live games,misses sleep. i'd say around 7 hours per day. recently their teacher informed me about this. which is becoming a serious concern.",0.027027027,High
16,Female,Guardian,-1,58,5,8,smartphone,"Over the past few months, my daughter has been spending roughly 8 hours per day on social media. She avoids some family interactions and outdoor activities. While she completes most schoolwork, her focus is often interrupted. I am concerned about how this could affect her long-term habits. Situation is escalating with severe anxiety and withdrawal symptoms. ",0.086206897,High
15,Male,Guardian,-1,49,7,10,smartphone,"Lately I have noticed that uses social apps to chat with classmates, but rarely misses sleep. i'd say around 10 hours per day. we have tried setting limits but it doesn't help. and I feel intervention is needed. Situation is escalating with sleep disruption and academic decline. ",0.142857143,High
16,Female,Father,0.033333333,47,0,4,smartphone,"I am concerned because my daughter spends about 4 hours per day on social media. She sometimes delays homework and chores to stay online. Although she still participates in family activities, her attention seems reduced at times. I worry this might affect her routine if it continues.",0,Medium
16,Female,Father,0.225,22,0,2,smartphone,I am worried that my 16-year-old uses social media about 2 hours per day(s) after school and seems to manage studies fine. ,0,Low
14,Female,Mother,0.166666667,22,0,1,laptop,"I am worried that uses social apps to chat with classmates, but rarely misses sleep. i'd say around 1 hours per day. ",0,Low
14,Female,Father,-0.125,35,0,2,smartphone,"She balances her screen time with reading and family activities. Sometimes she forgets to participate in casual family conversations, but it's not a big issue. I am mildly concerned but do not see serious effects.",0,Low
11,Male,Father,0,24,3,5,smartphone,"I am worried that my child hides their phone, deletes messages, and withdraws; screen time seems to be around 5 hours per dayevery day. ",0.12,Medium
13,Male,Father,0.225,22,0,1,laptop,I am worried that my 13-year-old uses social media about 1 hours per day(s) after school and seems to manage studies fine. ,0,Low
17,Female,Father,-0.07,36,0,1,smartphone,My daughter usually checks social media for about 1 hours per day after finishing schoolwork. She uses it mainly to chat with friends and watch short clips. I haven't observed any negative changes in her behavior,0,Low
18,Female,Father,0.045454546,43,4,4,tablet,"As a parent, I have observed that the child has become secretive, has new friends only online, and avoids family time , using devices about 4 hours per day. recently their teacher informed me about this. and this worries me as a parent.",0.090909091,Medium
11,Female,Father,-0.091666667,39,1,4,tablet,"Lately I have noticed that my 11-year-old daughter refuses to leave her room and has lost weight, spending nearly 4 hours per dayon social platforms. this behavior started a few months ago. and this worries me as a parent.",0.025,Medium
15,Male,Guardian,0.01,28,0,1,smartphone,I have noticed my son uses social media for roughly 1 hours per day. He mainly scrolls through short videos after school. His studies and sleep are unaffected.,0,Low
11,Female,Father,-0.4,33,2,6,smartphone,"As a parent, I have observed that shows withdrawal and aggression when challenged screen time; spends 6 hours per dayonline. we have tried setting limits but it doesn't help. and it seems unhealthy.",0.058823529,High
16,Female,Guardian,0.066666667,31,1,8,smartphone,"I am worried that my 16-year-old daughter refuses to leave her room and has lost weight, spending nearly 8 hours per dayon social platforms. and this worries me as a parent.",0.03125,High
17,Female,Father,-0.17,35,2,7,laptop,Lately I have noticed that my 17-year-old uses social media about 7 hours per day(s) after school and seems to manage studies bad. the child hides their screen time. which is becoming a serious concern.,0.055555556,High
14,Male,Guardian,-0.183333333,29,2,3,smartphone,I am worried that my parent reports that their 14-year-old daughter spends about 3 hours per day on social media and has stopped doing homework. and it seems unhealthy.,0.066666667,Medium
12,Female,Mother,-0.2125,29,2,5,tablet,"Over the past few months, stays up all night messaging strangers ; daily screen time around 5 hours per day. it has become a concern. and it seems unhealthy.",0.066666667,Medium
14,Male,Mother,-1,48,7,10,tablet,"Over the past few months, follows hobby pages and maintains a balanced routine, using social media about 10 hours per dayeach day. we have tried setting limits but it doesn't help. and I feel intervention is needed. Situation is escalating with sleep disruption and academic decline. ",0.145833333,High
17,Female,Guardian,-0.041666667,27,0,2,smartphone,"my daughter spends nearly 2 hours per day on social media. She usually scrolls through content in the evenings to relax. While her routine is mostly unaffected,",0,Low
15,Male,Guardian,0.1,22,0,1,smartphone,"My son spends about 1 hours per day on social media, mainly watching sports highlights and chatting with classmates. He finishes homework",0,Low
17,Male,Father,-0.038888889,31,1,4,laptop,I am worried that chats with relatives and uses social media responsibly; average daily use around 4 hours per day. it has become a concern. and I feel intervention is needed.,0.03125,Medium
11,Male,Mother,-0.188888889,45,2,6,smartphone,"As a parent, I have observed that we as a family noticed that my teacher reports that their 11-year-old son spends about 6 hours per day on social media and has stopped doing homework. this behavior started a few months ago. and it seems unhealthy.",0.043478261,High
16,Male,Guardian,0.006666667,41,1,2,smartphone,"Over the last few weeks, my son has been spending about 2 hours per day on social media. He mostly chats with friends and enjoys watching online content. While he occasionally loses track of time, he still completes homework and chores",0.023809524,Low
14,Male,Father,-0.088888889,30,2,4,smartphone,It has become clear that my parent reports that their 14-year-old daughter spends about 4 hours per day on social media and has stopped doing homework. and it seems unhealthy.,0.064516129,Medium
15,Female,Guardian,0.019047619,50,0,2,laptop,"My daughter spends nearly 2 hours per day on social media, mostly in the evenings. She balances her screen time with reading and family activities. Sometimes she forgets to participate in casual family conversations, but it's not a big issue. I am mildly concerned but do not see serious effects.",0,Low
12,Female,Guardian,0.177777778,31,0,2,tablet,I have observed that my daughter uses social media for around 2 hours per day. She enjoys connecting with her friends and following creative content. Her schoolwork is completed on time,0,Low
10,Male,Guardian,0.077777778,31,2,5,laptop,"It has become clear that my 10-year-old daughter refuses to leave her room and has lost weight, spending nearly 5 hours per dayon social platforms. and I feel intervention is needed.",0.0625,Medium
15,Male,Guardian,0.016666667,21,0,4,smartphone,I am worried that uses social media to pass time; only around 4 hours per day. it has become a concern. ,0,Medium
14,Male,Mother,-0.166666667,30,2,4,smartphone,It has become clear that he becomes  angry  when we take the phone away; he's spending roughly 4 hours per day on apps. and this worries me as a parent.,0.064516129,Medium
13,Male,Mother,0.033333333,31,0,2,smartphone,I have noticed that my son spends close to 2 hours per day on social media. He enjoys watching videos and sharing jokes with friends. Although his school performance remains stable,0,Low
16,Male,Father,0.1,32,1,2,smartphone,"my son now spends about 2 hours per day on social media. He still participates in outdoor activities and family time.This is not serious yet, but it is something I am monitoring.",0.03030303,Low
11,Female,Father,-0.022222222,37,2,8,laptop,"I am worried that my 11-year-old daughter refuses to leave her room and has lost weight, spending nearly 8 hours per dayon social platforms. this behavior started a few months ago. and I feel intervention is needed.",0.052631579,High
13,Male,Father,-0.155555556,35,1,6,smartphone,"As a parent, I am very concerned because my son spends about 6 hours per day on social media. He ignores homework and household responsibilities. When asked to reduce screen time, he reacts with anger.",0.027777778,High
12,Female,Guardian,0.008333333,28,1,4,smartphone,"Over the past few months, mood swings happen but they are not tied to social media; screen time about 4 hours per day. which is becoming a  concern.",0.034482759,Medium
12,Male,Father,-0.2,25,1,4,laptop,"My child  watch videos on facebook, usage around 4 hours per day. this behavior started a few months ago. and I feel intervention is needed.",0.038461538,Medium
15,Male,Father,0.0625,31,3,6,smartphone,I am concerned because my 15-year-old skips school or is frequently absent because of meeting people from social media. usage around 6 hours per day. which is becoming a serious concern.,0.09375,High
10,Female,Guardian,0.008333333,38,2,8,tablet,"It has become clear that my 10-year-old daughter refuses to leave her room and has lost weight, spending nearly 8 hours per dayon social platforms. this behavior started a few months ago. and I feel intervention is needed.",0.051282051,High
12,Male,Father,-0.022222222,31,0,3,tablet,I am concerned because they cancel family activities to be online and avoid offline friends; daily social media time roughly 3 hours per day. and this worries me as a parent.,0,Medium
18,Female,Father,0.241666667,29,0,5,smartphone,"I am worried that using social apps to play games and chat with strangers,this  behavior started after being online for 5 hours per day/day. which is becoming a  concern.",0,Medium
11,Female,Father,-0.291666667,29,3,9,smartphone,My child becomes restless and anxious when the phone is taken away. She has lost interest in sports and socializing offline. This appears to be a serious addiction issue.,0.1,High
17,Female,Guardian,-0.066666667,34,0,6,smartphone,Lately I have noticed that complains of boredom and uses social media to pass time; only around 6 hours per day. recently their teacher informed me about this. which is impacting behavior and routine.,0,High
16,Male,Guardian,0.05,23,1,5,laptop,"It has become clear that the child has become secretive,  using devices about 5 hours per day. and it is affecting daily life.",0.041666667,Medium
12,Female,Father,0.033333333,41,1,3,smartphone,I am worried that mood swings happen but they are not tied to social media; screen time about 3 hours per day. they pretend not to be online but we found them streaming at night. which is impacting behavior and routine.,0.023809524,Medium
13,Male,Guardian,0.033333333,21,0,4,tablet,"I am concerned because follows hobby pages and maintains a balanced routine, using social media about 4 hours per dayeach day.",0,Medium
12,Female,Father,-0.003333333,41,0,8,tablet,It has become clear that chats with relatives and uses social media daily; average daily use around 8 hours per day. they pretend not to be online but we found them streaming at night. and this worries me as a parent.,0,High
15,Female,Father,-0.1,23,0,5,smartphone,I am worried that she watches a few videos for entertainment but stops when we ask; daily use about 5 hours per day. ,0,Medium
11,Female,Guardian,-0.118333333,37,4,9,smartphone,My daughter spends almost 9 hours per day on social media. She has withdrawn from family activities and shows signs of mood swings. Her academic performance has dropped significantly. This level of usage feels unhealthy and dangerous.,0.105263158,High
10,Male,Guardian,-0.004166667,24,1,4,laptop,Lately I have noticed that uses apps mainly for tutorials and study material; 4 hours per dayeach day. which is becoming a serious concern.,0.04,Medium
16,Female,Father,-0.155555556,32,1,6,smartphone,"I am very concerned because my daughter spends about 6 hours per day on social media. She ignores homework and household responsibilities. When asked to reduce screen time, she reacts with anger.",0.03030303,High
12,Male,Guardian,0.116666667,43,0,7,smartphone,I have noticed that my son uses social media for about 7 hours per day. he appears tired most of the time and his mood changes quickly. we have tried setting limits but it doesn't help. and this worries me as a parent.,0,High
18,Male,Guardian,-0.2125,16,1,3,smartphone,"Over the past few months, started ignoring household limits approximately 3 hours per dayof daily use. ",0.058823529,Medium
13,Male,Mother,0.05,31,1,5,laptop,"It has become clear that as a counselor, i have observed my 13-year-old son online until 3 or 4 am; their grades dropped significantly. recently their teacher informed me about this. ",0.03125,Medium
15,Male,Father,-0.094444444,26,0,2,tablet,"Over the past few months, uses apps mainly for tutorials and study material; about 2 hours per dayeach day. and this worries me as a parent.",0,Low
12,Male,Guardian,-1,42,6,9,laptop,"As a parent, I have observed that she lies her screen time and sneaks out to use social apps every evening; i'd estimate 9 hours per day. and it seems unhealthy. Situation is escalating with daily conflicts and emotional distress.",0.142857143,High
15,Male,Father,0.0875,36,0,5,smartphone,It has become clear that we as a family noticed that my 15-year-old uses social media about 5 hours per day(s) after school and seems to manage studies fine. this behavior started a few months ago.,0,Medium
14,Female,Father,-0.65,32,3,6,smartphone,I am worried that he becomes very angry and cries for hours when we take the phone away; he's spending 6 hours per day on apps. and I feel intervention is needed.,0.090909091,High
12,Male,Mother,0.033333333,25,1,2,smartphone,I am concerned because my son now spends about 2 hours per day on social media. He still participates in outdoor activities and family time.,0.038461538,Low
14,Female,Father,-0.138888889,33,2,6,smartphone,"Over the past few months, she lies about her screen time and sneaks out to use social apps every evening; i'd estimate 6 hours per day. and this worries me as a parent.",0.058823529,High
15,Female,Guardian,-0.227916667,52,1,7,laptop,"I am extremely worried because my daughter spends about 7 hours per day on social media. She stays on her phone late into the night and struggles to wake up for school. Her concentration has dropped, and she often seems irritated when asked to stop. This level of usage feels very unhealthy.",0.018867925,High
12,Female,Father,0.01875,48,0,2,smartphone,"I am concerned because my daughter now spends about 2 hours per day on social media. She balances this with school and other activities, but her attention seems slightly reduced at times. She still follows instructions and completes tasks. For now, it appears to be a mild issue.",0,Low
10,Male,Guardian,-0.127777778,40,2,1,smartphone,"I am slightly concerned because my son uses social media for about 1 hours per dayeach day. He usually logs in after completing homework. There are no noticeable mood or behavior changes. At this stage, it does not seem problematic.",0.048780488,Low
13,Male,Father,-0.022222222,27,0,4,laptop,"As a parent, I have observed that they cancel family activities to be online and avoid offline friends; daily social media time roughly 4 hours per day. ",0,Medium
11,Male,Mother,-0.35,28,1,4,smartphone,Lately I have noticed that takes the phone to school and uses it in classes; i estimate 4 hours per day including school hours.  and it seems unhealthy.,0.034482759,Medium
16,Female,Guardian,-0.006666667,34,1,4,tablet,"Over the past few months, watches short videos before bed but wakes up fine; daily use about 4 hours per day. i am worried about the long-term effects. and I feel intervention is needed.",0.028571429,Medium
14,Male,Mother,0.044444444,39,1,5,tablet,It has become clear that we as a family noticed that my teacher reports that  14-year-old son spends about 5 hours per day on social media and has stopped doing homework recently. i am worried about the long-term effects.,0.025,Medium
13,Female,Mother,0,36,4,5,smartphone,"I am worried that we as a family noticed that my child hides their phone, deletes messages, and withdraws; screen time seems to be around 5 hours per dayevery day. and I feel intervention is needed.",0.108108108,Medium
18,Female,Guardian,0,23,1,7,smartphone,I am worried that shows withdrawal and aggression when challenged screen time; spends 7 hours per dayonline. which is impacting behavior and routine.,0.041666667,High
13,Male,Guardian,0.15,31,0,4,smartphone,"As a parent, I have observed that my 13-year-old uses social media about 4 hours per day(s) after school and seems to manage studies fine. and it is affecting daily life.",0,Medium
14,Female,Guardian,0.044444444,30,1,5,laptop,"I am worried that my 14-year-old daughter refuses to leave her room and has lost weight, spending nearly 5 hours per dayon social platforms. and it is affecting daily life.",0.032258065,Medium
15,Female,Mother,-0.229166667,26,0,2,smartphone,"She balances her screen time with homework and other activities.usage is 2 hours per day. At the moment, this does not seem to cause serious problems.",0,Low
12,Male,Father,-0.104166667,37,1,6,tablet,"Over the past few months, mood swings happen but they are not tied to social media; screen time about 6 hours per day. recently their teacher informed me about this. and this worries me as a parent.",0.026315789,High
14,Female,Mother,-0.095833333,30,0,1,tablet,I am slightly concerned because my  son watches videos on social media apps for about 1 hours per day. He usually finishes his schoolwork on time and attends school regularly.,0,Low
12,Female,Guardian,0.066666667,32,0,2,smartphone,"I am concerned because my 12-year-old daughter spends nearly 2 hours per day on social media watching videos. However, she continues to perform well in her studies and attends school without issues.",0,Low
11,Male,Father,0.066666667,31,1,4,smartphone,"As a parent, I have observed that my 11-year-old daughter refuses to leave her room , spending nearly 4 hours per dayon social platforms. and this worries me as a parent.",0.03125,Medium
18,Female,Father,0.033333333,25,1,4,laptop,I am worried that she sneaks out to use social apps every evening; i'd estimate 4 hours per day. which is impacting behavior and routine.,0.038461538,Medium
12,Female,Guardian,-0.133333333,28,0,5,smartphone,"Lately I have noticed that she get upset  if wi-fi is cut; used to be social, now online 5 hours per day. which is impacting behavior and routine.",0,Medium
10,Male,Mother,-0.05,29,1,5,smartphone,It has become clear that my child hides their phone and screen time seems to be around 5 hours per dayevery day. this behavior started a few months ago. ,0.033333333,Medium
13,Male,Father,0.005555556,37,2,7,smartphone,"As a parent, I have observed that shows withdrawal and aggression when challenged about screen time; spends roughly 7 hours per dayonline. we have tried setting limits but it doesn't help. which is becoming a serious concern.",0.052631579,High
12,Female,Mother,0.147222222,44,0,1,laptop,"My daughter spends around 1 hours per day watching content on social media. She remains attentive in school and completes her studies responsibly. Her attendance has been consistent, and her academic performance is stable. I only feel the need to monitor her usage closely.",0,Low
11,Male,Father,0,31,2,8,tablet,"As a parent, I have observed that stays up all night messaging strangers and is depressed; daily screen time around 8 hours per day. and this worries me as a parent.",0.0625,High
18,Male,Guardian,0.033333333,34,0,10,laptop,"As a parent, I have observed that my 18-year-old uses social media about 10 hours per day(s) ,not attending to  school and seems to missed studies . and this worries me as a parent.",0,Medium
11,Male,Mother,0.01,30,1,9,smartphone,I am worried that they cancel family activities to be online and avoid offline friends; daily social media time roughly 9 hours per day. which is becoming a serious concern.,0.032258065,High
18,Male,Father,-0.322222222,36,2,8,smartphone,I am worried that posts and takes part in dangerous online challenges and then got reprimanded at school; they use social media about 8 hours per day. it has become a concern. and it seems unhealthy.,0.054054054,High
16,Female,Father,0,29,0,6,smartphone,I am worried that she watches  videos for entertainment but doesn't stops when we ask; daily use about 6 hours per day. and this worries me as a parent.,0,High
16,Female,Mother,0.070833333,27,0,2,smartphone,"I have observed that my 16-year-old daughter uses social media for around 2 hours per day, but this has not negatively affected her academic performance so far.",0,Low
14,Male,Father,0.066666667,26,0,1,laptop,"My 14-year-old son uses social media for about 1 hours per dayeach day, and so far it has not affected his studies or behavior at school.",0,Low
15,Male,Mother,-1,36,9,12,smartphone,"Over the past few months, they cancel family activities to be online and avoid offline friends; daily social media time roughly 12 hours per day. Situation is escalating with isolation from family and responsibilities. ",0.25,High
11,Male,Mother,0.066666667,25,2,4,smartphone,I am concerned because my 11-year-old skips school or is frequently absent because of meeting people from social media. usage around 4 hours per day. ,0.076923077,Medium
15,Male,Father,-0.183333333,24,0,2,laptop,"My 15-year-old son spends approximately 2 hours per day on social media platforms, yet he continues to manage his studies and school responsibilities well.",0,Low
16,Male,Guardian,-0.1625,35,0,5,smartphone,Lately I have noticed that he plays on the weekend and finishes homework during weekdays; screen time 5 hours per dayon average. this behavior started a few months ago. and it is affecting daily life.,0,Medium
18,Female,Mother,0.277777778,31,1,2,tablet,"I am concerned because my 18-year-old daughter watches videos on social media apps, spending nearly 2 hours per day, but she still maintains good attendance at school and performs well academically.",0.03125,Low
16,Male,Mother,-0.075,25,1,2,smartphone,I am worried that plays online with friends but stops for chores and family time; usually 2 hours per day. which seems acceptable so far.,0.038461538,Low
12,Male,Guardian,0.277777778,29,1,2,smartphone,"I am concerned because my 12-year-old daughter watch videos on social media app, spending nearly 2 hours per day ,still perform good attendace at school and doing studies well.",0.033333333,Low
13,Female,Mother,0.026666667,32,1,5,smartphone,It has become clear that checks social media during short breaks but focuses on studies; overall 5 hours per day. the child hides their screen time. and it is affecting daily life.,0.03030303,Medium
17,Male,Guardian,0.045454546,33,1,5,smartphone,"I am concerned because the child has has new friends only online, using devices about 5 hours per day. recently their teacher informed me about this. and this worries me as a parent.",0.029411765,Medium
16,Male,Mother,-0.1375,35,1,8,laptop,I am worried that open about screen time ; daily average approximately 8 hours per day. they pretend not to be online but we found them streaming at night. and I feel intervention is needed.,0.027777778,High
16,Male,Guardian,-0.142857143,29,0,9,smartphone,"Over the past few months, open about screen time and doesn't follows rules set by parents; daily average approximately 9 hours per day. and it is affecting daily life.",0,High
16,Female,Guardian,-0.183333333,29,2,8,smartphone,I am concerned because my parent reports that their 16-year-old daughter spends about 8 hours per day on social media and has stopped doing homework. and it seems unhealthy.,0.066666667,High
17,Male,Father,-0.15,34,0,4,laptop,Lately I have noticed that borrowed money for subscriptions and cannot stop  usage continues for about 4 hours per dayevery day. i am worried about the long-term effects. and it is affecting daily life.,0,Medium
14,Male,Mother,-1,49,8,11,smartphone,"Over the past few months, uses apps mainly for tutorials and study material; 11 hours per dayeach day. they pretend not to be online but we found them streaming at night. which is impacting behavior and routine. Situation is escalating with compulsive checking and loss of control.",0.163265306,High
14,Female,Father,0.068181818,40,4,4,tablet,"I am concerned because the child has become secretive, has new friends only online, and avoids family time  using devices about 4 hours per day. we have tried setting limits but it doesn't help. which is impacting behavior and routine.",0.097560976,Medium
17,Male,Father,-0.088888889,35,0,6,tablet,"I am concerned because she cries non-stop if wi-fi is cut; used to be social, now online roughly 6 hours per day. this behavior started a few months ago. which is impacting behavior and routine.",0,High
18,Female,Mother,-0.043434343,33,1,3,smartphone,Lately I have noticed my child play live games with strangers; she use social media about 3 hours per day. the child hides their screen time. As a mother I worried abot it.,0.029411765,Medium
15,Female,Mother,0.008333333,34,0,2,smartphone,"As a mother, From what I observe, my child uses social media for roughly 2 hours per day, doing studies well,balanced daily routine as well.which seems acceptable so far, but it still requires supervision.",0,Low
13,Female,Father,-0.15,31,1,9,smartphone,I am worried that sometimes stays up late but recovers the next day; average use 9 hours per day. i am worried the long-term effects. and I feel intervention is needed.,0.03125,High
14,Female,Mother,-0.1,38,0,1,laptop,"As a mother, I have noticed that my child spends about 1 hours per day on social media, and at the moment it does not appear to cause serious problems, though I feel some limits are still necessary.",0,Low
12,Female,Father,-0.05,35,1,7,smartphone,It has become clear that watches short videos before bed and wakes up late at the day; daily use 7 hours per day. i am worried the long-term effects. and I feel intervention is needed.,0.027777778,High
10,Female,Father,-0.133333333,27,1,4,tablet,Lately I have noticed that using social apps to meet strangers .behavior started after being online for 4 hours per day/day. and I feel intervention is needed.,0.035714286,Medium
16,Male,Guardian,0.133333333,31,0,3,tablet,I am concerned because streams occasionally yet keeps good attendance; typically around 3 hours per dayof use. recently their teacher informed me about this. and this worries me as a parent.,0,Medium
17,Male,Mother,-0.025,36,0,6,smartphone,"Over the past few months, as a parent, i have observed my 17-year-old daughter online until 3 or 4 am; their grades dropped significantly. Usage of 6 hours per day.and this worries me as a parent. ",0,High
16,Male,Father,0.011111111,28,0,2,smartphone,"As a father, From what I observe, my child uses social media for roughly 2 hours per day, which seems acceptable so far, but it still requires supervision.",0,Low
11,Female,Mother,-0.18125,54,1,6,laptop,"I am extremely concerned because my daughter spends about 6 hours per day on social media. She stays on her phone late into the night and often skips meals. Her school performance has dropped noticeably, and she becomes irritable when asked to stop using her phone. This situation feels serious and out of control.",0.018181818,High
12,Female,Father,-0.133333333,29,1,4,smartphone,Lately I have noticed that my 12-year-old skips school  because of meeting people from social media. usage around 4 hours per day. i am worried about the long-term effects. ,0.033333333,Medium
13,Male,Father,-0.072222222,29,0,1,smartphone,"My child usually spends around 1 hours per day on social media. This level seems manageable now, but I am keeping an eye on it to avoid future issues.",0,Low
14,Female,Guardian,-0.022222222,32,2,4,smartphone,I am worried that my 14-year-old skips school or is frequently absent because of meeting people from social media. usage around 4 hours per day. this behavior started a few months ago. ,0.060606061,Medium
18,Female,Guardian,0.008333333,32,0,3,laptop,It has become clear that they cancel family activities to be online and avoid offline friends; daily social media time roughly 3 hours per day. and this worries me as a parent.,0,Medium
13,Female,Mother,0,36,2,7,tablet,"Over the past few months, rarely eats or sleeps because of continuous social apps and gaming; i think it's about 7 hours per day. the child hides their screen time. which is becoming a serious concern.",0.054054054,High
18,Male,Guardian,0.155555556,27,0,1,laptop,My son spends roughly 1 hours per day watching learning-related videos. He prefers outdoor play once screen time ends. His behavior remains normal and doing studies fine,0,Low
13,Female,Guardian,0.225,35,1,4,smartphone,I am concerned because my 13-year-old uses social media about 4 hours per day(s) after school and seems to manage studies fine. the child hides their screen time. and this worries me as a parent.,0.027777778,Medium
13,Female,Mother,0.033333333,33,0,4,smartphone,"I am concerned because follows hobby pages and maintains a balanced routine, using social media 4 hours per dayeach day. they pretend not to be online but we found them streaming at night.",0,Medium
18,Female,Guardian,0.091666667,38,0,1,smartphone,"I am slightly concerned because my daughter spends about 1 hours per day on social media. Most of the time, she uses it to watch short videos or message her friends. It does not interfere with her schoolwork",0,Low
16,Female,Guardian,0.066666667,34,1,8,smartphone,"As a parent, I have observed that my 16-year-old daughter refuses to leave her room and has lost weight, spending nearly 8 hours per dayon social platforms. and this worries me as a parent.",0.028571429,High
15,Female,Mother,-0.033333333,38,1,7,laptop,"As a parent, I have observed that she cries non-stop if wi-fi is cut; used to be social, now online roughly 7 hours per day. the child hides their screen time. and this worries me as a parent.",0.025641026,High
10,Female,Guardian,-0.138888889,22,0,5,smartphone,"Over the past few months, my parent reports that their 10-year-old son spends about 5 hours per day on social media .",0,Medium
10,Female,Guardian,0,30,0,3,smartphone,"As a parent, I have observed that my child watching short videos using you tube; daily screen time around 3 hours per day. and this worries me as a parent.",0,Medium
14,Female,Mother,-0.4,31,2,5,laptop,"As a parent, I have observed that he got into arguments sometimes when we tried to limit phone time; online use close to 5 hours per day. and it seems unhealthy.",0.0625,Medium
11,Female,Guardian,-0.133333333,44,3,8,smartphone,Lately I have noticed that we as a family noticed that my counselor reports that their 11-year-old daughter spends about 8 hours per day on social media and has stopped doing homework. the child hides their screen time. which is impacting behavior and routine.,0.066666667,High
12,Male,Father,0,27,3,5,tablet,"I am concerned because my child deletes messages, and withdraws; screen time seems to be around 5 hours per dayevery day. and I feel intervention is needed.",0.107142857,Medium
11,Female,Guardian,0.075,27,0,2,tablet,I am concerned because posts occasionally and keeps healthy offline relationships;manage studies without missing any of the thing. daily use close to 2 hours per day. .,0,Low
16,Female,Father,0,37,0,4,smartphone,"As a parent, I have observed that takes the phone to school and uses it in classes; i estimate 4 hours per day including school hours. it has become a concern. which is impacting behavior and routine.",0,Medium
16,Male,Mother,0.008333333,26,0,5,smartphone,It has become clear that uses tablet for learning and occasional social media browsing; roughly 5 hours per day. and this worries me as a parent.,0,Medium
11,Male,Mother,-1,63,6,9,smartphone,I am concerned because my 11-year-old spends around 9 hours per day on social media and has started skipping school or being frequently absent to meet people online. This behavior worries me as it is affecting his daily routine and school performance. I am concerned about the long-term effects if this continues. Situation is escalating with daily conflicts and emotional distress. ,0.095238095,High
13,Male,Mother,0.066666667,21,0,1,laptop,"uses social media for about 1 hours per day. He completes homework.which seems acceptable so far, but it still requires supervision.",0,Low
18,Male,Father,0.225,25,0,1,smartphone,"As a parent, I have observed that my 18-year-old uses social media about 1 hours per day(s) after school and seems to manage studies fine. ",0,Low
17,Male,Father,0.141666667,33,0,1,tablet,I would like to mention that my son spends around 1 hours per day on social media. He willingly puts the phone away when asked.He prefers outdoor activities once screen time is over.,0,Low
14,Male,Mother,0.033333333,20,0,2,tablet,"I am concerned because follows hobby pages and maintains a balanced routine, using social media 2 hours per dayeach day. ",0,Low
18,Female,Mother,0.145833333,27,0,1,smartphone,I am worried that chats with relatives and uses social media responsibly; average daily use around 1 hours per day. Still manage studies and performance good attendance.,0,Low
12,Female,Guardian,-0.1,31,2,10,smartphone,It has become clear that shows withdrawal and aggression when challenged about screen time; spends roughly 10 hours per dayonline. recently their teacher informed me about this. and it seems unhealthy.,0.0625,Medium
16,Male,Mother,-0.063333333,31,1,4,laptop,"Over the past few months, my 16-year-old daughter refuses to leave her room and has lost weight, spending nearly 4 hours per dayon social platforms. and it is affecting daily life.",0.03125,Medium
17,Female,Mother,-1,39,7,10,smartphone,"As a parent, I observed that my child doing videos and uploaded to social media frequently. i think it's about 10 hours per day. and it seems unhealthy. Situation is escalating with sleep disruption and academic decline.",0.179487179,High
13,Male,Father,0.111111111,35,0,9,smartphone,I have observed that rarely eats or sleeps because of continuous social apps and gaming ;usage continues for 9 hours per dayevery day. i am worried the long-term effects. and it is affecting daily life.,0,High
16,Female,Guardian,-0.016666667,33,1,9,smartphone,It has become clear that mood swings happen balso tied to social media; screen time about 9 hours per day. this behavior started a few months ago. and it is affecting daily life.,0.029411765,High
17,Female,Father,-1,43,6,9,laptop,"It has become clear that the child has become secretive, has new friends only online, and avoids family time using devices about 9 hours per day. which is impacting behavior and routine. Situation is escalating with daily conflicts and emotional distress. ",0.139534884,High
15,Female,Mother,-0.008333333,32,1,5,tablet,I am concerned because checks social media during short breaks but focuses on studies; overall 1.5 hours per day. this behavior started a few months ago. which is becoming a serious concern.,0.03030303,Medium
11,Female,Mother,0.008333333,37,0,5,laptop,"Lately I have noticed that uses social apps to chat with classmates, but rarely misses sleep. i'd say around 5 hours per day. recently their teacher informed me about this. and this worries me as a parent.",0,Medium
11,Female,Father,-1,45,8,11,smartphone,"Over the past few months, follows hobby pages and maintains a balanced routine, using social media about 11 hours per dayeach day. i am worried about the long-term effects. and it seems unhealthy. Situation is escalating with compulsive checking and loss of control. ",0.177777778,High
14,Male,Guardian,0.2,37,1,9,smartphone,My son spends around 9 hours per day online and has stopped participating in outdoor activities he once enjoyed. He shows irritation and mood swings when his phone is taken away. His daily routine feels completely disrupted.,0.026315789,High
13,Female,Father,-0.008333333,30,0,1,smartphone,"As a parent, I have observed that tmy child play games on social media apps but still joined to family activities; daily social media time roughly 1 hours per day. ",0,Low
15,Male,Guardian,0.044444444,32,1,5,smartphone,It has become clear that my parent reports that their 15-year-old son spends about 5 hours per day on social media and has stopped doing homework. and it is affecting daily life.,0.03030303,Medium
12,Female,Mother,-0.216666667,25,1,1,laptop,"Over the past few months, sometimes stays up late but recovers the next day; average use about 1 hours per day. and it seems unhealthy.",0.038461538,Low
11,Female,Mother,0.145833333,26,0,3,smartphone,"My daughter uses social media for around 3 hours per day. She sometimes ignores chores while online. Although she completes them later, this is becoming frequent.",0,Medium
10,Female,Mother,-0.129166667,28,0,5,smartphone,"Over the past few months, she cries  if wi-fi is cut; used to be social, now online roughly 5 hours per day. which is impacting behavior and routine.",0,Medium
16,Female,Father,-0.233333333,27,1,3,laptop,"Over the past few months, plays online with friends but stops for chores and family time; usually 3 hours per day. which is impacting behavior and routine.",0.035714286,Medium
18,Female,Mother,-0.133333333,25,1,5,smartphone,Lately I have noticed that my parent reports that their 18-year-old daughter spends 5 hours per day on social media and has stopped doing homework. ,0.038461538,Medium
11,Male,Father,0.111111111,39,1,5,tablet,"As a parent, I have observed that rarely eats or sleeps because of continuous social apps and gaming; i think it's about 5 hours per day. recently their teacher informed me about this. and I feel intervention is needed.",0.025,Medium
15,Female,Guardian,-0.038888889,30,0,5,tablet,"As a parent, I have observed that chats with relatives and uses social media responsibly; average daily use around 5 hours per day. i am worried about the long-term effects. ",0,Medium
13,Male,Father,-0.229166667,27,2,4,smartphone,Lately I have noticed that my 13-year-old skips school past 2 days because of use social media. usage around 4 hours per day. and it seems unhealthy.,0.071428571,Medium
10,Female,Mother,-0.143333333,25,0,4,smartphone,"Over the past few months, active in sports and uses social media minimally, typically 4 hours per day. and this worries me as a parent.",0,Medium
14,Male,Guardian,-0.375,38,3,7,smartphone,I am worried that he becomes very angry and cries for hours when we take the phone away; he's spending roughly 7 hours per day on apps. it has become a concern. and I feel intervention is needed.,0.076923077,High
15,Male,Mother,-0.25,40,3,7,laptop,I am concerned because he becomes very angry and cries for hours when we take the phone away; he's spending roughly 7 hours per day on apps. recently their teacher informed me about this. and I feel intervention is needed.,0.073170732,High
12,Female,Father,-1,43,9,10,smartphone,"As a parent, I have observed that chats with relatives and uses social media irresponsibly;abscent school frequently. average daily use around 10 hours per day. and this worries me as a parent. Situation is escalating with isolation from family and responsibilities. ",0.209302326,High
16,Female,Father,-0.2,36,0,4,tablet,I am worried that takes the phone to school and uses it in classes; i estimate 4 hours per day including school hours. this behavior started a few months ago. which is impacting behavior and routine.,0,Medium
17,Female,Mother,-0.045833333,27,0,1,tablet,My daughter checks social media for about 1 hours per day. She balances phone use with reading and other activities. This does not appear to be harmful.,0,Low
13,Male,Father,0.155555556,35,1,8,smartphone,using social media for close to 8 hours per day and has shown signs of anxiety and irritability. he reacts strongly when the phone is removed. We fear this dependence is affecting her overall well-being.,0.027777778,High
13,Female,Guardian,-0.322222222,31,2,7,smartphone,I am concerned because posts and takes part in dangerous online challenges and then got reprimanded at school; they use social media about 7 hours per day. and it seems unhealthy.,0.0625,High
11,Male,Mother,-0.108333333,32,1,5,laptop,"As a parent, I have observed that open about screen time  but rarely misses sleep and follows rules set by parents; daily average approximately 5 hours per day. and it seems unhealthy.",0.03030303,Medium
18,Female,Mother,0,27,1,5,smartphone,"I am worried that my child hides their phone, screen time seems to be around 5 hours per dayevery day. recently their teacher informed me about this. ",0.035714286,Medium
13,Male,Mother,-0.1,33,1,4,smartphone,"As a parent, I have observed that he  cries for hours when we take the phone away; he's spending roughly 4 hours per day on apps. and this worries me as a parent.",0.029411765,Medium
18,Male,Father,0.216666667,29,0,2,smartphone,My son spends about 2 hours per day on social media during his free time. He balances this with outdoor play and schoolwork. His routine and behavior remain stable.,0,Low
11,Male,Father,-0.005555556,32,0,1,laptop,I would like to mention that my son spends around 1 hours per day on social media. He willingly puts the phone away when asked. We do not see any negative effects.,0,Low
14,Male,Father,0.1,34,2,7,tablet,It has become clear that borrowed money for subscriptions and cannot stop. usage continues for about 7 hours per dayevery day. the child hides their screen time. and I feel intervention is needed.,0.057142857,High
13,Male,Guardian,-0.1,33,0,2,laptop,I noticed that my son uses social media for around 2 hours per day. He stops using his phone when reminded and completes his responsibilities. I don't consider this a serious issue currently.,0,Low
10,Male,Mother,0.033333333,27,0,2,smartphone,"I am worried that follows hobby pages and maintains a balanced routine, using social media about 2 hours per dayeach day. which is impacting behavior and routine.",0,Low
18,Male,Mother,0.144444444,32,0,2,smartphone,"My son is on social media for roughly 2 hours per day, mostly in the evening. He manages his time well and listens to instructions. There have been no complaints from school.",0,Low
13,Male,Mother,0.083333333,36,0,5,smartphone,I am concerned because rarely eats or sleeps because of continuous social apps and gaming; i think it's about 5 hours per day. recently their teacher informed me about this. and it is affecting daily life.,0,Medium
10,Female,Father,0.083333333,46,1,2,smartphone,"I would like to report that my daughter spends about 2 hours per day on social media after school. She mainly uses it to chat with friends and watch general content. At this point, it does not seem to interfere with her studies or family time.",0.021276596,Low
12,Male,Mother,0.091666667,23,0,1,laptop,My son uses social media for about 1 hours per day. He completes homework and chores before going online. His behavior remains normal.,0,Low
12,Male,Guardian,-0.116666667,37,2,6,smartphone,It has become clear that my parent reports that their 12-year-old son spends about 6 hours per day on social media and has stopped doing homework. this behavior started a few months ago. and it seems unhealthy.,0.052631579,High
10,Male,Guardian,0.144444444,37,0,2,smartphone,My son uses social media for around 2 hours per day during his free time. He follows screen time rules at home. There have been no issues with his studies.though I feel some limits are still necessary.,0,Low
13,Female,Father,-0.1125,25,0,4,laptop,"Over the past few months, as a parent, i have observed my 13-year-old son online until mid night.She still attends school regularly but seems distracted.",0,Medium
16,Male,Guardian,-0.066666667,36,1,9,smartphone,"Over the past few months, as a teacher, i have observed my 16-year-old son online until 3 or 4 am; their grades dropped significantly. recently their teacher informed me this. which is becoming a serious concern.",0.027027027,High
12,Female,Mother,-0.15,41,3,8,tablet,Lately I have noticed that stays up all night messaging strangers and is depressed; daily screen time around 8 hours per day. they pretend not to be online but we found them streaming at night. and I feel intervention is needed.,0.071428571,High
10,Female,Father,-0.09,27,0,4,smartphone,It has become clear that open screen time and follows rules set by parents; daily average approximately 4 hours per day. which is impacting behavior and routine.,0,Medium
11,Female,Mother,-0.4,37,5,7,smartphone,"As a parent, I have observed that my child hides their phone, deletes messages, and withdraws; screen time seems to be around 7 hours per dayevery day. the child hides their screen time. and it seems unhealthy.",0.131578947,High
12,Female,Father,0.083333333,34,0,2,smartphone,"Most days, my daughter is on social media for roughly 2 hours per day. She listens when we ask her to take breaks. While there's no real concern, I wanted to record this behavior.",0,Low
15,Female,Mother,0.027777778,41,1,2,smartphone,"In the evenings, my daughter usually checks her social media for around 2 hours per day. She follows the screen-time limits we have set at home. Although I don't think it's causing harm",0.023809524,Low
12,Female,Father,0.016666667,34,0,5,laptop,I am concerned because uses social media to coordinate group study sessions and is polite online; estimated 5 hours per day. recently their teacher informed me about this. which is impacting behavior and routine.,0,Medium
17,Male,Father,-0.033333333,33,1,6,smartphone,My son spends roughly 6 hours per day on social media and has become withdrawn at home. He refuses to discuss his online activities and avoids responsibilities. These changes worry us as parents.,0.029411765,High
16,Female,Father,-0.15,34,0,5,smartphone,"As a parent, I have observed that sometimes stays up late but recovers the next day; average use 5 hours per day. i am worried the long-term effects. which is impacting behavior and routine.",0,Medium
10,Female,Father,0.044444444,27,0,5,laptop,It has become clear that complains of boredom and uses social media to pass time; only around 5 hours per day. which is impacting behavior and routine.,0,Medium
12,Male,Father,0.033333333,28,0,1,smartphone,My son spends about 1 hours per day on social media. He completes homework without reminders and sleeps on time. We do not see this as a concern.,0,Low
16,Female,Guardian,-0.1,38,0,2,tablet,"As a guardian, I have noticed that my child spends about 2 hours per day on social media, and at the moment it does not appear to cause serious problems, though I feel some limits are still necessary.",0,Low
10,Female,Mother,-0.116666667,35,1,3,tablet,It has become clear that plays online with friends but stops for chores and family time; usually 3 hours per day. this behavior started a few months ago. and this worries me as a parent.,0.027777778,Medium
16,Male,Guardian,0.066666667,39,1,6,smartphone,"It has become clear that has lost interest in hobbies and isolates themselves, glued to the phone for nearly 6 hours per dayeach day. we have tried setting limits but it doesn't help. and it is affecting daily life.",0.025,High
18,Female,Guardian,0.055555556,35,1,5,smartphone,"As a parent, I have observed that watches short videos before bed but wakes up fine; daily use 5 hours per day. this behavior started a few months ago. which is becoming a serious concern.",0.027777778,Medium
16,Male,Father,-0.35,34,2,9,smartphone,Lately I have noticed that takes the phone to school and uses it in classes; i estimate 9 hours per day including school hours. the child hides their screen time. and it seems unhealthy.,0.057142857,High
14,Female,Guardian,-0.1,38,0,2,laptop,"As a guardian, I have noticed that my child spends about 2 hours per day on social media, and at the moment it does not appear to cause serious problems, though I feel some limits are still necessary.",0,Low
11,Male,Guardian,0.026666667,33,1,9,smartphone,It has become clear that checks social media during short breaks but focuses on studies; overall 9 hours per day. recently their teacher informed me about this. and I feel intervention is needed.,0.029411765,High
18,Female,Guardian,-0.1,23,2,4,tablet,I am worried that shows  aggression sometimes challenged about screen time; spends roughly 4 hours per dayonline and I feel intervention is needed.,0.083333333,Medium
18,Male,Guardian,0.033333333,27,0,2,tablet,My son uses social media for 2 hours per day after school. He manages his time well and completes his tasks. There are no concerns from teachers.,0,Low
17,Male,Guardian,0.111111111,37,0,6,smartphone,I am worried that rarely eats or sleeps because of continuous social apps and gaming; i think it's about 6 hours per day. recently their teacher informed me about this. and this worries me as a parent.,0,High
12,Female,Father,-0.4,23,1,6,smartphone,I am worried that  we have tried setting limits but it doesn't help.; uses around 6 hours per day. and it seems unhealthy.,0.041666667,High
13,Male,Guardian,0,33,4,6,laptop,I am concerned because stays up all night messaging strangers and is depressed; daily screen time around 6 hours per day. the child hides their screen time. and I feel intervention is needed.,0.117647059,High
14,Male,Guardian,-0.3,29,1,4,smartphone,"Lately I have noticed that the child has become sometimes secretive, using devices about 4 hours per day. it has become a concern. which is impacting behavior and routine.",0.033333333,Medium
14,Female,Guardian,-0.123333333,31,0,4,smartphone,"My daughter uses social media for about 4 hours per day, especially at night. She stays up later than usual and feels tired in the mornings. We feel this needs monitoring.",0,Medium
16,Male,Mother,-0.4,30,4,5,smartphone,I am worried that he got into arguments and panic attacks when we tried to limit phone time; online use close to 5 hours per day. and it seems unhealthy.,0.129032258,Medium
12,Female,Father,-0.288888889,34,1,4,laptop,Lately I have noticed that posts and takes part in dangerous online challenges and then got reprimanded at school; they use social media about 4 hours per day. which is impacting behavior and routine.,0.028571429,Medium
13,Male,Mother,0.033333333,41,0,2,tablet,"I noticed that at the end of the day, my son chats and scrolls on social media for around 2 hours per day.he doesn't neglect her responsibilities and listens to reminders. I just wanted to make a note of his usage.",0,Low
18,Male,Guardian,0.033333333,38,1,2,laptop,"My child spends about 2 hours per dayon social media each evening as part of her free-time routine. he balances it with hobbies and family interaction. I don't consider it problematic, but I thought I should report it.",0.025641026,Low
11,Male,Guardian,-0.3,40,4,4,smartphone,"As a parent, I have observed that he got into arguments and panic attacks when we tried to limit phone time; online use close to 4 hours per day. this behavior started a few months ago. and it seems unhealthy.",0.097560976,Medium
16,Male,Mother,-0.088888889,21,0,2,smartphone,Lately I have noticed that checks social media during short breaks but focuses on studies i'd estimate 2 hours per day.,0,Low
15,Male,Mother,-0.2125,42,1,9,smartphone,Past few months I noticed my child pretend not to be online but we found them streaming at night. and it seems unhealthy.; overall 9 hours per day. i am worried about the long-term effects. and this worries me as a parent.,0.023255814,High
15,Female,Father,-0.006666667,25,0,5,smartphone,"Over the past few months, watches short videos before bed but wakes up fine; daily use 5 hours per day.which is impacting behavior and routine.",0,Medium
15,Female,Father,0.166666667,34,0,2,laptop,"My daughter spends about 2 hours per day online, mainly communicating with friends. She participates in family activities and completes schoolwork on time. I'm not worried, but wanted to mention it for record purposes.",0,Low
12,Male,Mother,0.033333333,24,0,2,smartphone,"As a parent, I have observed that uses social media to coordinate group study sessions and is polite online; estimated 2 hours per day. ",0,Low
18,Male,Father,-0.166666667,41,3,8,smartphone,My son is spending nearly 8 hours per day on social media and becomes angry when asked to stop. He skips homework and stays up late on his phone. This has started to affect his school performance and behavior at home.,0.071428571,High
18,Female,Guardian,-0.088888889,35,1,6,laptop,"I am concerned because she cries non-stop if wi-fi is cut; used to be social, now online roughly 6 hours per day. this behavior started a few months ago. and I feel intervention is needed.",0.027777778,High
12,Female,Mother,0.033333333,42,0,2,smartphone,"I noticed that at the end of the day, my daughter chats and scrolls on social media for around 2 hours per day. She doesn't neglect her responsibilities and listens to reminders. I just wanted to make a note of her usage.",0,Low
16,Female,Guardian,-0.022222222,33,2,8,tablet,I am concerned because rarely eats or sleeps because of continuous social apps and gaming; i think it's about 8 hours per day. the child hides their screen time. and it seems unhealthy.,0.058823529,High
17,Male,Guardian,-0.65,32,3,4,tablet,I am worried that he becomes very angry and cries for hours when we take the phone away; he's spending 4 hours per day on apps. and I feel intervention is needed.,0.090909091,Medium
11,Female,Mother,0.083333333,34,0,2,smartphone,"Most days, my daughter is on social media for roughly 2 hours per day. She listens when we ask her to take breaks. While there's no real concern, I wanted to record this behavior.",0,Low
15,Female,Guardian,-0.033333333,36,2,5,smartphone,"As a parent, I have observed that plays online with friends but stops for chores and family time; usually 5 hours per day. recently their teacher informed me about this. which is becoming a serious concern.",0.054054054,Medium
13,Female,Guardian,-0.022222222,29,0,4,smartphone,I am worried that they cancel family activities to be online and avoid offline friends; daily social media time roughly 4 hours per day. it has become a concern.,0,Medium
14,Male,Father,-0.106060606,29,1,9,laptop,I am worried that uses tablet for live gaming with social media browsing; roughly 9 hours per day. this behavior started a few months ago. and it seems unhealthy.,0.033333333,High
13,Female,Guardian,-0.123333333,31,0,4,smartphone,"My daughter uses social media for about 4 hours per day, especially at night. She stays up later than usual and feels tired in the mornings. We feel this needs monitoring.",0,Medium
16,Female,Guardian,-1,36,6,9,tablet,Lately I have noticed that streams frequently yet keeps good attendance; typically around 9 hours per dayof use. this behavior started a few months ago. Situation is escalating with daily conflicts and emotional distress. ,0.166666667,High
16,Male,Father,0.044444444,27,0,7,tablet,"It has become clear that follows hobby pages and maintains a balanced routine, using social media 7 hours per dayeach day. and it is affecting daily life.",0,High
14,Female,Father,0.044444444,33,1,8,smartphone,"As a parent, I have observed that my 14-year-old daughter refuses to leave her room and has lost weight, spending nearly 8 hours per dayon social platforms. and it is affecting daily life.",0.029411765,High
15,Male,Father,0.1,38,0,1,smartphone,"My 15 years old son uses social media for around 1 hours per day, mainly in the evening. He completes his homework and chores before using his phone. We haven't noticed any changes in his behavior or routine.",0,Low
17,Male,Guardian,0.177777778,25,1,2,laptop,"My son spends about 2 hours per day on social media, mostly watching learning-related content. He still prefers playing outside and spending time with family.",0.038461538,Low
12,Male,Guardian,-0.133333333,22,0,1,smartphone,Lately I have noticed that uses social media to coordinate group study sessions and is polite online; estimated 1 hours per day.,0,Low
15,Male,Guardian,-0.133333333,32,1,6,smartphone,Lately I have noticed that using social apps to meet strangers and lying about their age  behavior started after being online for 6 hours per day/day. which is impacting behavior and routine.,0.03030303,High
11,Female,Mother,0.375,42,0,6,smartphone,"As a parent, I have observed that as a parent, i have observed my 11-year-old daughter online until 3 or 4 am; their grades dropped significantly. we have tried setting limits but it doesn't help. and this worries me as a parent.",0,High
11,Female,Father,1,47,1,2,laptop,"As a parent, I have observed that plays online with friends but stops for chores and family time; usually 2 hours per day. this behavior started a few months ago. and this worries me as a parent. Child is now responding well to screen-time limits.",0.021276596,Low
15,Male,Father,0.033333333,38,0,1,tablet,My son uses social media for about 1 hours per day to stay in touch with his classmates. He follows the screen time rules we have set at home. There have been no concerns from school or family.,0,Low
15,Female,Father,-1,54,9,12,laptop,"Over the past few months, she lies about her screen time and sneaks out to use social apps every evening; i'd estimate 12 hours per day. the child hides their screen time. more frequently than before and this worries me as a parent. Situation is escalating with isolation from family and responsibilities.",0.166666667,High
12,Male,Mother,0.033333333,23,1,2,smartphone,I am concerned because my counselor reports that their 12-year-old daughter spends about 2 hours per day on social media but doing homework. ,0.041666667,Low
10,Male,Guardian,0.01,30,1,5,smartphone,I am concerned because they cancel family activities to be online and avoid offline friends; daily social media time roughly  5 hours per day. which is becoming a serious concern.,0.032258065,Medium
13,Male,Father,0.066666667,33,0,2,smartphone,"My son spends roughly 2 hours per day on social media during his free time. He does not get upset when the phone is taken away. Overall, his daily activities are well balanced.",0,Low
10,Male,Father,0.058333333,32,4,6,smartphone,I am concerned because he got into arguments and panic attacks when we tried to limit phone time; online use close to 6 hours per day. which is becoming a serious concern.,0.121212121,High
16,Female,Mother,-0.010416667,30,0,2,laptop,My daughter uses social media for roughly 2 hours per day. She balances her phone time with reading and other activities. There have been no negative changes in her behavior.,0,Low
10,Male,Guardian,0.033333333,20,0,2,smartphone,It has become clear that checks social media during short breaks but focuses on studies; overall 2 hours per day.,0,Low
17,Male,Guardian,-0.15,21,0,4,smartphone,"I am concerned because stays up late night and watch videos on facebook ,daily screen time around 4 hours per day. ",0,Medium
17,Male,Father,0.025,30,0,9,laptop,"Lately I have noticed that as a parent, i have observed my 17-year-old daughter online until 3 or 4 am; their grades dropped significantly. and it is affecting daily life.",0,High
15,Male,Guardian,0,27,0,4,smartphone,My son spends about 4 hours per day interacting with friends online. He still attends school regularly but seems distracted. Teachers have mentioned reduced focus in class.,0,Medium
11,Male,Guardian,0.133333333,30,1,7,tablet,My son spends nearly 7 hours per day interacting with people online rather than real friends. He becomes aggressive when limits are enforced. We believe professional help may be needed.,0.032258065,High
14,Female,Mother,0.166666667,25,0,2,tablet,"As a parent, I have observed that uses social apps to chat with classmates, but rarely misses sleep. i'd say around 2 hours per day. ",0,Low
10,Female,Guardian,0.266666667,33,0,2,smartphone,"My daughter uses social media for around 2 hours per day, mostly in the evening. She listens when reminded to stop and follows our rules. Her routine and sleep are still well managed.",0,Low
11,Male,Mother,-0.17,31,0,2,smartphone,Lately I have noticed that open about screen time and follows rules set by parents; daily average approximately 2 hours per day.We haven't noticed any changes in his behavior or routine.,0,Low
16,Female,Father,0.066666667,32,2,9,smartphone,It has become clear that my teacher reports that their 16-year-old son spends about 9 hours per day on social media and has stopped doing homework. and I feel intervention is needed.,0.060606061,High
18,Female,Mother,-0.079166667,39,0,4,laptop,"As a parent, I have observed that chats with relatives and uses social media at every evening; average daily use around 4 hours per day. this behavior started a few months ago. and this worries me as a parent.",0,Medium
15,Female,Guardian,-0.083333333,34,0,6,smartphone,"Over the past few months, complains of boredom and uses social media to pass time; only around 6 hours per day. recently their teacher informed me about this. which is impacting behavior and routine.",0,High
12,Male,Guardian,-1,46,5,8,tablet,"As a parent, I have observed that the child has become secretive, has new friends only online, and avoids family time .also using devices about 8 hours per day. which is impacting behavior and routine. Situation is escalating with severe anxiety and withdrawal symptoms.",0.108695652,High
16,Female,Guardian,-0.103333333,19,0,4,tablet,"Over the past few months, uses tablet for learning and occasional social media browsing; roughly 4 hours per day. ",0,Medium
14,Female,Father,0.05,37,4,5,smartphone,I am concerned because she lies about her screen time and sneaks out to use social apps every evening; i'd estimate 5 hours per day. the child hides their screen time. which is becoming a serious concern.,0.105263158,Medium
17,Female,Mother,0.033333333,36,1,9,smartphone,"As a parent, I have observed that my 17-year-old uses social media about  9 hours per day(s) after school ,somet days missed the schools.recently their teacher informed me about this. and I feel intervention is needed.",0.027027027,High
17,Male,Guardian,0.1125,37,1,9,laptop,"As a parent, I have observed that rarely eats or sleeps because of continuous social apps and gaming; i think it's about 9 hours per day. it has become a concern. which is becoming a serious concern.",0.026315789,High
12,Male,Father,-0.143333333,35,2,9,smartphone,"Over the past few months, we as a family noticed that my 12-year-old son refuses to leave her room and has lost weight, spending nearly 9 hours per dayon social platforms. and it seems unhealthy.",0.055555556,High
11,Male,Father,0.023232323,25,1,3,smartphone,My son spends roughly 3 hours per day scrolling through social media. He becomes irritated when reminded to stop. This behavior is new and concerning.,0.038461538,Medium
14,Male,Mother,0.170833333,31,1,2,smartphone,"My son spends about 2 hours per day on social media, mostly watching learning-related content. He still prefers playing outside and spending time with family. His sleep schedule has remained normal.",0.03125,Low
15,Female,Guardian,-0.066666667,37,1,9,laptop,My daughter uses social media for about 9 hours per day and has started neglecting personal hygiene and meals. She stays awake late into the night scrolling through apps. This behavior is deeply concerning for our family,0.026315789,High
18,Male,Mother,0.2,37,1,9,tablet,My son spends around 9 hours per day online and has stopped participating in outdoor activities he once enjoyed. He shows irritation and mood swings when his phone is taken away. His daily routine feels completely disrupted.,0.026315789,High
13,Female,Guardian,-0.123333333,31,0,4,laptop,"My daughter uses social media for about 4 hours per day, especially at night. She stays up later than usual and feels tired in the mornings. We feel this needs monitoring.",0,Medium
16,Male,Mother,0.133333333,30,1,7,smartphone,My son spends nearly 7 hours per day interacting with people online rather than real friends. He becomes aggressive when limits are enforced. We believe professional help may be needed.,0.032258065,High
15,Female,Guardian,0,28,2,9,smartphone,I am worried that stays up all night messaging strangers and is depressed; daily screen time around 7-9 hours per day. and this worries me as a parent.,0.068965517,High
11,Male,Mother,0.177777778,20,0,2,smartphone,My son uses social media for 2 hours per day. He participates in family activities regularly. His routine remains healthy.,0,Low
12,Male,Father,0.038888889,33,1,10,smartphone,"I have observed that as a teacher, my 12-year-old son online until 3 or 4 am; their grades dropped significantly. recently their teacher informed me about this. which is becoming a serious concern.",0.029411765,Medium
16,Female,Father,-0.158333333,33,3,6,laptop,I am worried that he becomes very angry and cries for hours when we take the phone away; he's spending roughly 6 hours per day on apps. which is becoming a serious concern.,0.088235294,High
14,Female,Father,0.066666667,33,1,5,smartphone,It has become clear that we as a family noticed that my parent reports that their 14-year-old son spends about 5 hours per day on social media and somedays has stopped doing homework. ,0.029411765,Medium
16,Female,Guardian,0,27,0,3,smartphone,"As a parent, I have observed that posts occasionally and keeps healthy offline relationships; daily use close to 3 hours per day.sometimes she failed to manage studies",0,Medium
13,Female,Father,0.066666667,22,0,1,laptop,It has become clear that uses social media to coordinate group study sessions and is polite online; estimated 1 hours per day.,0,Low
13,Male,Guardian,0.016666667,36,2,5,smartphone,"As a parent, I have observed that she lies about her screen time and sneaks out to use social apps every evening; i'd estimate 5 hours per day  and it seems affecting to the daily routing.",0.054054054,Medium
12,Female,Father,0.225,22,0,2,tablet,I am concerned because my 12-year-old uses social media about 2 hours per day(s) after school and seems to manage studies fine.,0,Low
10,Female,Mother,-0.133333333,22,0,1,smartphone,"Lately I have noticed that follows hobby pages and maintains a balanced routine, using social media about 1 hours per dayeach day. ",0,Low
10,Female,Father,-0.061111111,37,4,7,smartphone,"Lately I have noticed that we as a family noticed that my child hides their phone, deletes messages, and withdraws; screen time seems to be around 7 hours per dayevery day. which is becoming a serious concern.",0.105263158,High
16,Male,Father,0.033333333,22,0,2,smartphone,My son uses social media for 2 hours per day to watch learning content. His studies and sleep schedule are not affected.,0,Low
12,Female,Guardian,-0.3,31,0,4,smartphone,Lately I have noticed that takes the phone to school and uses it in classes; i estimate 4 hours per day including school hours. and this worries me as a parent.,0,Medium
13,Male,Guardian,-0.091666667,25,0,4,laptop,Lately I have noticed that they cancel family activities to be online and avoid offline friends; daily social media time roughly 4 hours per day.,0,Medium
15,Male,Mother,0.266666667,23,0,2,smartphone,"My son uses social media for 2 hours per day, mostly to chat with classmates. He completes homework and family activities without issues.",0,Low
12,Male,Mother,-0.073333333,29,0,4,smartphone,"It has become clear that active in sports and uses social media minimally, typically about 4 hours per day. this behavior started a few months ago.somtimes he missed studies.",0,Medium
13,Female,Mother,0.1,25,0,5,laptop,"My daughter uses social media for 5 hours per day, mainly for entertainment. Homework is sometimes delayed, and sleep can be affected on busy days.",0,Medium
10,Male,Mother,0.066666667,33,0,2,smartphone,"My son spends roughly 2 hours per day on social media during his free time. He does not get upset when the phone is taken away. Overall, his daily activities are well balanced.",0,Low
14,Male,Guardian,-0.29,39,3,9,tablet,Lately I have noticed that he becomes very angry and cries for hours when we take the phone away; he's spending roughly 9 hours per day on apps. recently their teacher informed me about this. and it seems unhealthy.,0.075,High
10,Male,Father,0.25,19,0,1,tablet,My son spends 1 hours per day browsing educational content. He participates in family activities and follows parental rules.,0,Low
17,Female,Father,0.002083333,27,1,7,smartphone,"My daughter uses social media for 7 hours per day. She shows mood swings, irritability, and decreased interest in hobbies. This is affecting her daily life significantly.",0.035714286,High
10,Male,Father,-0.09,30,0,1,smartphone,It has become clear that open about screen time and follows rules set by parents; daily average approximately 1 hours per day. balances screen time with homework and outdoor activity.,0,Low
17,Male,Father,0.058333333,39,2,9,smartphone,It has become clear that my 17-year-old skips school or is frequently absent because of meeting people from social media. usage around 9 hours per day. recently their teacher informed me about this. which is impacting behavior and routine.,0.05,High
15,Female,Guardian,1,39,2,2,laptop,I am concerned because started spending money on in-app purchases and ignoring household limits approximately 2 hours per dayof daily use. and I feel intervention is needed. Child is now using social media in a controlled way.,0.051282051,Low
11,Male,Mother,0.344444444,26,0,3,smartphone,"My son uses social media for 3 hours per day, mostly for chatting with friends. He sometimes resists logging off, but routine activities are mostly maintained",0,Medium
10,Female,Father,-1,42,9,12,tablet,"I am worried that my 10-year-old daughter refuses to leave her room and has lost weight, spending nearly 12 hours per dayon social platforms. this behavior started a few months ago. Situation is escalating with isolation from family and responsibilities. ",0.214285714,High
16,Male,Guardian,-1,40,8,11,tablet,I am concerned because my teacher reports that their 16-year-old son spends about 11 hours per day on social media and has stopped doing homework past few days. Situation is escalating with compulsive checking and loss of control. ,0.2,High
11,Female,Guardian,-0.077777778,28,1,7,smartphone,"The child spends 7 hours per day on social media, often staying up late. Schoolwork is neglected, and he avoids social interaction with family. This pattern is concerning.",0.034482759,High
10,Female,Father,-0.2,31,2,10,smartphone,Lately I have noticed that shows withdrawal and aggression when challenged about screen time; spends roughly 10 hours per dayonline. recently their teacher informed me about this. and it seems unhealthy.,0.0625,Medium
17,Male,Guardian,0.225,21,0,1,laptop,I am worried that my 17-year-old uses social media about  1 hours per dayafter school and seems to manage studies fine. ,0,Low
15,Male,Guardian,0.016666667,29,0,10,smartphone,"The child under my care uses social media for 10 hours per dayeach day. Homework is often incomplete, and outdoor activities are neglected. Behavior and emotional stability are affected",0,Medium
13,Male,Father,0.113333333,26,0,2,smartphone,"The child uses social media for 2 hours per day, mainly for creative inspiration.He takes regular breaks and is active outdoors. His studies remain on track.",0,Low
13,Female,Father,0.25,28,0,1,smartphone,My daughter spends 1 hours per day on learning channels and chatting with close friends. She willingly switches off the phone when reminded. Academics and routine remain consistent.,0,Low
18,Female,Father,0.083333333,35,1,8,laptop,Lately I have noticed that takes the phone to school and uses it in classes;missed studies. i estimate 8 hours per day including school hours. more frequently than before which is becoming a serious concern.,0.027777778,High
16,Male,Father,-0.143333333,25,0,3,tablet,"Over the past few months, active in sports and uses social media minimally, typically about 3 hours per day. which is impacting behavior and routine.",0,Medium
14,Male,Father,0.066666667,25,0,4,laptop,"My son uses social media for 4 hours per dayeach day. He sometimes shows mild distraction during studies,. Sleep schedule is slightly inconsistent at times",0,Medium
10,Male,Guardian,0.038888889,42,3,8,smartphone,"It has become clear that we, as a family, have noticed that my 10-year-old skips school or is frequently absent to meet people from social media. Daily usage is around 8 hours per day,I feel intervention is necessary to prevent further issues.",0.069767442,High
15,Male,Father,0.2875,27,0,1,smartphone,My son spends 1 hours per day watching creative videos. He completes homework first and switches off the device willingly. His school and sleep schedules are normal,0,Low
18,Male,Mother,0.208333333,30,0,2,smartphone,"My son uses social media for 2 hours per dayeach day, mostly educational videos and light entertainment. He follows screen-time rules and completes all homework. Sleep and routine are normal",0,Low
16,Female,Mother,0,24,0,1,smartphone,My daughter spends 1 hours per day chatting with friends and exploring learning pages. She follows parental limits. Routine and sleep are well maintained,0,Low
17,Female,Guardian,0.113333333,27,0,2,laptop,"The child uses social media for 2 hours per day, mainly for creative inspiration. He takes regular breaks and is active outdoors. His studies remain on track",0,Low
14,Male,Mother,0.033333333,21,0,2,smartphone,"I am worried that follows hobby pages and maintains a balanced routine, using social media about 2 hours per dayeach day. ",0,Low
12,Female,Father,0,36,0,4,smartphone,"Over the past few months, my 12-year-old uses social media about 4 hours per day(s) after school and seems to manage studies fine. they pretend not to be online but we found them streaming at night. ",0,Medium
15,Female,Mother,-0.025,31,1,4,laptop,"I am worried that active in sports and uses social media minimally, typically about 4 hours per day. recently their teacher informed me about this. which is becoming a serious concern.",0.03125,Medium
13,Male,Guardian,0.066666667,33,1,10,smartphone,"As a parent, I have observed that my 13-year-old son refuses to leave his room and has lost weight, spending nearly 10 hours per dayon social platforms. which is impacting behavior and routine.",0.029411765,Medium
18,Male,Mother,-1,41,5,8,tablet,"My son uses social media for 8 hours per day, mainly for entertainment. Homework is sometimes delayed, and sleep can be affected on busy days. Overall, the impact is moderate. Situation is escalating with severe anxiety and withdrawal symptoms. ",0.12195122,High
18,Female,Father,-1,42,5,8,tablet,"My daughter's daily social media usage is about 8  hours per day. She occasionally gets distracted during homework but still finishes her tasks. Sleep is sometimes delayed, but academics remain acceptable. Situation is escalating with severe anxiety and withdrawal symptoms.",0.119047619,High
17,Female,Mother,-0.055555556,36,0,8,smartphone,"y daughter uses social media for 8 hours per day, mostly late at night. She struggles to wake up for school and shows fatigue and distraction during the day. Her sleep and studies are clearly affected",0,High
17,Male,Mother,-0.133333333,26,0,1,smartphone,My son spends 1 hours per day on social media to communicate with friends. He follows the screen-time rules without complaint and finishes homework on time.,0,Low
13,Male,Guardian,-0.022222222,29,0,5,smartphone,"As a parent, I have observed that they cancel family activities to be online; daily social media time roughly 5 hours per day.and this worries me as a parent.",0,Medium
16,Female,Father,-0.15,32,0,5,laptop,"Over the past few months, my child watch videos on facebook; i think it's about 5 hours per day. i am worried about the long-term effects. and it is affecting daily life.",0,Medium
18,Female,Guardian,-0.05,23,0,5,smartphone,I am concerned because my child  spends roughly 5 hours per dayonline. and it is affecting daily life.as guardian im worried about it.,0,Medium
18,Male,Mother,-0.0875,44,0,9,tablet,"As a parent, I have observed that frequently stays up late without recovering in the next day; average use about 9 hours per day. they pretend not to be online but we found them streaming at night. and this worries me as a parent.",0,High
15,Female,Mother,-0.255555556,29,0,9,tablet,"I am concerned because streams frequently , keeps bad attendance; typically around 9 hours per dayof use. it has become a concern. and this worries me as a parent.",0,High
17,Female,Mother,-0.123333333,31,0,4,smartphone,"My daughter uses social media for about 4 hours per day, especially at night. She stays up later than usual and feels tired in the mornings. We feel this needs monitoring.",0,Medium
16,Male,Mother,0.25,27,0,1,smartphone,The child spends around 1 hours per day browsing creative content. Usage is supervised and he stops when reminded. His academics and daily routine are not affected,0,Low
15,Male,Mother,0.375,23,0,5,laptop,"I am concerned because as a parent, i have observed my 15-year-old daughter online until 3 or 4 am; their grades dropped significantly. ",0,Medium
13,Female,Guardian,-0.208333333,26,2,4,smartphone,"Over the past few months, ignoring household limits  approximately 4 hours per dayof daily use. recently their teacher informed me about this. and it seems unhealthy.",0.074074074,Medium
13,Male,Guardian,0.033333333,21,0,5,smartphone,"I am worried that using social apps to meet strangers ,  behavior started after being online for 5 hours per day/day.",0,Medium
11,Male,Guardian,0.038888889,33,4,8,smartphone,I am concerned because stays up all night messaging strangers and is depressed; daily screen time around 8 hours per day. the child hides their screen time. which is becoming a serious concern.,0.117647059,High
12,Female,Father,-0.076666667,59,1,2,laptop,Lately I have noticed that chats with relatives and uses social media responsibly; . My daughter spends about 2 hours per dayon social media each evening as part of her free-time routine. She balances it with hobbies and family interaction.,0.016666667,Low
13,Male,Father,0.033333333,31,1,4,tablet,I am worried that using social apps to meet strangers and lying about their age behavior started after being online for 4 hours per day/day. which is impacting behavior and routine.,0.03125,Medium
14,Male,Father,0.016666667,30,0,7,laptop,"As a parent, I have observed that she cries non-stop if wi-fi is cut; used to be social, now online 7 hours per day. and it is affecting daily life.",0,High
15,Female,Father,0.105555556,39,0,1,smartphone,"During her free time after school, my daughter is online for about 1 hours per day. She completes her chores first and stops when reminded. I don't see this as a serious problem, but I wanted to document it.",0,Low
10,Female,Guardian,0.066666667,30,2,7,smartphone,"I am worried that my 10-year-old daughter refuses to leave her room and has lost weight, spending nearly 7 hours per dayon social platforms. and I feel intervention is needed.",0.064516129,High
12,Male,Father,-0.038888889,20,0,1,smartphone,I am worried that chats with relatives and uses social media responsibly; average daily use around 1 hours per day.,0,Low
11,Female,Guardian,0.120833333,35,0,2,smartphone,"My daughter spends about 2 hours per day on social media, mostly chatting with classmates after finishing homework. She logs off when asked and still completes her daily tasks. Her routine and studies are unaffected",0,Low
12,Female,Guardian,-0.088888889,27,0,4,laptop,Lately I have noticed that complains of boredom and uses social media to pass time; only around 4 hours per day. which is impacting behavior and routine.,0,Medium
13,Female,Guardian,-0.016666667,23,1,1,smartphone,"My daughter spends 1 hours per day on social media, mainly to communicate with friends. No signs of excessive use or distraction noticed",0.041666667,Low
17,Female,Guardian,-0.066666667,37,2,7,smartphone,It has become clear that my teacher reports that their 17-year-old son spends about 7 hours per day on social media and has stopped doing homework. recently their teacher informed me about this. and it seems unhealthy.,0.052631579,High
16,Female,Mother,-0.216666667,31,1,3,laptop,I am concerned because he plays on the weekend and finishes homework during weekdays; screen time roughly 3 hours per dayon average. it has become a concern. and it seems unhealthy.,0.03125,Medium
16,Male,Guardian,0.1375,36,0,4,smartphone,It has become clear that my 16-year-old uses social media about 4 hours per day(s) after school and seems to manage studies fine. recently their teacher informed me about this. which is impacting behavior and routine.,0,Medium
18,Female,Mother,-0.102380952,30,0,4,tablet,"Over the past few months, active in sports and uses social media minimally, typically 4 hours per day. recently their teacher informed me this. and it is affecting daily life.",0,Medium
16,Male,Father,0,19,0,7,tablet,"My son spends 7 hours per day online. Academic performance is affected, and he shows signs of emotional stress",0,High
17,Male,Father,-1,40,7,10,smartphone,"I am concerned because fplay games and watching videos but not  maintains a balanced routine, using social media about 10 hours per dayeach day. and I feel intervention is needed. Situation is escalating with sleep disruption and academic decline.",0.175,High
14,Female,Mother,-0.183333333,23,0,2,smartphone,I am worried that open screen time and follows rules set by parents; manage studies as well.daily average approximately 2 hours per day. ,0,Low
14,Male,Father,-0.078409091,39,5,9,smartphone,"Over the past few months, the child has become secretive, has new friends only online, and avoids family time  using devices about 9 hours per day. the child hides their screen time. and this worries me as a parent.",0.125,High
17,Male,Mother,0.016666667,18,0,2,laptop,"Over the past few months, streams occasionally yet keeps good attendance; typically around 2 hours per dayof use. ",0,Low
14,Female,Mother,-0.108333333,28,1,3,smartphone,"Lately I have noticed that as a parent, i have observed my 14-year-old daughter online until 3 or 4 am; their grades dropped significantly. and it seems unhealthy.",0.034482759,Medium
10,Female,Father,0.04,30,2,5,tablet,It has become clear that posts occasionally and keeps healthy offline relationships; daily use close to 5 hours per day. the child hides their screen time. and it seems unhealthy.,0.064516129,Medium
14,Female,Mother,0.033333333,21,0,1,tablet,"I am worried that follows hobby pages and maintains a balanced routine, using social media about 1 hours per dayeach day. ",0,Low
16,Male,Mother,-0.1625,24,0,1,smartphone,"Over the past few months, she watches a few videos for entertainment but stops when we ask; daily use about 1 hours per day. ",0,Low
16,Female,Mother,-0.088888889,39,3,7,smartphone,It has become clear that she lies about her screen time and sneaks out to use social apps every evening; i'd estimate 7 hours per day. we have tried setting limits but it doesn't help. and it seems unhealthy.,0.075,High
12,Female,Father,0,26,0,7,laptop,I am concerned because borrowed money for subscriptions and cannot stop usage continues for about 7 hours per dayevery day. which is impacting behavior and routine.,0,High
18,Female,Guardian,-0.25,19,1,4,smartphone,I am concerned because she watching videos on facebook. spends roughly 4 hours per dayonline. and it seems unhealthy.,0.05,Medium
10,Female,Guardian,0.07,32,3,6,smartphone,It has become clear that my 10-year-old skips school or is frequently absent because of meeting people from social media. usage around 6 hours per day. which is becoming a serious concern.,0.090909091,High
17,Female,Mother,-0.133333333,46,2,5,smartphone,Lately I have noticed that she lies about her screen time and sneaks out to use social apps every evening; i'd estimate 5 hours per day. they pretend not to be online but we found them streaming at night. and this worries me as a parent.,0.042553191,Medium
17,Female,Father,-0.0125,32,2,9,laptop,"I am concerned because as a counselor, i have observed my 17-year-old daughter online until 3 or 4 am; their grades dropped significantly. it has become a concern. and it seems unhealthy.",0.060606061,High
14,Female,Father,0.266666667,22,0,2,tablet,"she under my care uses social media for 2 hours per day, mostly for learning purposes. Routine and studies are not affected",0,Low
18,Male,Father,0.1,22,0,1,laptop,"The child spends about 1 hours per day on social platforms, mainly for leisure after completing schoolwork. Usage is balanced and controlled",0,Low
17,Male,Father,-0.228571429,33,1,6,smartphone,"Over the past few months, hide screen time and doesn't follows rules set by parents; daily average approximately 6 hours per day. this behavior started a few months ago. and it seems unhealthy.",0.029411765,High
11,Female,Guardian,0.066666667,40,1,9,smartphone,"As a parent, I have observed that my 11-year-old daughter refuses to leave her room and has lost weight, spending nearly 9 hours per dayon social platforms. i am worried about the long-term effects. which is impacting behavior and routine.",0.024390244,High
10,Female,Father,-0.09,29,0,5,smartphone,It has become clear that open about screen time and follows rules set by parents; daily average approximately 5 hours per day. and this worries me as a parent.,0,Medium
15,Female,Mother,-0.088888889,30,2,6,smartphone,It has become clear that my parent reports that their 15-year-old daughter spends about 6 hours per day on social media and has stopped doing homework. and it seems unhealthy.,0.064516129,High
13,Male,Father,-0.055555556,32,3,4,laptop,Lately I have noticed that my 13-year-old skips school or is frequently absent because of meeting people from social media. usage around 4 hours per day. and I feel intervention is needed.,0.090909091,Medium
15,Male,Father,-0.138888889,22,0,2,smartphone,"Over the past few months, follows hobby pages and maintains a balanced routine, using social media about 2 hours per dayeach day. ",0,Low
12,Male,Mother,0.033333333,24,0,1,smartphone,"My son uses social media for roughly 1 hours per day, mainly to stay in touch with friends. There are no behavioral changes observed",0,Low
14,Female,Guardian,-0.25,46,2,6,laptop,I am worried that he becomes very angry and cries for hours when we take the phone away; he's spending roughly 6 hours per day on apps. they pretend not to be online but we found them streaming at night. and it is affecting daily life.,0.042553191,High
14,Female,Guardian,0.008333333,41,0,7,smartphone,It has become clear that they cancel family activities to be online and avoid offline friends; daily social media time roughly 7 hours per day. we have tried setting limits but it doesn't help. and this worries me as a parent.,0,High
16,Male,Guardian,0,32,3,6,tablet,I am concerned because stays up all night messaging strangers and is depressed; daily screen time around 6 hours per day. it has become a concern. and I feel intervention is needed.,0.090909091,High
14,Female,Mother,0.015476191,19,0,2,smartphone,"The child spends approximately 2 hours per dayon social media, mostly on creative activities. Usage is supervised and limited",0,Low
14,Female,Guardian,-0.138888889,25,1,2,smartphone,"Over the past few months, my counselor reports that their 14-year-old daughter spends about 2 hours per day on social media and do school homework. ",0.038461538,Low
16,Female,Guardian,0.266666667,25,0,1,smartphone,"My daughter uses social media for about 1 hours per day, mostly to chat with school friends after finishing homework. She logs off when asked",0,Low
17,Female,Guardian,0.166666667,34,2,2,smartphone,"I am concerned because uses social apps to chat with classmates, but rarely misses sleep. i'd say around 2 hours per day. the child hides their screen time. and I feel intervention is needed.",0.057142857,Low
13,Male,Mother,1,32,0,1,laptop,"My son spends nearly 1 hours per day, mostly interacting with friends. Occasional late-night usage affects his morning energy slightly. Child is now using social media in a controlled way.",0,Low
17,Male,Guardian,-0.18,26,1,5,smartphone,"Over the past few months, sometimes stays up late but recovers the next day; average use 5 hours per day. and I feel intervention is needed.",0.037037037,Medium
13,Male,Mother,0.116666667,24,0,2,smartphone,"My son uses social media for around 2 hours per day, mainly for school projects and communication with classmates. No negative impact on behavior",0,Low
17,Male,Father,-1,30,7,10,laptop,"The child uses social media for approximately 10  hours per day, sometimes neglecting small chores but still follows routine. Situation is escalating with sleep disruption and academic decline. ",0.233333333,High
10,Female,Father,0.0375,24,0,4,smartphone,"Lately I have noticed that as a parent, i have observed my 10-year-old son online until 3 or 4 am; their grades dropped significantly. ",0,Medium
12,Male,Guardian,0.033333333,21,0,2,tablet,"I am worried that follows hobby pages and maintains a balanced routine, using social media about 2 hours per dayeach day.",0,Low
10,Male,Father,0.044444444,33,1,4,tablet,"I am worried that we as a family noticed that my 10-year-old son refuses to leave his room , spending nearly  4 hours per dayon social platforms. and it is affecting daily life.",0.029411765,Medium
15,Male,Mother,0.011111111,21,0,4,smartphone,My son spends about 4 hours per day on social media. He occasionally gets distracted from studies but overall maintains responsibility,0,Medium
14,Female,Guardian,0.1,21,0,4,smartphone,"My daughter uses social media for 4 hours per day, mainly entertainment. Homework is sometimes delayed, but she completes it eventually",0,Medium
17,Female,Mother,-0.166666667,29,0,1,smartphone,"Over the past few months, open about screen time and follows rules set by parents; daily average approximately 1 hours per day. and this worries me as a parent.",0,Low
12,Male,Guardian,-0.183333333,29,3,6,laptop,I am worried that my counselor reports that their 12-year-old son spends about 6 hours per day on social media and has stopped doing homework. and it seems unhealthy.,0.1,High
16,Female,Father,0.066666667,35,2,5,smartphone,"As a parent, I have observed that my 16-year-old skips school or is frequently absent because of meeting people from social media. usage around 5 hours per day. r which is impacting behavior and routine.",0.055555556,Medium
12,Female,Mother,0.229166667,21,0,2,tablet,I am worried that posts occasionally and keeps healthy offline relationships; daily use close to 2 hours per day.manage studies fine,0,Low
18,Male,Guardian,0.266666667,23,0,2,tablet,"The child under my care uses social media for 2 hours per day, mostly for learning purposes. Routine and studies are not affected.",0,Low
16,Male,Father,0.011111111,26,1,4,smartphone,I am concerned because checks social media during short breaks but focuses on studies; overall 4 hours per day. the child hides their screen time. A,0.037037037,Medium
17,Male,Father,0.016666667,37,1,9,smartphone,I am worried that my teacher reports that their 17-year-old son spends 9 hours per day on social media and has stopped doing homework. recently their teacher informed me this. and this worries me as a parent.,0.026315789,High
11,Female,Father,0,30,0,8,laptop,I am concerned because takes the phone to school and uses it in classes; i estimate 8 hours per day including school hours. and this worries me as a parent.,0,High
17,Female,Father,-0.316666667,39,2,5,smartphone,Lately I have noticed that posts and takes part in dangerous online challenges and then got reprimanded at school; they use social media about 5 hours per day. i am worried about the long-term effects. and it seems unhealthy.,0.05,Medium
10,Female,Father,0.044444444,21,0,5,smartphone,It has become clear that checks social media during  weekdays; overall 5 hours per day. which is impacting behavior and routine.,0,Medium
15,Female,Guardian,-0.2,29,1,4,smartphone,"I am worried that the child has become secretive,  using devices about 4 hours per day. this behavior started a few months ago. which is impacting behavior and routine.",0.033333333,Medium
10,Female,Guardian,-0.283333333,47,1,8,laptop,I am concerned because posts and takes part in dangerous online challenges and then got reprimanded at school; they use social media about 8 hours per day. they pretend not to be online but we found them streaming at night. and this worries me as a parent.,0.020833333,High
17,Male,Guardian,-0.113333333,33,0,4,tablet,"Over the past few months, chats with relatives using social media app, average daily use around 4 hours per day. they pretend not to be online but we found them streaming at night.",0,Medium
18,Female,Guardian,-0.116666667,25,0,1,laptop,"I am concerned because active in sports and uses social media minimally, typically about 1 hours per day. this behavior started a few months ago. ",0,Low
15,Female,Mother,-0.006666667,27,0,2,smartphone,"Over the past few months, watches short videos before bed but wakes up fine; daily use about 2 hours per day. Manage studies of school and classes.",0,Low
11,Female,Guardian,0.266666667,23,0,2,smartphone,"The child under my care uses social media for 2 hours per day, mostly for learning purposes. Routine and studies are not affected.",0,Low
10,Female,Father,-0.038888889,23,0,1,smartphone,"As a parent, I have observed that chats with relatives and uses social media responsibly; average daily use around 1 hours per day. ",0,Low
12,Female,Father,0.033333333,28,0,6,smartphone,I am concerned because my 12-year-old uses social media about 6 hours per day(s) after school and seems to doesn't  manage studies. which is impacting behavior and routine.,0,High
18,Male,Guardian,-0.066666667,29,0,2,laptop,I am concerned because she watches a few videos for entertainment but stops when we ask; daily use about 2 hours per day. and it is affecting daily life.,0,Low
11,Female,Mother,-1,50,6,9,smartphone,It has become clear that we as a family noticed that my parent reports that their 11-year-old son spends about 9 hours per day on social media and has stopped doing homework. and this worries me as a parent. Situation is escalating with daily conflicts and emotional distress. ,0.12,High
14,Male,Mother,0.083333333,23,0,9,smartphone,"As a parent, I have observed that uses apps mainly for entertainment; 9 hours per dayeach day. and it is affecting daily life.",0,High
14,Male,Mother,0.033333333,21,1,8,laptop,My son uses social media for about 8 hours per day and refuses to follow screen-time rules. He seems socially withdrawn,0.045454545,High
10,Male,Mother,0.1,27,0,1,smartphone,It has become clear that he plays on the weekend and finishes homework ; screen time 1 hours per dayon average.for now this is not a concern,0,Low
18,Female,Guardian,-0.055555556,27,0,7,tablet,"My daughter uses social media for nearly 7 hours per day, mostly late at night. She struggles to wake up on time and shows fatigue during school",0,High
15,Female,Mother,-0.225,33,4,9,tablet,"Over the past few months, he got into arguments and panic attacks when we tried to limit phone time; online use close to 9 hours per day. and I feel intervention is needed.",0.117647059,High
13,Female,Guardian,0.261111111,17,0,1,smartphone,"My daughter spends roughly 1  on social media, watching educational and creative content. Screen-time limits are followed",0,Low
18,Female,Guardian,-0.066666667,34,1,2,smartphone,I am concerned because she watches a few videos for entertainment but stops when we ask; daily use 2 hours per day. recently their teacher informed me this. and I feel intervention is needed.,0.028571429,Low
16,Male,Father,-0.116666667,28,1,4,smartphone,I am worried that they cancel family activities to be online and avoid offline friends; daily social media time roughly 4 hours per day. and it seems unhealthy.,0.034482759,Medium
17,Female,Mother,-0.041666667,25,0,2,laptop,"It has become clear that active in sports and uses social media minimally, typically about 2 hours per day. which is impacting behavior and routine.",0,Low
15,Male,Mother,-0.1,26,1,9,smartphone,I am concerned because shows withdrawal and aggression when challenged about screen time; spends roughly 9 hours per dayonline. and this worries me as a parent.,0.037037037,High
16,Female,Father,0.116666667,24,0,2,tablet,"My daughter uses social media for around 2 hours per day, mainly for school projects and communication with classmates. No negative impact on behavior.",0,Low
11,Female,Mother,0.033333333,42,1,7,tablet,"As a parent, I have observed that has a daily two-hour limit and respects it most of the time; uses around 7 hours per day. they pretend not to be online but we found them streaming at night. and it seems unhealthy.",0.023255814,High
18,Male,Mother,-1,40,8,11,smartphone,Lately I have noticed that he plays games with strangers.spends roughly 11 hours per dayonline. recently their teacher informed me about this. which is impacting behavior and routine. Situation is escalating with compulsive checking and loss of control.,0.2,High
14,Male,Mother,-0.25,28,1,2,smartphone,Lately I have noticed that plays online with friends but stops for chores and family time; usually 2 hours per day. this behavior started a few months ago. ,0.034482759,Low
12,Female,Father,0.077777778,32,3,4,laptop,It has become clear that my 12-year-old skips school or is frequently absent because of meeting people from social media. usage around 4 hours per day. and I feel intervention is needed.,0.090909091,Medium
14,Female,Guardian,0.026666667,43,2,8,smartphone,It has become clear that posts and takes part in dangerous online challenges and then got reprimanded at school; they use social media about 8 hours per day. it has become a concern. more frequently than before and I feel intervention is needed.,0.045454545,High
17,Male,Mother,0.05,29,1,9,smartphone,"I am concerned because has lost interest in hobbies and isolates themselves, glued to the phone for nearly 9 hours per dayeach day. and it is affecting daily life.",0.033333333,High
12,Female,Guardian,-0.1,23,0,2,smartphone,I am concerned because she watches a few videos for entertainment but stops when we ask; daily use about 2 hours per day.,0,Low
12,Female,Mother,0,35,3,5,laptop,"As a parent, I have observed that he got into arguments and panic attacks when we tried to limit phone time; online use close to 5 hours per day. and it is affecting daily life.",0.083333333,Medium
18,Male,Father,-0.183333333,31,2,8,tablet,"As a parent, I have observed that uses social media to entertainment works without managing studies; estimated 8 hours per day. the child hides their screen time. and it seems unhealthy.",0.0625,High
18,Male,Mother,-0.225,30,0,4,laptop,"Over the past few months, takes the phone to school and uses it in classes; i estimate 4 hours per day including school hours. which is impacting behavior and routine.",0,Medium
10,Male,Father,0.0875,30,0,1,smartphone,It has become clear that my 10-year-old uses social media about 1 hours per day(s) after school and seems to manage studies fine. this behavior started a few months ago.,0,Low
17,Male,Mother,-1,34,8,11,smartphone,My daughter spends roughly 8 hours per day browsing social media. She shows mild distraction during studies but overall keeps a routine. Situation is escalating with compulsive checking and loss of control. ,0.235294118,High
14,Female,Mother,-0.079166667,38,1,5,smartphone,"Over the past few months, we as a family noticed that my 14-year-old daughter refuses to leave her room and has lost weight, spending nearly 5 hours per dayon social platforms. and this worries me as a parent.",0.025641026,Medium
10,Male,Guardian,0.033333333,31,0,2,smartphone,"As a parent, I have observed that my parent reports that their 10-year-old son spends 2 hours per day on social media and but manage his studies well with her friends.",0,Low
14,Female,Mother,0.112121212,23,1,2,laptop,"My daughter play live games and watch short videos for entertainment purpose,but not addicted for now. using about 2 hours per dayevery day. ",0.041666667,Low
11,Male,Guardian,0.044444444,31,2,1,smartphone,I am worried that my 11-year-old skips school or is frequently absent because of meeting people from social media. usage around 1 hours per day. and it is affecting daily life.,0.0625,Low
16,Female,Mother,0.225,25,0,2,smartphone,"As a parent, I have observed that my 16-year-old uses social media about 2 hours per day(s) after school and seems to manage studies fine. ",0,Low
12,Female,Guardian,-0.133333333,37,4,4,laptop,Lately I have noticed that she lies her screen time and sneaks out to use social apps every evening; i'd estimate 4 hours per day. the child hides their screen time. and I feel intervention is needed.,0.105263158,Medium
12,Female,Father,-0.022222222,39,1,7,smartphone,I am worried that they cancel family activities to be online and avoid offline friends; daily social media time roughly 7 hours per day. we have tried setting limits but it doesn't help. and I feel intervention is needed.,0.025,High
11,Female,Mother,-1,41,8,11,tablet,"Lately I have noticed that my 11-year-old daughter refuses to leave her room and has lost weight, spending nearly 11 hours per dayon social platforms. and it seems unhealthy. Situation is escalating with compulsive checking and loss of control.",0.195121951,High
10,Female,Mother,0.066666667,35,2,5,tablet,"As a parent, I have observed that my 10-year-old skips school or is frequently absent because of meeting people from social media. usage around 5 hours per day. and this worries me as a parent.",0.055555556,Medium
17,Female,Guardian,0.170833333,19,0,2,smartphone,"My daughter spends roughly 2 hours per dayon social media, watching educational and creative content. Screen-time limits are followed",0,Low
15,Female,Mother,0.066666667,31,2,6,smartphone,I am concerned because my 15-year-old skips school or is frequently absent because of meeting people from social media. usage around 6 hours per day. which is impacting behavior and routine.,0.0625,High
14,Female,Guardian,-0.133333333,24,0,2,smartphone,Lately I have noticed that my parent reports that their 14-year-old daughter spends about 2 hours per day on social media but doing homework. ,0,Low
12,Male,Guardian,0.116666667,24,0,2,laptop,"My son uses social media for around 2 hours per day, mainly for school projects and communication with classmates. No negative impact on behavior",0,Low
12,Female,Guardian,-0.021212121,38,5,8,smartphone,"I am worried that the child has become secretive, has new friends only online, and avoids family time  using devices about 8 hours per day. this behavior started a few months ago. and I feel intervention is needed.",0.128205128,High
10,Male,Mother,0.05,40,2,4,tablet,"I am concerned because mood swings happen , tied to social media; screen time about 4 hours per day. they pretend not to be online but we found them streaming at night. grades dropped significantly,which is becoming a serious concern.",0.048780488,Medium
16,Female,Guardian,-0.0375,27,2,3,tablet,Lately I have noticed that checks social media during study period.overall 3 hours per day. the child hides their screen time. which is becoming a serious concern.,0.071428571,Medium
17,Female,Guardian,-0.15,33,3,5,smartphone,Lately I have noticed that stays up all night messaging strangers and is depressed; daily screen time around 5 hours per day. it has become a concern. and I feel intervention is needed.,0.088235294,Medium
13,Male,Mother,0.166666667,23,0,1,smartphone,I am concerned because posts occasionally and keeps healthy offline relationships; daily use close to 1 hours per day. the child manage studies.,0,Low
12,Female,Mother,-0.094444444,30,1,2,laptop,It has become clear that uses tablet for learning and occasional social media browsing; roughly 2 hours per day. this behavior started a few months ago. and it seems unhealthy.,0.032258065,Low
18,Male,Father,-0.1375,31,0,6,smartphone,"As a parent, I have observed that open about screen time and follows rules set by parents; daily average approximately 1.6 hours per day. and this worries me as a parent.",0,High
10,Female,Mother,-0.026060606,34,2,7,smartphone,"It has become clear that addicted to play live games on social media apps, using  about 7 hours per dayeach day. recently their teacher informed me about this. and I feel intervention is needed.",0.057142857,High
11,Female,Mother,0.066666667,35,2,6,smartphone,"As a parent, I have observed that my 11-year-old skips school or is frequently absent because of meeting people from social media. usage around 6 hours per day. and this worries me as a parent.",0.055555556,High
18,Female,Father,0.058333333,32,4,9,laptop,I am worried that he got into arguments and panic attacks when we tried to limit phone time; online use close to 9 hours per day. which is becoming a serious concern.,0.121212121,High
17,Male,Mother,0.016666667,27,0,6,tablet,"I am worried that she cries non-stop if wi-fi is cut; used to be social, now online 6 hours per day. and it is affecting daily life.",0,High
15,Male,Father,-1,40,5,8,laptop,"Over the past few months, the child has new friends only online, and avoids family time using devices about 8  hours per day. which is impacting behavior and routine. Situation is escalating with severe anxiety and withdrawal symptoms. ",0.125,High
16,Female,Mother,0.177777778,22,0,2,smartphone,"My daughter???????s daily social media usage is around 2 hours per day, mostly on weekends. No impact on studies or behavior observed",0,Low
14,Male,Mother,-1,51,7,10,smartphone,I am worried that she lies about her screen time and sneaks out to use social apps every evening; i'd estimate 10 hours per day. we have tried setting limits but it doesn't help. and I feel intervention is needed. Situation is escalating with sleep disruption and academic decline.,0.137254902,High
14,Female,Father,0.038888889,30,1,7,smartphone,"As a parent, I have observed that she watches  videos for entertainment doesn't stops when we ask; daily use about 7 hours per day. which is becoming a serious concern.",0.032258065,High
14,Female,Guardian,0.229166667,26,0,2,smartphone,"As a parent, I have observed that posts occasionally and keeps healthy offline relationships; daily use close to 2 hours per day. Still manage studies fine.",0,Low
14,Female,Father,-0.056666667,33,2,6,laptop,Lately I have noticed that shows withdrawal and aggression when challenged about screen time; spends roughly 6 hours per dayonline. recently their teacher informed me about this. which is becoming a serious concern.,0.058823529,High
17,Female,Father,0.058333333,38,2,3,smartphone,It has become clear that we as a family noticed that my 17-year-old skips school or is frequently absent because of meeting people from social media. usage around 3 hours per day. and it is affecting daily life.,0.051282051,Medium
15,Male,Guardian,-0.15,29,1,3,smartphone,"As a parent, I have observed that sometimes stays up late. average use 3 hours per day. the child hides their screen time. and it is affecting daily life.",0.033333333,Medium
18,Female,Father,0.166666667,26,0,4,laptop,I am worried that posts occasionally and doen't keeps healthy offline relationships; daily use close to 4 hours per day. which is impacting behavior and routine.,0,Medium
16,Male,Father,-0.15,33,1,6,smartphone,"I am concerned because plays online with friends ,doesn't stops for chores and family time; usually 6 hours per day. this behavior started a few months ago. and it is affecting daily life.",0.029411765,High
13,Male,Mother,-0.088888889,28,1,4,tablet,Lately I have noticed that mood swings happen but they are not tied to social media; screen time 4 hours per day. and it is affecting daily life.,0.034482759,Medium
12,Male,Father,0.144444444,37,0,7,smartphone,It has become clear that rarely eats or sleeps because of continuous social apps and gaming; i think it's about 7 hours per day. i am worried about the long-term effects. which is impacting behavior and routine.,0,High
15,Male,Father,0.015,28,0,4,smartphone,"Over the past few months, as a parent, i have observed my 15-year-old son online until late at night; their grades dropped significantly. which is becoming a  concern.",0,Medium
12,Female,Mother,-0.05,34,2,7,smartphone,"As a parent, I have observed that streams frequently without  keeps good attendance; typically around 7 hours per dayof use. this behavior started a few months ago. and it seems unhealthy and serious concern.",0.057142857,High
12,Female,Father,0.025,48,2,9,smartphone,"As a parent, I have observed that posts and takes part in dangerous online challenges and then got reprimanded at school; they use social media 9 hours per day. we have tried setting limits but it doesn't help. more frequently than before which is becoming a serious concern.",0.040816327,High
13,Female,Father,0.166666667,28,1,2,laptop,"I am concerned because uses social apps to chat with classmates, but rarely misses sleep. i'd say around 2 hours per day. and I feel intervention is needed.",0.034482759,Low
17,Male,Mother,-0.15,35,0,8,smartphone,Lately I have noticed that open about screen time and follows rules set by parents; daily average approximately 8 hours per day. this behavior started a few months ago. and it is affecting daily life.,0,High
10,Male,Guardian,-0.088888889,36,0,4,smartphone,"Lately I have noticed that follows hobby pages and maintains a balanced routine, using social media about 4 hours per dayeach day. recently their teacher informed me about this. and this worries me as a parent.",0,Medium
10,Female,Father,-0.022222222,39,1,9,laptop,It has become clear that my parent reports that their 10-year-old daughter spends about 9 hours per day on social media and has stopped doing homework. this behavior started a few months ago. which is impacting behavior and routine.,0.025,High
13,Male,Guardian,0,27,1,4,smartphone,"As a parent, I have observed that shows withdrawal and aggression when challenged screen time; spends 4 hours per dayonline. and this worries me as a parent.",0.035714286,Medium
18,Female,Mother,0.016666667,37,0,10,tablet,I am worried that uses tablet for learning and occasional social media browsing; 10 hours per day. they pretend not to be online but we found them streaming at night. and this worries me as a parent.,0,Medium
13,Female,Guardian,-0.216666667,35,2,6,tablet,It has become clear that he becomes very angry and cries for hours when we take the phone away; he's spending roughly 6 hours per day on apps. and this worries me as a parent.,0.055555556,High
13,Male,Mother,0.266666667,23,0,2,smartphone,"he child under my care uses social media for 2 hours per day, mostly for learning purposes. Routine and studies are not affected.",0,Low
14,Female,Mother,0.081666667,33,0,6,smartphone,It has become clear that uses smartphone forgaming and  social media browsing; roughly 6 hours per day. Als their grades dropped significantly. it has become a concern. and it is affecting daily life.,0,High
16,Female,Father,0.266666667,25,1,2,smartphone,"My daughter???????s social media usage stays around 2 hours per day, mostly on creative content and school-related groups. She manages homework and family time well",0.038461538,Low
12,Male,Father,0.033333333,26,1,2,laptop,"As a parent, I have observed that my counselor reports that their 12-year-old son spends about 2 hours per day on social media but doing homework.",0.037037037,Low
18,Male,Father,-0.1,29,1,3,smartphone,"As a parent, I have observed that shows withdrawal and aggression when challenged about screen time; spends roughly 3 hours per dayonline. and this worries me as a parent.",0.033333333,Medium
13,Female,Mother,-1,38,9,12,tablet,"Over the past few months, she cries non-stop if wi-fi is cut; used to be social, now online roughly 12  hours per day. and it seems unhealthy. Situation is escalating with isolation from family and responsibilities. ",0.236842105,High
10,Female,Mother,0.033333333,26,0,6,tablet,"My daughter spends about 6 hours per day on social media. she becomes restless and irritable when asked to stop, and his homework is often incomplete",0,High
12,Male,Mother,0.15,24,0,1,smartphone,"My son spends about 1 hours per day on social media, mainly to chat with his classmates.he finishes homework first and follows screen-time limits",0,Low
15,Male,Father,0.126666667,21,0,2,smartphone,"My son uses social media roughly 2 hours per day, mostly to watch educational videos. His studies and sleep are unaffected",0,Low
16,Male,Father,-0.283333333,40,4,8,laptop,"Over the past few months, he got into arguments and panic attacks when we tried to limit phone time; online use close to 8 hours per day. we have tried setting limits but it doesn't help. and it seems unhealthy.",0.097560976,High
17,Female,Mother,-0.141666667,30,3,7,smartphone,Lately I have noticed that my 17-year-old skips school or is frequently absent because of meeting people from social media. usage around 7 hours per day. and it seems unhealthy.,0.096774194,High
12,Male,Mother,-0.022222222,24,0,2,smartphone,I am concerned because uses tablet for learning and occasional social media browsing; roughly 2 hours per day. which is impacting behavior and routine.,0,Low
12,Female,Mother,1,42,2,2,smartphone,"Lately I have noticed that the child has become secretive, has new friends only online, using devices about 3 hours per day. and I feel intervention is needed. Child is now improving communication with family. ",0.047619048,Low
10,Male,Mother,0,36,0,9,laptop,"I have noticed reduced attention to studies, late-night phone usage, around 9 hours per day,and irritation when asked to stop. This pattern worries me as a parent and seems to be affecting my child's overall routin",0,High
18,Female,Guardian,-0.003333333,35,0,7,tablet,It has become clear that chats with relatives and uses social media irresponsibly; average daily use around 7 hours per day. recently their teacher informed me about this. and this worries me as a parent.,0,High
17,Female,Father,-0.066666667,34,2,7,laptop,I am concerned because stays up all night messaging strangers and is depressed; daily screen time around 7 hours per day. this behavior started a few months ago. and it is affecting daily life.,0.057142857,High
15,Male,Mother,0.177777778,17,0,2,smartphone,I am worried that streams occasionally yet keeps good attendance; typically around 2 hours per dayof use. ,0,Low
17,Male,Mother,-0.066666667,35,0,3,smartphone,Lately I have noticed that complains of boredom and uses social media to pass time; only around 3 hours per day. recently their teacher informed me about this. and this worries me as a parent.,0,Medium
14,Male,Guardian,-0.016666667,27,0,6,smartphone,"As a parent, I have observed that uses tablet for learning and occasional social media browsing; roughly 2.6 hours per day. and it is affecting daily life.",0,High
13,Female,Father,0.068181818,31,5,4,smartphone,"I am worried that the child has become secretive, has new friends only online, and avoids family time , using devices 4 hours per day. and I feel intervention is needed.",0.15625,Medium
11,Female,Father,-0.066666667,34,1,6,laptop,I am worried that rarely eats or sleeps because of continuous social apps and gaming; i think it's about 6 hours per day. this behavior started a few months ago. and it seems unhealthy.,0.028571429,High
10,Male,Father,0.266666667,25,1,2,smartphone,"My daughter???????s social media usage stays around 2 hours per day, mostly on creative content and school-related groups. She manages homework and family time well.",0.038461538,Low
10,Female,Mother,-0.066666667,39,1,7,smartphone,Lately I have noticed that using social apps to meet strangers and lying about their age  behavior started after being online for 7 hours per day/day. recently their teacher informed me about this. and it is affecting daily life.,0.025,High
15,Male,Father,0.011111111,38,1,9,laptop,"It has become clear that she cries non-stop if wi-fi is cut; used to be social, now online roughly  9 hours per day. we have tried setting limits but it doesn't help. and I feel intervention is needed.",0.025641026,High
13,Male,Guardian,0.166666667,21,0,2,smartphone,"My child follows screen-time limits and maintains a healthy daily routine, so this does not currently worry me as a parent",0,Low
12,Female,Mother,-0.022222222,37,1,8,tablet,I am concerned because they cancel family activities to be online and avoid offline friends; daily social media time roughly 8 hours per day. i am worried about the long-term effects. and I feel intervention is needed.,0.026315789,High
11,Male,Mother,0.170833333,31,2,4,tablet,It has become clear that my 11-year-old skips school or is frequently absent because of meeting people from social media. usage around 4 hours per day. which is becoming a  concern.,0.0625,Medium
18,Male,Father,0.068181818,40,4,6,smartphone,"As a parent, I have observed that the child has become secretive, has new friends only online, and avoids family time  using devices 6 hours per day. i am worried the long-term effects. and this worries me as a parent.",0.097560976,High
16,Female,Father,-0.15,35,2,8,smartphone,It has become clear that my 16-year-old uses social media about 8 hours per day(s) after school and seems to without manage studies. and it seems unhealthy and serious concern.this worried me as a parent,0.055555556,High
15,Male,Father,0.068181818,34,5,7,smartphone,"As a parent, I have observed that the child has become secretive, has new friends only online, and avoids family time  using devices about 7 hours per day. and I feel intervention is needed.",0.142857143,High
14,Female,Mother,0.008333333,25,0,1,laptop,I am worried that checks social media during short breaks but focuses on studies; overall 1 hours per day. and it is affecting daily life.,0,Low
10,Female,Mother,0.0125,35,1,8,smartphone,"Over the past few months, has a daily two-hour limit and respects it most of the time; uses around 8 hours per day. i am worried the long-term effects. and I feel intervention is needed.",0.027777778,High
11,Male,Guardian,-0.15,40,3,6,tablet,"Over the past few months, he got into arguments and panic attacks when we tried to limit phone time; online use close to 6 hours per day. recently their teacher informed me this. and this worries me as a parent.",0.073170732,High
15,Female,Father,-0.098511905,37,0,2,tablet,My child spends a daily average of approximately 2 hours per dayon social media. This usage has remained consistent over the past few months and is mostly limited to staying in touch with friends after completing schoolwork,0,Low
17,Male,Father,-0.4,30,1,8,smartphone,"As a parent, I have observed that takes the phone to school and uses it in classes; i estimate 8 hours per day including school hours. and it seems unhealthy.",0.032258065,High
13,Female,Mother,-0.143333333,41,0,7,smartphone,"My child spends a daily average of approximately 7 hours per dayon social media. This behavior started a few months ago and has gradually increased. I have noticed reduced attention to studies, late-night phone usage, and irritation when asked to stop.",0,High
10,Female,Mother,0.1,18,0,2,laptop,It has become clear that my 10-year-old  follows rules set by parent .usage around 2 hours per day.,0,Low
12,Female,Father,0.066666667,30,1,5,smartphone,"I am worried that my 12-year-old daughter refuses to leave her room and has lost weight, spending nearly 5 hours per dayon social platforms. which is impacting behavior and routine.",0.032258065,Medium
13,Female,Father,0.166666667,26,0,8,smartphone,I am concerned because posts occasionally and keeps healthy offline relationships; daily use close to 8 hours per day. and this worries me as a parent.,0,High
16,Male,Mother,-0.022222222,36,0,4,smartphone,"I am concerned because she cries non-stop if wi-fi is cut; used to be social, now online roughly 4 hours per day. recently their teacher informed me about this. and this worries me as a parent.",0,Medium
17,Male,Father,-0.075,36,4,8,laptop,It has become clear that started spending money on in-app purchases and ignoring household limits approximately 8 hours per dayof daily use. recently their teacher informed me about this. and this worries me as a parent.,0.108108108,High
10,Male,Father,-0.078409091,27,0,1,tablet,"Over the past few months, he play live games with his friends online use close to 1 hours per day. But manage his studis fine.balanced daily routine.",0,Low
14,Male,Mother,0.016666667,25,1,5,laptop,"As a parent, I have observed that checks social media during study period time; overall 5 hours per day. and I feel intervention is needed.",0.038461538,Medium
17,Male,Father,-0.133333333,24,0,2,smartphone,Lately I have noticed that my parent reports that their 17-year-old daughter spends about 2 hours per day on social media but  doing homework.,0,Low
10,Male,Father,0.054166667,32,1,5,smartphone,I am worried that watches short videos before bed but wakes up fine; daily use 5 hours per day. this behavior started a few months ago. and I feel intervention is needed.,0.03030303,Medium
10,Male,Mother,0.15,21,0,2,smartphone,"My  10 years old son's daily usage is around 2 hours per day, focused on educational content.he willingly stops when asked",0,Low
17,Male,Guardian,0.056666667,30,1,9,smartphone,"It has become clear that he watches videos on social media apps without  balanced routine, using social media about 9 hours per dayeach day. which is becoming a serious concern.",0.032258065,High
10,Male,Mother,-0.204166667,30,3,8,laptop,"Over the past few months, she lies about her screen time and sneaks out to use social apps every evening; i'd estimate 8 hours per day. and it seems unhealthy.",0.096774194,High
11,Male,Mother,0.094444444,19,0,1,smartphone,"My son uses social media for about 1 hours per day, usually under supervision. He shows healthy offline engagement",0,Low
12,Female,Guardian,0,17,0,2,smartphone,My daughter's usage stays around 2 hours per day and does not interfere with her daily responsibilities,0,Low
18,Female,Mother,0.033333333,17,0,1,laptop,"The child uses social media for about 1 hours per day, balanced with outdoor activities and studies.",0,Low
12,Female,Father,0.261111111,25,0,1,smartphone,My daughter uses social media for around 1 hours per day for creative inspiration. She willingly logs off when asked.manage her school and classes studies.,0,Low
15,Female,Mother,0,16,0,2,tablet,The child spends close to 2 hours per day communicating with classmates. She respects time restrictions.,0,Low
15,Male,Father,0.15,33,0,1,tablet,"As a parent, I have observed that rarely eats  because of  gaming; i think it's about 1 hours per day. recently their teacher informed me about this.but focus his school studies as well.",0,Low
12,Male,Father,-0.188888889,38,1,5,smartphone,I am concerned because posts and takes part in dangerous online challenges and then got reprimanded at school; they use social media about 5 hours per day. it has become a concern. and it is affecting daily life.,0.025641026,Medium
16,Female,Mother,-0.022222222,37,1,3,smartphone,"As a parent, I have observed that rarely eats or sleeps because of continuous social apps and gaming; i think it's about 3 hours per day. i am worried about the long-term effects. and it seems unhealthy.",0.026315789,Medium
11,Female,Father,0.078787879,40,4,9,smartphone,"It has become clear that the child has become secretive, has new friends only online, and avoids family time  using devices about 9 hours per day. i am worried about the long-term effects. and this worries me as a parent.",0.097560976,High
15,Male,Mother,0.033333333,37,2,7,laptop,It has become clear that stays up all night messaging strangers and is depressed; daily screen time around 7 hours per day. we have tried setting limits but it doesn't help. and it is affecting daily life.,0.052631579,High
16,Female,Father,-0.116666667,40,1,7,smartphone,"Over the past few months, has lost interest in hobbies and isolates themselves, glued to the phone for nearly  7 hours per dayeach day. we have tried setting limits but it doesn't help. and this worries me as a parent.",0.024390244,High
13,Male,Guardian,0.01,36,1,9,tablet,"Over the past few months, has a daily two-hour limit and respects it most of the time; uses around 9 hours per day. recently their teacher informed me about this. and I feel intervention is needed.",0.027027027,High
16,Male,Guardian,-0.133333333,39,1,3,tablet,Lately I have noticed that mood swings happen but they are not tied to social media; screen time about 3 hours per day. we have tried setting limits but it doesn't help. and this worries me as a parent.,0.025,Medium
11,Female,Guardian,-0.25,40,2,6,smartphone,I am concerned because he becomes very angry and cries for hours when we take the phone away; he's spending roughly 6 hours per day on apps. i am worried about the long-term effects. and it is affecting daily life.,0.048780488,High
18,Male,Mother,-0.095833333,40,4,6,smartphone,Lately I have noticed that he got into arguments and panic attacks when we tried to limit phone time; online use close to 6 hours per day. this behavior started a few months ago. which is becoming a serious concern.,0.097560976,High
13,Female,Guardian,0.225,29,0,5,laptop,I am concerned because my 13-year-old uses social media about 5 hours per day(s) after school and seems to manage studies fine. and this worries me as a parent.,0,Medium
14,Male,Father,-0.4,34,5,3,smartphone,"I am worried that my child hides their phone, deletes messages, and withdraws; screen time seems to be around 3 hours per dayevery day. the child hides their screen time. and it seems unhealthy.",0.142857143,Medium
12,Female,Guardian,0.033333333,33,0,1,smartphone,It has become clear that complains of boredom and uses social media to pass time; only around 1 hours per day. recently their teacher informed me about this.but manage his studies as well.,0,Low
14,Female,Guardian,-0.15,31,0,2,smartphone,"As a parent, I have observed that he plays on the weekend and finishes homework during weekdays; screen time 2 hours per dayon average. and this worries me as a parent.",0,Low
12,Female,Father,-0.3,34,1,7,laptop,I am worried that takes the phone to school and uses it in classes; i estimate 7 hours per day including school hours. this behavior started a few months ago. and it seems unhealthy.,0.028571429,High
14,Male,Mother,0.0875,20,0,2,tablet,"My son;s daily social media usage is around 2 hours per day, mainly during weekends. No negative behavioral changes observed.",0,Low
18,Male,Mother,-0.05,27,1,5,laptop,Lately I have noticed that has a daily two-hour limit and respects it most of the time; uses around 5 hours per day. and it seems unhealthy.,0.035714286,Medium
15,Male,Guardian,-0.083333333,30,1,4,smartphone,"Over the past few months, uses phone  for learning and occasional social media browsing; 4 hours per day. the child hides their screen time. and it is affecting daily life.",0.032258065,Medium
12,Female,Guardian,-0.130952381,30,1,6,smartphone,"Over the past few months, uses tablet for gaming and occasional social media browsing; roughly 6 hours per day. recently their teacher informed me about this. and it seems unhealthy.",0.032258065,High
14,Female,Guardian,-1,54,9,12,smartphone,"It has become clear that uses social apps to chat with classmates, but  misses sleep. i'd say around 12 hours per day. they pretend not to be online but we found them streaming at night. and this worries me as a parent. Situation is escalating with isolation from family and responsibilities.",0.166666667,High
15,Male,Mother,0.008333333,28,1,8,smartphone,It has become clear that rarely eats or sleeps because of continuous social apps and gaming; i think it's about 8 hours per day. and it seems unhealthy.,0.034482759,High
13,Male,Mother,-0.161111111,25,1,5,laptop,"Over the past few months, chats with relatives and uses social media responsibly; average daily use around 5 hours per day. and it seems unhealthy.",0.038461538,Medium
15,Female,Mother,0.054166667,33,0,8,smartphone,I am concerned because watches short videos before bed but wakes up fine; daily use about 8 hours per day. this behavior started a few months ago. which is impacting behavior and routine.,0,High
10,Male,Father,0.033333333,46,2,8,smartphone,"As a parent, I have observed that using social apps to meet strangers and lying their age  behavior started after being online for 8 hours per day/day. they pretend not to be online but we found them streaming at night. and I feel intervention is needed.",0.042553191,High
11,Male,Father,-0.088888889,37,0,6,laptop,"As a parent, I have observed that active in sports and uses social media minimally, typically about 6 hours per day. we have tried setting limits but it doesn't help. and this worries me as a parent.",0,High
17,Male,Guardian,0.033333333,27,1,2,smartphone,I am concerned because uses social media to coordinate group study sessions and is polite online; estimated 2 hours per day. and I feel intervention is needed.,0.035714286,Low
14,Male,Mother,0.066666667,17,1,1,tablet,My son spends nearly 1 hours per day on social platforms without affecting schoolwork or family time.,0.055555556,Low
12,Female,Guardian,0.038888889,32,1,4,smartphone,Lately I have noticed that watches short videos before bed but wakes up fine; daily use 4 hours per day. i am worried the long-term effects. which is becoming a serious concern.,0.03030303,Medium
12,Female,Mother,0.261111111,20,0,2,smartphone,My daughter uses social media for around 2 hours per day for creative inspiration. She willingly logs off when asked.,0,Low
14,Male,Father,0,23,0,1,smartphone,"The child spends close to 1 hours per day communicating with classmates. He respects time restrictions,but im worrying about him as a father.",0,Low
15,Female,Mother,-0.283333333,32,1,4,smartphone,I am worried that posts and takes part in dangerous online challenges and then got reprimanded at school; they use social media 4 hours per day. which is impacting behavior and routine.,0.03030303,Medium
11,Male,Father,-1,38,6,9,laptop,Lately I have noticed that complains of boredom and uses social media to pass time; only around 9 hours per day. which is impacting behavior and routine. Situation is escalating with daily conflicts and emotional distress. ,0.157894737,High
11,Female,Guardian,0.163257576,31,0,2,smartphone,It has become clear that my child play live games on facebook;mange studies fine. screen time seems to be around 2 hours per dayevery day. and it is affecting daily life.,0,Low
15,Male,Mother,-0.022222222,26,1,4,smartphone,I am worried that rarely eats or sleeps because of continuous social apps and gaming; i think it's 4 hours per day. and it seems unhealthy.,0.037037037,Medium
15,Female,Father,0.05,31,1,7,laptop,"As a parent, I have observed that borrowed money for subscriptions and cannot stop social media app usage continues for 7 hours per dayevery day. which is becoming a serious concern.",0.03125,High
14,Female,Guardian,0.047916667,36,2,5,smartphone,"Lately I have noticed that as a parent, i have observed my 14-year-old son online until 3 or 4 am; their grades dropped significantly. the child hides their screen time. which is becoming a serious concern.",0.054054054,Medium
14,Male,Father,0.023809524,35,1,4,tablet,"Over the past few months, posts occasionally and keeps healthy offline relationships; daily use close to 4 hours per day. we have tried setting limits but it doesn't help. which is becoming a serious concern.",0.027777778,Medium
10,Female,Mother,-0.175,35,4,5,tablet,"Over the past few months, started spending money on in-app purchases and ignoring household limits  approximately 5 hours per dayof daily use. this behavior started a few months ago. and it is affecting daily life.",0.111111111,Medium
12,Female,Guardian,0.2,29,0,5,smartphone,"It has become clear that posts occasionally and keeps healthy offline relationships; sometimes missed studies,daily use close to 5 hours per day. and this worries me as a parent.",0,Medium
10,Female,Guardian,-0.088888889,32,1,6,smartphone,Lately I have noticed that my parent reports that their 10-year-old son spends about 6 hours per day on social media and has stopped doing homework. and it is affecting daily life.,0.03030303,High
11,Male,Mother,-1,41,6,9,smartphone,"It has become clear that as a parent, i have observed my 11-year-old son online until  4 am; their grades dropped significantly. which is impacting behavior and routine. Situation is escalating with daily conflicts and emotional distress. ",0.146341463,High
13,Female,Mother,-0.15,34,1,8,laptop,It has become clear that borrowed money for subscriptions and cannot stop  usage continues for about 8 hours per dayevery day. we have tried setting limits but it doesn't help. and it seems unhealthy.,0.028571429,High
18,Female,Guardian,0.0625,33,2,5,smartphone,I am concerned because we as a family noticed that my 18-year-old  frequently absent because of meeting people from social media. usage around 5 hours per day. which is becoming a serious concern.,0.058823529,Medium
16,Female,Mother,0.1,34,1,8,tablet,"I am concerned because has lost interest in hobbies and isolates themselves, glued to the phone for nearly 8 hours per dayeach day. it has become a concern. which is impacting behavior and routine.",0.028571429,High
18,Female,Guardian,-0.15,27,0,3,tablet,Lately I have noticed that  cannot stop  usage continues for about 3 hours per dayevery day. it has become a concern. and it is affecting daily life.,0,Medium
16,Male,Mother,-0.141666667,35,2,6,smartphone,Lately I have noticed that mood swings happen and tied to social media; screen time about 6 hours per day. and it seems unhealthy and seroius concern.i want to support to get action for it.,0.055555556,High
13,Female,Mother,0.177777778,29,2,7,smartphone,I am worried that streams occasionally yet keeps good attendance; typically around 7 hours per dayof use. the child hides their screen time. and I feel intervention is needed.,0.066666667,High
10,Female,Father,-0.25,26,2,6,laptop,I am concerned because plays online with friends but stops for chores and family time; usually 6 hours per day. and I feel intervention is needed.,0.074074074,High
16,Female,Guardian,-0.115909091,39,5,5,smartphone,"As a parent, I have observed that the child has become secretive, has new friends only online, and avoids family time  using devices about 5 hours per day. this behavior started a few months ago. and it seems unhealthy.",0.125,Medium
10,Male,Mother,-0.025,29,0,2,smartphone,It has become clear that she watches a few videos for entertainment but stops when we ask; daily use 2 hours per day. and it is affecting daily life.,0,Low
18,Female,Guardian,-0.65,37,2,5,smartphone,I am worried that he becomes very angry and cries for hours when we take the phone away; he's spending 5 hours per day on apps. it has become a concern. which is impacting behavior and routine.,0.052631579,Medium
11,Female,Father,-0.06,32,3,8,laptop,"Over the past few months, she lies about her screen time and sneaks out to use social apps every evening; i'd estimate 8 hours per day. which is becoming a serious concern.",0.090909091,High
11,Male,Mother,-0.155555556,20,0,6,tablet,"My son uses social media around 6 hours per day and reacts angrily when devices are removed,also declining academic performance.",0,High
10,Male,Father,-0.023333333,33,0,4,laptop,I am worried that chats with relatives and uses social media responsibly; average daily use around 4 hours per day. recently their teacher informed me about this. and it is affecting daily life.,0,Medium
16,Female,Guardian,0.1,27,1,5,smartphone,It has become clear that borrowed money for subscriptions and cannot stop  usage continues for about 5 hours per dayevery day. and I feel intervention is needed.,0.035714286,Medium
12,Male,Guardian,0,29,0,2,smartphone,"Over the past few months, my 12-year-old uses social media about 2 hours per day(s) after school and seems to manage studies fine. and it is affecting daily life.",0,Low
11,Male,Mother,0.066666667,30,2,4,smartphone,"I am concerned because my 11-year-old daughter refuses to leave her room and has lost weight, spending nearly 4 hours per dayon social platforms. and I feel intervention is needed.",0.064516129,Medium
13,Male,Guardian,-0.222222222,30,2,8,smartphone,Lately I have noticed that my parent reports that their 13-year-old daughter spends about 8 hours per day on social media and has stopped doing homework. and it seems unhealthy.,0.064516129,High
18,Male,Guardian,-1,42,6,9,laptop,I am concerned because my 18-year-old skips school or is frequently absent because of meeting people from social media. usage around 9 hours per day. which is impacting behavior and routine. Situation is escalating with daily conflicts and emotional distress. ,0.142857143,High
10,Male,Mother,-0.083333333,37,0,7,smartphone,"As a parent, I have observed that she cries non-stop if wi-fi is cut; used to be social, now online 7 hours per day. this behavior started a few months ago. which is impacting behavior and routine.",0,High
17,Female,Mother,0.0875,20,0,2,smartphone,"My daughter???????s daily social media usage is around 2 hours per day, mainly during weekends. No negative behavioral changes observed",0,Low
17,Male,Mother,-0.138888889,26,1,4,laptop,"Over the past few months, he uses social app around 4 hours per day. the child hides their screen time. which is impacting behavior and routine.",0.037037037,Medium
10,Male,Guardian,0.077777778,32,1,5,smartphone,"It has become clear that my 10-year-old daughter refuses to leave her room and has lost weight, spending nearly 5 hours per dayon social platforms. and this worries me as a parent.",0.03030303,Medium
10,Female,Guardian,-0.141666667,26,1,2,tablet,It has become clear that open about screen time and follows rules set by parents; daily average approximately 2 hours per day. and it seems unhealthy.,0.037037037,Low
18,Female,Guardian,-0.083333333,37,0,4,tablet,I am concerned because he plays on the weekend and finishes homework during weekdays; screen time roughly 4 hours per dayon average. we have tried setting limits but it doesn't help. and it is affecting daily life.,0,Medium
15,Female,Mother,-0.188888889,33,1,8,smartphone,I am concerned because posts and takes part in dangerous online challenges and then got reprimanded at school; they use social media about 8 hours per day. and it is affecting daily life.,0.029411765,High
17,Male,Mother,0,29,0,5,smartphone,I am concerned because takes the phone to school and uses it in classes; i estimate 5 hours per day including school hours. which is impacting behavior and routine.,0,Medium
17,Female,Father,0.044444444,18,0,2,smartphone,"The child spends approximately 2 hours per day on social platforms, mostly after homework. Usage is well controlled.",0,Low
12,Male,Guardian,0.033333333,29,0,2,laptop,The child spends close to 2 hours per day on social platforms to follow science and knowledge-based pages in social media apps. No signs of overuse have been observed,0,Low
18,Female,Guardian,0.033333333,38,3,5,smartphone,I am concerned because she lies about her screen time and sneaks out to use social apps every evening; i'd estimate 5 hours per day. the child hides their screen time. and this worries me as a parent.,0.076923077,Medium
18,Male,Mother,0.177777778,20,0,1,tablet,I am worried about my son that streams occasionally yet keeps good attendance; typically around 1 hours per dayof use.,0,Low
11,Male,Mother,-0.083333333,27,1,8,tablet,"Over the past few months, borrowed money for subscriptions and cannot stop  usage continues for about 8 hours per dayevery day. which is becoming a serious concern.",0.035714286,High
15,Male,Guardian,-0.2375,32,1,4,smartphone,Lately I have noticed that he plays on the weekend and finishes homework during weekdays; screen time roughly 4 hours per dayon average. it has become a concern. and it seems unhealthy.,0.03030303,Medium
13,Male,Mother,-1,44,7,10,smartphone,I am concerned because sometimes stays up late but recovers the next day; average use about 10 hours per day. i am worried about the long-term effects. and it is affecting daily life. Situation is escalating with sleep disruption and academic decline. ,0.159090909,High
16,Female,Mother,0.241666667,29,1,5,laptop,I am worried that my parent reports that their 16-year-old son spends 5 hours per day on social media and has stopped doing homework. which is becoming a  concern.,0.033333333,Medium
11,Female,Guardian,-0.066666667,36,3,3,smartphone,I am worried that my 11-year-old skips school or is frequently absent because of meeting people from social media. usage around 3 hours per day. recently their teacher informed me about this. and it seems unhealthy.,0.081081081,Medium
13,Female,Guardian,0.05,44,3,9,smartphone,I am concerned because she lies about her screen time and sneaks out to use social apps every evening; i'd estimate 9 hours per day. they pretend not to be online but we found them streaming at night. which is becoming a serious concern.,0.066666667,High
17,Female,Father,-0.06,28,1,6,smartphone,"Over the past few months, uses social apps to chat with classmates,also she misses sleep. i'd say around 6 hours per day. which is becoming a serious concern.",0.034482759,High
10,Female,Mother,-1,43,8,11,laptop,"As a parent, I have observed that my 10-year-old daughter refuses to leave her room and has lost weight, spending nearly 11 hours per dayon social platforms. and it seems unhealthy. Situation is escalating with compulsive checking and loss of control. ",0.186046512,High
17,Male,Father,-0.133333333,24,2,9,tablet,It has become clear that shows withdrawal and aggression when challenged about screen time; spends roughly 9 hours per dayonline. and it seems unhealthy.,0.08,High
16,Female,Father,0.026666667,25,1,2,laptop,"Over the past few months, my 16-year-old daughter spending nearly 2 hours per dayon social platforms. which is becoming a  concern.but she manage her studies.",0.038461538,Low
13,Male,Father,0.227777778,25,0,2,smartphone,"My son uses social media for about 2 hours per day, mostly to stay updated with school groups. His attention span and discipline remain normal",0,Low
17,Male,Guardian,-0.055555556,31,1,5,smartphone,"Lately I have noticed that my 17-year-old son refuses to leave his  room , spending nearly 5 hours per dayon social platforms. which is impacting behavior and routine.",0.03125,Medium
10,Female,Mother,0.1,33,0,2,smartphone,"My daughter uses social media for about 2 hours per day, mainly to chat with her school friends after homework. She stops using her phone when reminded and shows no signs of dependency",0,Low
16,Female,Mother,0.068181818,31,5,8,smartphone,"I am concerned because the child has become secretive, has new friends only online, and avoids family time using devices about 7-8 hours per day. and I feel intervention is needed.",0.15625,High
17,Female,Father,-0.083333333,37,0,9,laptop,"As a parent, I have observed that follows hobby pages and maintains a balanced routine, using social media about 9 hours per dayeach day. this behavior started a few months ago. which is impacting behavior and routine.",0,High
15,Male,Guardian,-0.083333333,35,0,8,smartphone,"Over the past few months, complains of boredom and uses social media to pass time; only around 8 hours per day. recently their teacher informed me about this. and this worries me as a parent.",0,High
16,Female,Mother,0.010606061,38,5,7,smartphone,"I am worried that the child has become secretive, has new friends only online, and avoids family time using devices about 7 hours per day. this behavior started a few months ago. which is becoming a serious concern.",0.128205128,High
10,Male,Guardian,0.044444444,36,1,2,laptop,I am worried that rarely eats or sleeps because of continuous social apps and gaming; i think it's about 2 hours per day. this behavior started a few months ago. and I feel intervention is needed.,0.027027027,Low
17,Male,Mother,0.136363636,27,1,1,smartphone,"My son play facebook live games  with online friends using his phone about 1 hours per day,but he managed his studies.and this worries me as a parent.",0.035714286,Low
11,Female,Guardian,-0.066666667,36,1,9,tablet,"Lately I have noticed that has lost interest in hobbies and isolates themselves, glued to the phone for nearly 9 hours per dayeach day. i am worried the long-term effects. and it is affecting daily life.",0.027027027,High
15,Female,Guardian,0.333333333,24,0,2,tablet,my daughter uses apps mainly for tutorials and study material; about 2 hours per dayeach day.I worried about her because its affecting her healthy,0,Low
14,Female,Guardian,-0.088888889,25,0,4,smartphone,"I am concerned because active in sports and uses social media minimally, typically about 4 hours per day. and this worries me as a parent.",0,Medium
12,Female,Mother,-0.09,35,1,4,smartphone,It has become clear that open about screen time and follows rules set by parents; daily average approximately 4 hours per day. the child hides their screen time. and this worries me as a parent.,0.027777778,Medium
14,Male,Mother,-0.116666667,28,2,5,smartphone,I am worried that uses apps mainly for tutorials and study material; about 5 hours per dayeach day. the child hides their screen time. and it seems unhealthy.,0.068965517,Medium
16,Female,Father,-0.068939394,35,2,6,laptop,I am concerned because he plays live games of the social media .screen time roughly 6 hours per dayon average. the child hides their screen time. and it is affecting daily life and serious concern.,0.055555556,High
15,Male,Guardian,-0.125,28,0,3,smartphone,I am concerned because he plays on the weekend and finishes homework during weekdays; screen time roughly 3 hours per dayon average. which is impacting behavior and routine.,0,Medium
17,Male,Guardian,-0.141666667,37,1,4,tablet,"Lately I have noticed that active in sports and uses social media minimally, typically about.4 hours per day. they pretend not to be online but we found them streaming at night. and I feel intervention is needed.",0.026315789,Medium
10,Male,Father,0.366666667,21,0,1,tablet,My daughter spends about 1 hours per day on social media to share school updates. She maintains good focus on studies.,0,Low
16,Male,Father,-0.183333333,20,0,9,smartphone,My son uses social media approximately 9 hours per day and shows irritability when interrupted. His concentration level has reduced,0,High
12,Male,Father,-0.15,42,2,5,smartphone,Lately I have noticed that stays up all night messaging strangers and is depressed; daily screen time around 5 hours per day. they pretend not to be online but we found them streaming at night. and this worries me as a parent.,0.046511628,Medium
16,Female,Mother,0.195833333,26,0,1,laptop,"My daughter spends around 1 hours per day on social media, mostly watching educational and sports-related content. His school performance and daily routine are not affected.",0,Low
17,Male,Mother,0.211111111,31,1,2,smartphone,I am worried that uses social media to coordinate group study sessions and is polite online; estimated 2 hours per day. more frequently than before and I feel intervention is needed.,0.03125,Low
11,Male,Guardian,-0.016666667,46,0,8,smartphone,"As a parent, I have observed that they cancel family activities to be online and avoid offline friends; daily social media time roughly 8 hours per day. they pretend not to be online but we found them streaming at night. and it is affecting daily life.",0,High
18,Male,Mother,0.016666667,32,1,2,smartphone,"As a parent, I have observed that uses tablet for learning and occasional social media browsing; 2 hours per day. i am worried the long-term effects. and I feel intervention is needed.",0.03030303,Low
18,Male,Mother,-0.083333333,37,1,9,laptop,I am concerned because using social apps to meet strangers and lying their age  behavior started after being online for 9 hours per day/day. this behavior started a few months ago. which is impacting behavior and routine.,0.026315789,High
10,Female,Father,0.166666667,24,0,2,tablet,I am worried that posts occasionally and keeps healthy offline relationships; daily use close to 2 hours per day. it has become a concern. ,0,Low
11,Male,Father,0.175,25,1,5,laptop,"As a parent, I have observed that shows  aggression when challenged about screen time; spends roughly 5 hours per dayonline. which is becoming a  concern.",0.038461538,Medium
18,Female,Father,0.10995671,39,1,4,smartphone,I am concerned because uses tablet for learning and occasional social media browsing; in free time play live games in facebook 4 hours per day. i am worried the long-term effects. more frequently than before and it seems unhealthy.,0.025,Medium
11,Female,Guardian,0.195833333,26,0,2,smartphone,"My son spends around 2 hours per day on social media, mostly watching educational and sports-related content. His school performance and daily routine are not affected",0,Low
14,Female,Guardian,0.044444444,43,1,4,smartphone,"I am concerned because my 14-year-old daughter refuses to leave her room and has lost weight, spending nearly 4 hours per dayon social platforms. they pretend not to be online but we found them streaming at night. and it is affecting daily life.",0.022727273,Medium
13,Female,Father,0.044444444,30,1,4,smartphone,"I am concerned because my 13-year-old daughter refuses to leave her room and has lost weight, spending nearly 4 hours per dayon social platforms. and it is affecting daily life.",0.032258065,Medium
14,Male,Guardian,0.019949495,25,0,2,laptop,"Over the past few months, uses tablet for learning and occasional social media browsing; 2 hours per day.also play live games at his free time",0,Low
15,Female,Guardian,-0.183333333,28,1,5,smartphone,"As a parent, I have observed that uses social media to coordinate group study sessions and is polite online; estimated 5 hours per day. and it seems unhealthy.",0.034482759,Medium
16,Male,Father,-0.183333333,42,1,8,smartphone,Lately I have noticed that he plays on the weekend and finishes homework during weekdays; screen time roughly 8 hours per dayon average. they pretend not to be online but we found them streaming at night. and I feel intervention is needed.,0.023255814,High
10,Female,Guardian,-0.15,28,2,4,laptop,"Over the past few months, stays up all night messaging strangers and is depressed; daily screen time around 4 hours per day. which is impacting behavior and routine.",0.068965517,Medium
15,Male,Father,0.033333333,31,1,6,smartphone,I am concerned because using social apps to meet strangers and lying their age  behavior started after being online for 6 hours per day/day. and this worries me as a parent.,0.03125,High
14,Female,Mother,-0.3,22,0,2,tablet,Lately I have noticed that my 14-year-old play games.social media usage around 2 hours per day. But manage her studies as well,0,Low
13,Male,Guardian,0.166666667,24,0,2,smartphone,I am worried that uses apps mainly for tutorials and study material; about 2 hours per dayeach day. which is impacting behavior and routine.,0,Low
12,Male,Mother,0.033333333,28,0,4,smartphone,I am worried that uses social media to coordinate group study sessions and is polite online; estimated 4 hours per day. and this worries me as a parent.,0,Medium
15,Female,Father,-0.075,27,0,2,smartphone,It has become clear that open screen time and follows rules set by parents; daily average approximately 2 hours per day. and it is affecting daily life.,0,Low
14,Female,Mother,0.011111111,29,0,4,smartphone,I am concerned because uses tablet for learning and occasional social media browsing; 4 hours per day. i am worried the long-term effects. and it is affecting daily life.,0,Medium
11,Female,Father,0.073333333,35,1,4,laptop,I am concerned because my 11-year-old uses social media about 4 hours per day(s) after school and seems to manage studies fine. this behavior started a few months ago. which is becoming a serious concern.,0.027777778,Medium
16,Male,Guardian,0,33,0,5,smartphone,I am worried that borrowed money for subscriptions and cannot stop  usage continues for about 5 hours per dayevery day. i am worried about the long-term effects. which is impacting behavior and routine.,0,Medium
10,Male,Mother,-0.083333333,34,2,5,smartphone,I am worried that mood swings happen but they are not tied to social media; screen time 5 hours per day. this behavior started a few months ago. and I feel intervention is needed.,0.057142857,Medium
18,Male,Father,0.033333333,31,1,5,laptop,I am worried that checks social media at most of the time without focusing studies; overall 5  hours per day. i am worried about the long-term effects. and it seems unhealthy.,0.03125,Medium
12,Female,Mother,-0.08,34,2,9,smartphone,"It has become clear that he becomes very angry and cries for hours when we take the phone away, using social media about 9 hours per dayeach day. which is becoming a serious concern.",0.057142857,High
18,Female,Father,-0.1,29,1,2,tablet,I am worried that she watches a few videos for entertainment but stops when we ask; daily use about 2 hours per day. and I feel intervention is needed.,0.033333333,Low
14,Female,Guardian,0.211111111,23,0,2,tablet,"My child spends nearly 2 hours per day on social platforms, mostly during weekends. She completes her studies and household responsibilities on time",0,Low
10,Female,Guardian,-0.038888889,30,0,3,smartphone,"As a parent, I have observed that chats with relatives and uses social media responsibly; average daily use around 3 hours per day. and this worries me as a parent.",0,Medium
11,Female,Mother,0.016666667,43,0,4,smartphone,"As a parent, I have observed that complains of boredom and uses social media to pass time; only around 4 hours per day. they pretend not to be online but we found them streaming at night. and this worries me as a parent.",0,Medium
12,Male,Father,-0.138888889,32,2,9,smartphone,"Over the past few months, my teacher reports that their 12-year-old daughter spends about 9 hours per day on social media and has stopped doing homework. and I feel intervention is needed.",0.060606061,High
14,Female,Father,-0.054545455,31,3,5,laptop,"Lately I have noticed that the child has has new friends only online, and avoids family time  using devices about 5 hours per day and this worries me as a parent.",0.09375,Medium
12,Female,Guardian,0,29,1,6,smartphone,I am concerned because takes the phone to school and uses it in classes; i estimate 6 hours per day including school hours. and I feel intervention is needed.,0.033333333,High
12,Female,Mother,-0.1,41,2,5,tablet,Lately I have noticed that stays up all night messaging strangers and is depressed; daily screen time around  5 hours per day. they pretend not to be online but we found them streaming at night. and it is affecting daily life.,0.047619048,Medium
12,Female,Father,-0.166666667,38,0,2,tablet,Lately I have noticed that she watches a few videos for entertainment but stops when we ask; daily use about 2 hours per day. i am worried about the long-term effects. and this worries me as a parent.,0,Low
10,Female,Mother,0.106818182,26,0,1,smartphone,"My daughter uses social media for about 1 hours per day, mainly in the evening. she interacts positively and does not show emotional distress when offline",0,Low
16,Male,Guardian,-1,36,7,10,smartphone,"Over the past few months, rarely eats because of continuous social media gaming; i think it's about 10 hours per day. and it seems unhealthy. Situation is escalating with sleep disruption and academic decline.",0.194444444,High
15,Female,Guardian,0.166666667,28,0,8,laptop,I am concerned because has a daily two-hour limit and respects it most of the time; uses around 8 hours per day. and it is affecting daily life.,0,High
18,Female,Guardian,-0.25,35,0,7,smartphone,Lately I have noticed that borrowed money for subscriptions and cannot stop  usage continues for about 7 hours per dayevery day. this behavior started a few months ago. and this worries me as a parent.,0,High
11,Male,Guardian,0.211111111,20,0,2,smartphone,"My child spends nearly 2 hours per day on social platforms, mostly during weekends. he completes her studies  on time.",0,Low
12,Male,Guardian,-0.103333333,28,1,4,smartphone,"Over the past few months, rarely eats or sleeps because of continuous social apps and gaming; i think it's about 4 hours per day. and it seems unhealthy.",0.034482759,Medium
18,Male,Mother,-0.073333333,38,1,5,laptop,It has become clear that they cancel family activities to be online and avoid offline friends; daily social media time roughly 5 hours per day. we have tried setting limits but it doesn't help. and it seems unhealthy.,0.025641026,Medium
12,Male,Father,-0.044444444,35,1,6,tablet,It has become clear that uses apps mainly for tutorials and study material; 6 hours per dayeach day. they pretend not to be online but we found them streaming at night. and it seems unhealthy.,0.027777778,High
16,Female,Mother,0.01,25,1,1,laptop,"Over the past few months, posts occasionally and keeps healthy offline relationships; daily use close to 1 hours per dayand I feel intervention is needed.",0.038461538,Low
10,Male,Guardian,-0.022222222,28,0,2,smartphone,I am worried that they cancel family activities to be online and but manage studies with his  offline friends; daily social media time roughly 2 hours per day.,0,Low
15,Male,Father,0.25,35,0,8,smartphone,I am concerned because has a daily two-hour limit and respects it most of the time; uses around 8 hours per day. i am worried about the long-term effects. which is impacting behavior and routine.,0,High
16,Female,Guardian,0.066666667,36,0,4,smartphone,"It has become clear that follows hobby pages and play games, using social media about 4 hours per dayeach day. we have tried setting limits but it doesn't help. and this worries me as a parent.",0,Medium
15,Male,Guardian,-0.01,31,2,6,smartphone,"Lately I have noticed that my 15-year-old son refuses to leave his room and has lost weight, spending nearly 6 hours per dayon social platforms. which is becoming a serious concern.",0.0625,High
18,Male,Father,-0.14,29,0,4,laptop,"Over the past few months, he plays on the weekend and finishes homework during weekdays; screen time roughly 4 hours per dayon average. and it is affecting daily life.",0,Medium
10,Male,Guardian,0,23,0,1,smartphone,"As a parent, I have observed that follows hobby pages and maintains a balanced routine,social media time usage around 1 hours per day.",0,Low
13,Male,Guardian,0.0375,34,1,1,smartphone,It has become clear that my 13-year-old uses social media about 1 hours per day(s) after school and seems to manage studies fine. i am worried about the long-term effects. and it seems unhealthy.,0.028571429,Low
15,Male,Mother,-0.35,31,2,9,laptop,Lately I have noticed that borrowed money for subscriptions and cannot stop  usage continues for about 9 hours per dayevery day. the child hides their screen time. and it seems unhealthy.,0.0625,High
15,Female,Mother,0.033333333,29,0,1,smartphone,"As a parent, I have observed that she using social apps and gaming; i think it's about 1 hours per day. which is impacting routine.but manage her studies well",0,Low
11,Male,Mother,0.106818182,26,0,1,tablet,"My son uses social media for about 1 hours per day, mainly in the evening. He interacts positively and does not show emotional distress when offline",0,Low
17,Female,Mother,0.066666667,30,2,5,tablet,"I am concerned because my 17-year-old daughter refuses to leave her room and has lost weight, spending nearly 5 hours per dayon social platforms. and I feel intervention is needed.",0.064516129,Medium
11,Female,Mother,-0.4,35,1,6,smartphone,"As a parent, I have observed that takes the phone to school and uses it in classes; i estimate 6 hours per day including school hours. it has become a concern. and it seems unhealthy.",0.027777778,High
13,Male,Mother,-0.053333333,31,0,4,smartphone,"I am concerned because active in sports and uses social media minimally, typically about 4 hours per day. recently their teacher informed me about this. and it is affecting daily life.",0,Medium
11,Female,Mother,0.2375,27,0,4,smartphone,"As a parent, I have observed that posts occasionally and keeps healthy offline relationships; daily use close to 4 hours per day. which is becoming a  concern.",0,Medium
13,Male,Guardian,0.05,36,1,3,laptop,"It has become clear that as a counselor, i have observed my 13-year-old daughter online for 4 hors per day.their grades dropped significantly. recently their teacher informed me about this. which is impacting behavior and routine.",0.027027027,Medium
11,Female,Guardian,-0.022222222,23,0,2,smartphone,The child under my supervision spends about 2 hours per day on social media during weekends only. Weekday usage is minimal and controlled,0,Low
16,Female,Father,-0.203333333,34,1,8,tablet,"Over the past few months, posts and takes part in dangerous online challenges and then got reprimanded at school; they use social media about 6-8 hours per day. and it is affecting daily life.",0.028571429,High
12,Male,Mother,-0.2125,30,2,2,tablet,I am concerned because sometimes stays up late but recovers the next day; average use about 2 hours per day. the child hides their screen time. and it seems unhealthy.,0.064516129,Low
17,Male,Mother,0.066666667,31,2,9,smartphone,I am concerned because my 17-year-old skips school or is frequently absent because of meeting people from social media. usage around 9 hours per day. which is impacting behavior and routine.,0.0625,High
14,Male,Father,-0.275,38,3,4,smartphone,It has become clear that he becomes very angry and cries for hours when we take the phone away; he's spending 4 hours per day on apps. it has become a concern. and I feel intervention is needed.,0.076923077,Medium
15,Female,Guardian,0.216666667,27,0,2,laptop,"The child under my care spends around 2 hours per day on social media, primarily for communicating with classmates. There are no behavioral or sleep issues noticed",0,Low
17,Male,Father,-0.01,31,2,3,smartphone,"Lately I have noticed that my 17-year-old daughter refuses to leave her room and has lost weight, spending nearly 3 hours per dayon social platforms. which is becoming a serious concern.",0.0625,Medium
11,Male,Mother,0.106818182,26,0,1,smartphone,"My son uses social media for about 1 hours per day, mainly in the evening. He interacts positively and does not show emotional distress when offline.",0,Low
12,Female,Guardian,0.108333333,29,0,7,smartphone,It has become clear that rarely eats or sleeps because of continuous social apps and gaming; i think it's 7 hours per day. and it is affecting daily life.,0,High
11,Female,Father,0,31,2,7,laptop,"As a parent, I have observed that stays up all night messaging strangers and is depressed; daily screen time around 7 hours per day. and this worries me as a parent.",0.0625,High
13,Female,Guardian,-0.19,31,2,5,tablet,I am concerned because open about screen time and follows rules set by parents; daily average approximately 5 hours per day. the child hides their screen time. and it seems unhealthy.,0.0625,Medium
17,Male,Guardian,0.016666667,29,0,5,laptop,I am worried that they cancel family activities to be online and avoid offline friends; daily social media time 5 hours per day. which is impacting behavior and routine.,0,Medium
17,Male,Guardian,-0.088888889,36,4,3,smartphone,It has become clear that she lies about her screen time and sneaks out to use social apps every evening; i'd estimate 3 hours per day. the child hides their screen time. and it seems unhealthy.,0.108108108,Medium
18,Male,Mother,-0.073333333,38,1,5,laptop,It has become clear that they cancel family activities to be online and avoid offline friends; daily social media time roughly 5 hours per day. we have tried setting limits but it doesn't help. and it seems unhealthy.,0.025641026,Medium
